{
  "uniform": {
    "num_layers": 93,
    "avg_usage": [
      0.2916666567325592,
      0.25537633895874023,
      0.20295698940753937,
      0.25
    ],
    "gini": 0.06787633895874023,
    "ranks": [
      8,
      8,
      8,
      8
    ]
  },
  "frequency": {
    "num_layers": 93,
    "avg_usage": [
      0.2715053856372833,
      0.2661290466785431,
      0.2110215127468109,
      0.25134408473968506
    ],
    "gini": 0.049059152603149414,
    "ranks": [
      9,
      8,
      7,
      8
    ]
  }
}