domain,image_id,sample_fingerprint,sha256,size_bytes
dense,images__val__0000001_02999_d_0000005.jpg,fc80a9305b38af026091cbe0a1d4cfe059964852253b93f01fee17b7443e5514,fc80a9305b38af026091cbe0a1d4cfe059964852253b93f01fee17b7443e5514,479237
dense,images__val__0000001_04527_d_0000008.jpg,74673492dafdaa226a76a63240b127c8c04ede388d250f51f51c9eed1bf01907,74673492dafdaa226a76a63240b127c8c04ede388d250f51f51c9eed1bf01907,387949
dense,images__val__0000001_05249_d_0000009.jpg,928dbbfea2fed8a461d5b81059da509169861e52bed4fb71876ed772848b0004,928dbbfea2fed8a461d5b81059da509169861e52bed4fb71876ed772848b0004,381086
dense,images__val__0000001_05499_d_0000010.jpg,5a0883d0e8773b0717c4e89e5719aeace55f1d8f14884984bab837a623a51732,5a0883d0e8773b0717c4e89e5719aeace55f1d8f14884984bab837a623a51732,388013
dense,images__val__0000001_05999_d_0000011.jpg,26cad57325bfedce8cf0ab69fa05992e2089d60e34f768d524c9cd2f4948ffd2,26cad57325bfedce8cf0ab69fa05992e2089d60e34f768d524c9cd2f4948ffd2,375802
dense,images__val__0000001_07999_d_0000012.jpg,31cb7d532a8a3519d1f715504690b835cba16571ce3cf0b6d7c4ee8eeefcddba,31cb7d532a8a3519d1f715504690b835cba16571ce3cf0b6d7c4ee8eeefcddba,434177
dense,images__val__0000001_08414_d_0000013.jpg,4b45f869b490c04ea79f5c09f9dde05fdaf59afbc337ae1210c463b00a120b9a,4b45f869b490c04ea79f5c09f9dde05fdaf59afbc337ae1210c463b00a120b9a,372706
dense,images__val__0000055_00000_d_0000109.jpg,a72316fd948a83b85f8bc9c3e353871dc77fd4918f1272bfe435b21d37fa4545,a72316fd948a83b85f8bc9c3e353871dc77fd4918f1272bfe435b21d37fa4545,66623
dense,images__val__0000086_01084_d_0000003.jpg,85ceb00280c7e5e460a8e08e58a88e40c3b0d3bd23f6be932369184c154f0a35,85ceb00280c7e5e460a8e08e58a88e40c3b0d3bd23f6be932369184c154f0a35,79788
dense,images__val__0000086_01443_d_0000004.jpg,7bd346f99f90a86e8df15c628e11b13416ccdbc75484ef420b09ff71d5446481,7bd346f99f90a86e8df15c628e11b13416ccdbc75484ef420b09ff71d5446481,97677
dense,images__val__0000086_01954_d_0000005.jpg,049628eddaff7c28796e229c55ad714a1b6001fe2b729874a7a9ab0d606fbcdc,049628eddaff7c28796e229c55ad714a1b6001fe2b729874a7a9ab0d606fbcdc,92267
dense,images__val__0000117_00112_d_0000087.jpg,967609af38e21b50d49fbbd7fcf361c618ce8bc2de6c310fdfb9ae6565f3b2b2,967609af38e21b50d49fbbd7fcf361c618ce8bc2de6c310fdfb9ae6565f3b2b2,92727
dense,images__val__0000117_02708_d_0000090.jpg,920d0a507ad335fb180259848c88c45f4e265012eb4438bb1d9f86c0cde98332,920d0a507ad335fb180259848c88c45f4e265012eb4438bb1d9f86c0cde98332,110937
dense,images__val__0000129_02411_d_0000138.jpg,a3a1cc6df6fa35b788feb027e9c64ee4484f4e2a9879f808ce3f50df8ab62e43,a3a1cc6df6fa35b788feb027e9c64ee4484f4e2a9879f808ce3f50df8ab62e43,328403
dense,images__val__0000154_01601_d_0000001.jpg,5701c1abb2849684bb43050741b1127e859d3b0ffd8e503b08a5702fd305c864,5701c1abb2849684bb43050741b1127e859d3b0ffd8e503b08a5702fd305c864,88439
dense,images__val__0000155_00001_d_0000001.jpg,54009fd44e5402b0b36f1ffa08b38fbbd1b1fe027ea133db7ec08f144b7a7041,54009fd44e5402b0b36f1ffa08b38fbbd1b1fe027ea133db7ec08f144b7a7041,98434
dense,images__val__0000155_00401_d_0000001.jpg,9f528863f40b14b8038c22255904e4d1f0692d10369087c4b75adcf093c9dcd2,9f528863f40b14b8038c22255904e4d1f0692d10369087c4b75adcf093c9dcd2,95685
dense,images__val__0000155_00801_d_0000001.jpg,14ddca2bf8bb88164a22408b512b76b342f8b628bc7bcc157b52ed35a136dda5,14ddca2bf8bb88164a22408b512b76b342f8b628bc7bcc157b52ed35a136dda5,101558
dense,images__val__0000193_01705_d_0000112.jpg,71f8a19e9c1e4582392bfd0253c08acb3dc095ae299ff69b64531866a34a0b3c,71f8a19e9c1e4582392bfd0253c08acb3dc095ae299ff69b64531866a34a0b3c,88134
dense,images__val__0000193_01876_d_0000113.jpg,ce665ff65f6603b96ec4067de37e02ea599185b17ef1218769088ee1fda826ce,ce665ff65f6603b96ec4067de37e02ea599185b17ef1218769088ee1fda826ce,88642
dense,images__val__0000194_00399_d_0000121.jpg,7187015e5cfa468e0fc06880149ea4c44933145915acd891caafda6d4decc51c,7187015e5cfa468e0fc06880149ea4c44933145915acd891caafda6d4decc51c,89029
dense,images__val__0000213_02500_d_0000240.jpg,d1512ee855ae1941b059c45a51774c1bec8f1d27ff41b7864d0dfd8301e1b3ca,d1512ee855ae1941b059c45a51774c1bec8f1d27ff41b7864d0dfd8301e1b3ca,156274
dense,images__val__0000213_03478_d_0000242.jpg,5e156bc1e9be80aa9ba4b78a68a286c2df96604415e182b256082fab9648c784,5e156bc1e9be80aa9ba4b78a68a286c2df96604415e182b256082fab9648c784,203492
dense,images__val__0000213_03920_d_0000243.jpg,d7c16d8b66a72b760d4cc6123a8849aa3fdfe70963ab5536508804f1b0a1aee8,d7c16d8b66a72b760d4cc6123a8849aa3fdfe70963ab5536508804f1b0a1aee8,204082
dense,images__val__0000213_04405_d_0000244.jpg,5a44970d08c0ed75a021e9104452d993e7b4db2aeb2229c1aa86ec86095dd09b,5a44970d08c0ed75a021e9104452d993e7b4db2aeb2229c1aa86ec86095dd09b,205844
dense,images__val__0000213_04998_d_0000245.jpg,97fca2d226f8109ba84c32c8a6bc60951d27486ac063d5a114eba18214a14cb2,97fca2d226f8109ba84c32c8a6bc60951d27486ac063d5a114eba18214a14cb2,231754
dense,images__val__0000213_05340_d_0000246.jpg,2ae64752f6e4b034645bf0dd79b0c6133ef54c1ead5c5491f92fd38d34230078,2ae64752f6e4b034645bf0dd79b0c6133ef54c1ead5c5491f92fd38d34230078,221887
dense,images__val__0000213_05745_d_0000247.jpg,37db904aba8332fa2a0e9e0c9726649f9c388090501e4621430708bde5b58763,37db904aba8332fa2a0e9e0c9726649f9c388090501e4621430708bde5b58763,206276
dense,images__val__0000215_00000_d_0000256.jpg,1decaa5a5ef44a189030325c01f163e023d8fd7942997c9f26d3bdc2191baad2,1decaa5a5ef44a189030325c01f163e023d8fd7942997c9f26d3bdc2191baad2,137280
dense,images__val__0000215_02319_d_0000261.jpg,51ac30b316928170b71ccb0f3c89a77d3ad9760aeafadd3b51d56dc2c0417f6e,51ac30b316928170b71ccb0f3c89a77d3ad9760aeafadd3b51d56dc2c0417f6e,109364
dense,images__val__0000216_00520_d_0000001.jpg,b3ee73881f8935accdd421d8089bacab25c7a159593ef30c851a76c20caf5f18,b3ee73881f8935accdd421d8089bacab25c7a159593ef30c851a76c20caf5f18,151364
dense,images__val__0000244_01000_d_0000003.jpg,8efc95569fb0281563a6d920c12b508b0316e772f00ea04a925406ed0ebb55a4,8efc95569fb0281563a6d920c12b508b0316e772f00ea04a925406ed0ebb55a4,119412
dense,images__val__0000244_01500_d_0000004.jpg,5d017547a657d5e89de57ed2d89515124f9ad2ec7a027e0b462397132db0873c,5d017547a657d5e89de57ed2d89515124f9ad2ec7a027e0b462397132db0873c,101061
dense,images__val__0000244_02000_d_0000005.jpg,e361a06dc4974a1d99bc2e9a30569d1c8ad478af44bb0f10043aeec5c60e2891,e361a06dc4974a1d99bc2e9a30569d1c8ad478af44bb0f10043aeec5c60e2891,116068
dense,images__val__0000244_02500_d_0000006.jpg,52575cd332519cd96cacfe3d026383892672a16bfab312e9b120e5bb4bcc0798,52575cd332519cd96cacfe3d026383892672a16bfab312e9b120e5bb4bcc0798,95206
dense,images__val__0000244_03500_d_0000008.jpg,d175f4e5c81611468f8a0fbe61783cbdbf15396f750974a3ba4a5bd437a115c7,d175f4e5c81611468f8a0fbe61783cbdbf15396f750974a3ba4a5bd437a115c7,104753
dense,images__val__0000244_04400_d_0000010.jpg,eb42cb1e7405a7e9e7b5fb82a63a3f028286317611fe863ffb31c85dde6f432a,eb42cb1e7405a7e9e7b5fb82a63a3f028286317611fe863ffb31c85dde6f432a,121125
dense,images__val__0000244_04900_d_0000011.jpg,e2646d4096de69c0b2f6983ef75de55c0bed32eb5492fae4737a6acaa5ec7757,e2646d4096de69c0b2f6983ef75de55c0bed32eb5492fae4737a6acaa5ec7757,117915
dense,images__val__0000249_02900_d_0000009.jpg,1fac10f48fca27dc619c664aa02672a77f52040b369a4ab579349e585e331d65,1fac10f48fca27dc619c664aa02672a77f52040b369a4ab579349e585e331d65,107284
dense,images__val__0000253_00001_d_0000001.jpg,5f6fe4010a9c5ac3d402e0f030b57abfc9c8d2ad79f44f894299416f853c48e7,5f6fe4010a9c5ac3d402e0f030b57abfc9c8d2ad79f44f894299416f853c48e7,104202
dense,images__val__0000269_00001_d_0000348.jpg,c2896dcad866d0480ead44cc4239a5b49d1b3c35fcfba8d8d0adaee5b718a81f,c2896dcad866d0480ead44cc4239a5b49d1b3c35fcfba8d8d0adaee5b718a81f,174614
dense,images__val__0000271_05801_d_0000401.jpg,81fa5ae3889af9f29c4888b4c2564a789bdbecd886581d946918c8467bec0f02,81fa5ae3889af9f29c4888b4c2564a789bdbecd886581d946918c8467bec0f02,152721
dense,images__val__0000271_06001_d_0000402.jpg,62042e218093c2c2442c036d90833e26210da74ddb24d39980f1e5223327d574,62042e218093c2c2442c036d90833e26210da74ddb24d39980f1e5223327d574,163883
dense,images__val__0000271_06201_d_0000403.jpg,de76acfd7e9d9abe590830074cbb862068070934d6aa875dfcec89d36a92f728,de76acfd7e9d9abe590830074cbb862068070934d6aa875dfcec89d36a92f728,164782
dense,images__val__0000271_06401_d_0000404.jpg,bb79ac23279b402981f0e9fb588a1b47f305f0f03fa97399ce7b1681277e6e13,bb79ac23279b402981f0e9fb588a1b47f305f0f03fa97399ce7b1681277e6e13,159485
dense,images__val__0000271_06601_d_0000405.jpg,4e34b090d340b76bb2a220e19cdd2822ed2df0373449ab18c5b62cfa5f48f6f6,4e34b090d340b76bb2a220e19cdd2822ed2df0373449ab18c5b62cfa5f48f6f6,165215
dense,images__val__0000271_06801_d_0000406.jpg,030a44bf17441f27d5c04f85be6bae5ba027a522c1240a11afda10997a160244,030a44bf17441f27d5c04f85be6bae5ba027a522c1240a11afda10997a160244,156505
dense,images__val__0000277_00401_d_0000541.jpg,43ca0b0532e7f3af0fc4ea99737ab6809f9f463f1c664ae59f0b5f78ea82775d,43ca0b0532e7f3af0fc4ea99737ab6809f9f463f1c664ae59f0b5f78ea82775d,97585
dense,images__val__0000277_01801_d_0000548.jpg,e4f5f83e7f17f569fe556e7bb6b94e1de9ce8a1494538d74428d4117ebcd9025,e4f5f83e7f17f569fe556e7bb6b94e1de9ce8a1494538d74428d4117ebcd9025,143360
dense,images__val__0000277_02601_d_0000552.jpg,cd66bdaaabba5217fd7be47dfa42ab9e9ebc5c6688b28cb5eb5086f4863e6857,cd66bdaaabba5217fd7be47dfa42ab9e9ebc5c6688b28cb5eb5086f4863e6857,144587
dense,images__val__0000277_03401_d_0000555.jpg,5e2c1ef139801703aec66ed25119edf8eb11065332d1ca3ee063aedee819dc8c,5e2c1ef139801703aec66ed25119edf8eb11065332d1ca3ee063aedee819dc8c,132904
dense,images__val__0000277_04601_d_0000561.jpg,c488bb064215b028b67fc45b179f9001eb03fa5f4b6718a3a6beef1165acd1e7,c488bb064215b028b67fc45b179f9001eb03fa5f4b6718a3a6beef1165acd1e7,132150
dense,images__val__0000277_05001_d_0000562.jpg,cc04f674aafbcf6847a225bba24ca1321c294baa61104573a1e695d8393d8f94,cc04f674aafbcf6847a225bba24ca1321c294baa61104573a1e695d8393d8f94,138123
dense,images__val__0000280_01001_d_0000617.jpg,24e924f6c0dd9002a8371ada9033b1ab6f29c523ccce90376d6cad44e3a2a513,24e924f6c0dd9002a8371ada9033b1ab6f29c523ccce90376d6cad44e3a2a513,192593
dense,images__val__0000280_01201_d_0000618.jpg,afdf63a59991d7ae40e45d22be6ca2bd8be9cf6414b2ab03d0b98d84d506be5e,afdf63a59991d7ae40e45d22be6ca2bd8be9cf6414b2ab03d0b98d84d506be5e,181447
dense,images__val__0000280_01401_d_0000619.jpg,1f067b98411ffdac3def2e259d5e313543cad5644ceb012272019b084e60dd46,1f067b98411ffdac3def2e259d5e313543cad5644ceb012272019b084e60dd46,182622
dense,images__val__0000280_01601_d_0000620.jpg,42513e661d7dafa4ff952b79a805bc48b70e7a8122b240e62e9677406c7d6b8b,42513e661d7dafa4ff952b79a805bc48b70e7a8122b240e62e9677406c7d6b8b,180855
dense,images__val__0000289_03801_d_0000830.jpg,b6f29ee7b7cdf1cdc79e055efcd9149a0b92363bc4b045f9a1d8bbe08122b7f5,b6f29ee7b7cdf1cdc79e055efcd9149a0b92363bc4b045f9a1d8bbe08122b7f5,168895
dense,images__val__0000289_04401_d_0000833.jpg,1a815c9b4fdd335f06831062182ba8ba10ff1081801a9512e9d514b2c237b673,1a815c9b4fdd335f06831062182ba8ba10ff1081801a9512e9d514b2c237b673,133740
dense,images__val__0000289_05601_d_0000839.jpg,5bdabc13646076ddc9f73cc5245560eecec46308a5cf7547a5aea42d86acadc7,5bdabc13646076ddc9f73cc5245560eecec46308a5cf7547a5aea42d86acadc7,150791
dense,images__val__0000289_06801_d_0000845.jpg,4a9ef5752709c1727134f75f660d1ae89bcab6929ae3c4bdb4cafca77e230708,4a9ef5752709c1727134f75f660d1ae89bcab6929ae3c4bdb4cafca77e230708,194329
dense,images__val__0000291_00001_d_0000868.jpg,66e3d1991b32341839b607515ca7432eb98a18f473b244a89923ab59f1e463c0,66e3d1991b32341839b607515ca7432eb98a18f473b244a89923ab59f1e463c0,164040
dense,images__val__0000291_00201_d_0000869.jpg,ecf0a4b2a657d606844b537d44febe1c32c81a3e129dd767fa9772e91632d086,ecf0a4b2a657d606844b537d44febe1c32c81a3e129dd767fa9772e91632d086,157345
dense,images__val__0000291_00401_d_0000870.jpg,c2fcfe15053d0de805ef995f81b16b11e9e583472df232ffb22b30e0275a329b,c2fcfe15053d0de805ef995f81b16b11e9e583472df232ffb22b30e0275a329b,188896
dense,images__val__0000291_00601_d_0000871.jpg,81391a112189aebfe2be45b33b2cf81b14dccb51619599b8020500ae782d521e,81391a112189aebfe2be45b33b2cf81b14dccb51619599b8020500ae782d521e,185977
dense,images__val__0000291_01001_d_0000873.jpg,ad6705b75ce2ca9a72562a07b5df4e8a1a331bf7ee323190a576e98db6f4eef2,ad6705b75ce2ca9a72562a07b5df4e8a1a331bf7ee323190a576e98db6f4eef2,172609
dense,images__val__0000291_01201_d_0000874.jpg,4bf7afaa79de29e265fd8353c94ebc7b3b3b9bbcc0e10150c4346516d4244806,4bf7afaa79de29e265fd8353c94ebc7b3b3b9bbcc0e10150c4346516d4244806,186526
dense,images__val__0000291_01401_d_0000875.jpg,cf842024fe02ab6dff44efc8f36150cc1edf77619623703382d9a524d635e8f9,cf842024fe02ab6dff44efc8f36150cc1edf77619623703382d9a524d635e8f9,167460
dense,images__val__0000291_01801_d_0000877.jpg,809f5dd32db213a00ee48677bb32c3a1de62efcce93da90836089706ed1c0a10,809f5dd32db213a00ee48677bb32c3a1de62efcce93da90836089706ed1c0a10,206691
dense,images__val__0000291_02001_d_0000878.jpg,117ba5243bf5ef207c41107d8d4de9718c925df566e7480a0aa209da0fe200ca,117ba5243bf5ef207c41107d8d4de9718c925df566e7480a0aa209da0fe200ca,200709
dense,images__val__0000291_02201_d_0000879.jpg,888abd296fa6d940b63b968d73a2d14e3234678876168b77ea54428081a47c24,888abd296fa6d940b63b968d73a2d14e3234678876168b77ea54428081a47c24,192326
dense,images__val__0000291_02601_d_0000881.jpg,83e4eb131e528d073b8ef2cc97c856467ed35443fb684e795a4c986e8fcf955f,83e4eb131e528d073b8ef2cc97c856467ed35443fb684e795a4c986e8fcf955f,185745
dense,images__val__0000291_03201_d_0000884.jpg,fe7c14394b24e969936c046ce0993a724694e1a2c05c459e0a99d8ed08452330,fe7c14394b24e969936c046ce0993a724694e1a2c05c459e0a99d8ed08452330,202562
dense,images__val__0000291_03401_d_0000885.jpg,04e8d1cce332aa3ef729b0b90bff2e16bdc761a22d2ac0a4bd0112b47a967dc2,04e8d1cce332aa3ef729b0b90bff2e16bdc761a22d2ac0a4bd0112b47a967dc2,187952
dense,images__val__0000291_03601_d_0000886.jpg,929171890e53df3755e670fee2dc55ba50fb63397521885fc390bf118ecd6cb3,929171890e53df3755e670fee2dc55ba50fb63397521885fc390bf118ecd6cb3,173979
dense,images__val__0000291_03801_d_0000887.jpg,c0d94e27c5e46f54421d6407dff3392ec68c60e81b2c2da5aa3fbeb027912bf9,c0d94e27c5e46f54421d6407dff3392ec68c60e81b2c2da5aa3fbeb027912bf9,154231
dense,images__val__0000291_04001_d_0000888.jpg,ed6181f6b5219e5098da12c74054de9b2abdebbcc5649406ff31bfeaea4e25b7,ed6181f6b5219e5098da12c74054de9b2abdebbcc5649406ff31bfeaea4e25b7,171326
dense,images__val__0000291_04201_d_0000889.jpg,bd93cfa6c19bbb8befef10b0e44414edd326b6e82b6a97ab4c991d4d8a34bf8d,bd93cfa6c19bbb8befef10b0e44414edd326b6e82b6a97ab4c991d4d8a34bf8d,180891
dense,images__val__0000291_04401_d_0000890.jpg,368ab992e3511ee2cd57a5ffc6aff512ad7cc602e995b0814b892d42d5a8d23d,368ab992e3511ee2cd57a5ffc6aff512ad7cc602e995b0814b892d42d5a8d23d,175417
dense,images__val__0000291_05001_d_0000892.jpg,588036e0d8f4ba29cda8a9b5805f945ed4b249379fbfb852f63ea3d4ac233738,588036e0d8f4ba29cda8a9b5805f945ed4b249379fbfb852f63ea3d4ac233738,168257
dense,images__val__0000291_05201_d_0000893.jpg,153e529837817c523eca76f06c6512610e705cd8c45b6fa79ef071038ea8fb4d,153e529837817c523eca76f06c6512610e705cd8c45b6fa79ef071038ea8fb4d,206359
dense,images__val__0000293_03601_d_0000940.jpg,2a4da79988c16e08fcffb64b15aec88060ba9f52012ab42585e9174a2ab788ab,2a4da79988c16e08fcffb64b15aec88060ba9f52012ab42585e9174a2ab788ab,193171
dense,images__val__0000295_00000_d_0000021.jpg,87e05952a3ca89e2dfe0742b515175ddbd73e785abefb87bff8ac8a0538d633c,87e05952a3ca89e2dfe0742b515175ddbd73e785abefb87bff8ac8a0538d633c,184221
dense,images__val__0000295_00600_d_0000024.jpg,21ff2cfbf1a06ef0a9a335965cce128d7c0f0f86e46092d37085376a850a8248,21ff2cfbf1a06ef0a9a335965cce128d7c0f0f86e46092d37085376a850a8248,189099
dense,images__val__0000295_00800_d_0000025.jpg,4d4d55df101fa6c84006bc0d2e9dd213d5ee8c96ba99ddcfc72b471c5ecb4827,4d4d55df101fa6c84006bc0d2e9dd213d5ee8c96ba99ddcfc72b471c5ecb4827,194388
dense,images__val__0000295_01000_d_0000026.jpg,912d06a154ae543ee7591869ded8edf36befe2eb4bb755a36ded2478d2c48801,912d06a154ae543ee7591869ded8edf36befe2eb4bb755a36ded2478d2c48801,187380
dense,images__val__0000295_01200_d_0000027.jpg,f30e40c67f892fcc697cdfa0b4a63016ad1cc37d3013d53d1ca92837a9d97b5b,f30e40c67f892fcc697cdfa0b4a63016ad1cc37d3013d53d1ca92837a9d97b5b,179999
dense,images__val__0000295_01400_d_0000028.jpg,b3d497526d77a4af97c4bbf01402850e6c3461347afff8b16d7b0c1083030b3a,b3d497526d77a4af97c4bbf01402850e6c3461347afff8b16d7b0c1083030b3a,180525
dense,images__val__0000295_01600_d_0000029.jpg,4f8c050f28c0fdc5b33d7e83db6e99b69cd6b94f09070f222e963803a0237582,4f8c050f28c0fdc5b33d7e83db6e99b69cd6b94f09070f222e963803a0237582,190449
dense,images__val__0000295_01800_d_0000030.jpg,b01da65652fce82a45514282c19529d358ad353e067f19992106f3e829edd579,b01da65652fce82a45514282c19529d358ad353e067f19992106f3e829edd579,203035
dense,images__val__0000295_02000_d_0000031.jpg,245b277500839edc050b351c24e5b91ecb281bb85ac00401628ff1182d607572,245b277500839edc050b351c24e5b91ecb281bb85ac00401628ff1182d607572,205258
dense,images__val__0000295_02200_d_0000032.jpg,a5b5ea04225dd22a037fdbe29acafc91ec88effe2db5f856b26bac2e672db631,a5b5ea04225dd22a037fdbe29acafc91ec88effe2db5f856b26bac2e672db631,202907
dense,images__val__0000295_02400_d_0000033.jpg,f4e6fc5838b411648e0d10845540309874c23bd79a402d6be68bf57cbedf6771,f4e6fc5838b411648e0d10845540309874c23bd79a402d6be68bf57cbedf6771,203807
dense,images__val__0000295_02900_d_0000034.jpg,7602ae661a63950f9d8593f9cb2eab08617671c2749c2caf8de8d40351354d6c,7602ae661a63950f9d8593f9cb2eab08617671c2749c2caf8de8d40351354d6c,185693
dense,images__val__0000296_01001_d_0000040.jpg,93f5ec0f5994c9299b48a62b3466d18ea5122735d043914b9e9d31e8915099e9,93f5ec0f5994c9299b48a62b3466d18ea5122735d043914b9e9d31e8915099e9,207757
dense,images__val__0000301_00001_d_0000156.jpg,fab9ac80318d57c611b4e7b27d80cfb0038dfa5f97c41ea1dc3b38d3d1f60f2c,fab9ac80318d57c611b4e7b27d80cfb0038dfa5f97c41ea1dc3b38d3d1f60f2c,165723
dense,images__val__0000308_04401_d_0000327.jpg,ac235c38679e3bbf188dfd9160c12fbc9b7567d02d509be9977765f6706a90af,ac235c38679e3bbf188dfd9160c12fbc9b7567d02d509be9977765f6706a90af,174299
dense,images__val__0000312_00001_d_0000414.jpg,edcf9185a8a2425d4a9350dbe39f1a9c29a6aeea4cd2fdf75b0b6306009af8e2,edcf9185a8a2425d4a9350dbe39f1a9c29a6aeea4cd2fdf75b0b6306009af8e2,196013
dense,images__val__0000312_00201_d_0000415.jpg,e9461176a3525bd1f3fbd0962098d7b80395a5cde1aaa35d8ccf22e7893d6ed7,e9461176a3525bd1f3fbd0962098d7b80395a5cde1aaa35d8ccf22e7893d6ed7,156456
dense,images__val__0000313_06601_d_0000469.jpg,b887075b5b91047e11a634c5634591e8b97a4d1d7e8b06f03c3614401f0535f2,b887075b5b91047e11a634c5634591e8b97a4d1d7e8b06f03c3614401f0535f2,190249
dense,images__val__0000315_01601_d_0000509.jpg,57127672b27bc67c60dbe076a1600c5bd026a39b8f18c821573f6d053a1a4611,57127672b27bc67c60dbe076a1600c5bd026a39b8f18c821573f6d053a1a4611,195638
dense,images__val__0000327_03201_d_0000727.jpg,921eb37c357baa6debc4f370b34799c0f749b9d468dfeb302eb4887a7742ddce,921eb37c357baa6debc4f370b34799c0f749b9d468dfeb302eb4887a7742ddce,121297
dense,images__val__0000327_03801_d_0000730.jpg,ac41406165ac4da8c7e8859bc0056d9f8c5536251c8ef2589f29a0762c7810e5,ac41406165ac4da8c7e8859bc0056d9f8c5536251c8ef2589f29a0762c7810e5,144886
dense,images__val__0000327_04001_d_0000731.jpg,5ac8129280162a86bbe26ac10b87cfaf0e4c0f0d01db1aa1c121b6a2b9ea4784,5ac8129280162a86bbe26ac10b87cfaf0e4c0f0d01db1aa1c121b6a2b9ea4784,146806
dense,images__val__0000327_04201_d_0000732.jpg,d914e4e88994c9e72bc4d18362c59ea428a186d347916460153cf6eaf50d8c43,d914e4e88994c9e72bc4d18362c59ea428a186d347916460153cf6eaf50d8c43,137091
dense,images__val__0000330_00201_d_0000801.jpg,a171c57aa5bf2688c72d99c5b29191c6d7ce67bce34a8e1f7e985db2f0d6c5c6,a171c57aa5bf2688c72d99c5b29191c6d7ce67bce34a8e1f7e985db2f0d6c5c6,161049
dense,images__val__0000330_00401_d_0000802.jpg,658df565075881cd79e679e056699431ec1f05586b29928eda89f1eb5b4fd296,658df565075881cd79e679e056699431ec1f05586b29928eda89f1eb5b4fd296,151023
dense,images__val__0000330_00601_d_0000803.jpg,1c0343bbb0bb2705ac18ac5a3848153287267db6046773d08f6ed2511c006b97,1c0343bbb0bb2705ac18ac5a3848153287267db6046773d08f6ed2511c006b97,150912
dense,images__val__0000330_01201_d_0000806.jpg,aff148aaa2234166a977341cb78e573127cfb59406ff32f9e35ed97e2ef29a25,aff148aaa2234166a977341cb78e573127cfb59406ff32f9e35ed97e2ef29a25,168930
dense,images__val__0000330_01401_d_0000807.jpg,deac9c571959a93712ea193a7f079ac07de2aa49adb3d4ff86d076fdbbb05775,deac9c571959a93712ea193a7f079ac07de2aa49adb3d4ff86d076fdbbb05775,162353
dense,images__val__0000330_01601_d_0000808.jpg,5d55d08e7303ab86c579ff01a63b87ccd2c73a8319a4fcae99dd9f9f6c56757b,5d55d08e7303ab86c579ff01a63b87ccd2c73a8319a4fcae99dd9f9f6c56757b,139385
dense,images__val__0000330_04201_d_0000821.jpg,2398a4ca2bd887127b12646cbaa38fdda7455aa43a8d687b70b0e4f94da53743,2398a4ca2bd887127b12646cbaa38fdda7455aa43a8d687b70b0e4f94da53743,130675
dense,images__val__0000333_01765_d_0000010.jpg,934d41088f6aaea3b2fa1391f823e5c10f3b1e6d034e3345629b9d3e2d2ed453,934d41088f6aaea3b2fa1391f823e5c10f3b1e6d034e3345629b9d3e2d2ed453,141223
dense,images__val__0000333_03529_d_0000019.jpg,462a5288dd87e1c384dc5af1dee41bcd5a0108eb0480071a1c97ed0eefe92784,462a5288dd87e1c384dc5af1dee41bcd5a0108eb0480071a1c97ed0eefe92784,139266
dense,images__val__0000335_02745_d_0000057.jpg,74622eac8098664da04d180e43c2cb31357010b8ba8e83a690633c149e6d5927,74622eac8098664da04d180e43c2cb31357010b8ba8e83a690633c149e6d5927,164302
dense,images__val__0000335_03137_d_0000059.jpg,b4bcd9aab0a875ac72bff5b849d625a44dca700154b55e6d204332956d5dfb6a,b4bcd9aab0a875ac72bff5b849d625a44dca700154b55e6d204332956d5dfb6a,157668
dense,images__val__0000342_00393_d_0000244.jpg,0c6d87602fcb9974ad9f8ec4ec3a3d4f81cdf35c5dd176d918cbfd29fa5d15c8,0c6d87602fcb9974ad9f8ec4ec3a3d4f81cdf35c5dd176d918cbfd29fa5d15c8,140764
dense,images__val__0000345_07057_d_0000345.jpg,e500a2c793521b5de757f40f570827c86123fcba4a661c3c4e34380498d52bd9,e500a2c793521b5de757f40f570827c86123fcba4a661c3c4e34380498d52bd9,114923
dense,images__val__0000356_00589_d_0000632.jpg,ebe59a7dd6cbb6a1c7a382d7541139c4d15d8d58a805743cf7148af24eff0148,ebe59a7dd6cbb6a1c7a382d7541139c4d15d8d58a805743cf7148af24eff0148,137017
dense,images__val__0000356_01569_d_0000637.jpg,37f4c0358b80239c6eab8c0a324eccec310425867c987c3fe3745ffe598eaafe,37f4c0358b80239c6eab8c0a324eccec310425867c987c3fe3745ffe598eaafe,126037
dense,images__val__0000356_01961_d_0000639.jpg,44479e8e6b9c52dd34375302384ca779fc8a1d6173b19eb7177566c7f31effa1,44479e8e6b9c52dd34375302384ca779fc8a1d6173b19eb7177566c7f31effa1,121803
dense,images__val__0000356_02353_d_0000641.jpg,11effab98873c518a1dbf01d4879bb75d75216aae9b01ef197eacefdd754b046,11effab98873c518a1dbf01d4879bb75d75216aae9b01ef197eacefdd754b046,112426
dense,images__val__0000356_02745_d_0000643.jpg,af27fd8f658e5e8b34800f984af44db0d3b368d04c94e2eb2dda0c008e6c2556,af27fd8f658e5e8b34800f984af44db0d3b368d04c94e2eb2dda0c008e6c2556,118181
dense,images__val__0000356_02941_d_0000644.jpg,240fceb24ca3c89d6025e48f67906389ef2cd416dfa944cfdce34e4b0bda19d3,240fceb24ca3c89d6025e48f67906389ef2cd416dfa944cfdce34e4b0bda19d3,117239
dense,images__val__0000356_04313_d_0000651.jpg,152323c9804e7d611b7078479ea478162d5bd07387345a8384a4a9031ad3a3cc,152323c9804e7d611b7078479ea478162d5bd07387345a8384a4a9031ad3a3cc,112959
dense,images__val__0000356_04901_d_0000654.jpg,8da8ca98e65518a75aa50e7a7cc6157912d06c2d2e9ac138b05414df9ecc9519,8da8ca98e65518a75aa50e7a7cc6157912d06c2d2e9ac138b05414df9ecc9519,121877
dense,images__val__0000356_05097_d_0000655.jpg,aedcd60fe0972e9dea4e34ad9f84508f695ad325d956062fc39065d2d8400564,aedcd60fe0972e9dea4e34ad9f84508f695ad325d956062fc39065d2d8400564,124300
dense,images__val__0000364_01569_d_0000781.jpg,f9a035f02c5cd1741efc78ee73f59afa18b8b2589d9e575cc5a7772797e05ccc,f9a035f02c5cd1741efc78ee73f59afa18b8b2589d9e575cc5a7772797e05ccc,110516
sparse,images__val__0000021_00000_d_0000001.jpg,75fdfa4790236cee64f2e0cba7be9d1693648a07346de5e8858fc3c8c8d0b82a,75fdfa4790236cee64f2e0cba7be9d1693648a07346de5e8858fc3c8c8d0b82a,80019
sparse,images__val__0000021_00500_d_0000002.jpg,9425b639d79cbbb99e686178b5035bf2fd252436baa776cfe2440a38e4f0c94c,9425b639d79cbbb99e686178b5035bf2fd252436baa776cfe2440a38e4f0c94c,84927
sparse,images__val__0000021_00800_d_0000003.jpg,088d30785f0f8defbbf4b0de8c20c1a200a74758532435cd2936e63be6711154,088d30785f0f8defbbf4b0de8c20c1a200a74758532435cd2936e63be6711154,92381
sparse,images__val__0000022_00500_d_0000005.jpg,d0edc550a71096c2c459c7d060bf45e72af51deb1dfb88ad45d25ebedb700ade,d0edc550a71096c2c459c7d060bf45e72af51deb1dfb88ad45d25ebedb700ade,72128
sparse,images__val__0000022_01036_d_0000006.jpg,b444df95836457c96613401bd1367095daf3c63f0fc891ba8b4a9d2211aa0ba4,b444df95836457c96613401bd1367095daf3c63f0fc891ba8b4a9d2211aa0ba4,65497
sparse,images__val__0000022_01251_d_0000007.jpg,a5666fe77fa867840bcee14035519cabfce020ecb71a73df6f355740f6577c41,a5666fe77fa867840bcee14035519cabfce020ecb71a73df6f355740f6577c41,73777
sparse,images__val__0000023_00300_d_0000009.jpg,6923df0685125ca0b0e0cb8b62f6bd2deae981abca0cedf775de054b2c4c58d0,6923df0685125ca0b0e0cb8b62f6bd2deae981abca0cedf775de054b2c4c58d0,77938
sparse,images__val__0000023_00868_d_0000010.jpg,f16fb88896d0b56355a486b9447bc09668e7f79af520b56f36cfafe1b0e6c115,f16fb88896d0b56355a486b9447bc09668e7f79af520b56f36cfafe1b0e6c115,70103
sparse,images__val__0000023_01233_d_0000011.jpg,0745a2292c92123fbce7d8e314cc11e1dd3ea3e6cbb9aeb216de479a71c7a7cd,0745a2292c92123fbce7d8e314cc11e1dd3ea3e6cbb9aeb216de479a71c7a7cd,67015
sparse,images__val__0000024_00000_d_0000012.jpg,943bc63643293d864d0181611abc4cf7468a67cfe9cf01ab0723046d278202bd,943bc63643293d864d0181611abc4cf7468a67cfe9cf01ab0723046d278202bd,89301
sparse,images__val__0000024_00500_d_0000013.jpg,8ea3964ff560446af331cb11ba50c1391f3929b3cec9b33f16053f9be2e1b0e0,8ea3964ff560446af331cb11ba50c1391f3929b3cec9b33f16053f9be2e1b0e0,74788
sparse,images__val__0000024_01000_d_0000014.jpg,0633cf1f0ab2c2d8fcde55d014465d875433cac69edbb643e8b9485f60ba1269,0633cf1f0ab2c2d8fcde55d014465d875433cac69edbb643e8b9485f60ba1269,87745
sparse,images__val__0000024_01543_d_0000015.jpg,060a42ec3ff7f4f601f91dadcc2acb2dadea6a1ab05ad79525c8784dc586e3ff,060a42ec3ff7f4f601f91dadcc2acb2dadea6a1ab05ad79525c8784dc586e3ff,113419
sparse,images__val__0000026_00000_d_0000024.jpg,be751662933a2f2d4d30adc4e47334cc66b14c93450e067ccf8a97d8da8729f6,be751662933a2f2d4d30adc4e47334cc66b14c93450e067ccf8a97d8da8729f6,182794
sparse,images__val__0000026_00500_d_0000025.jpg,993376b691f28c6f424bd6545df84e2d87c69ebe7075cd2d55faace64b474f5d,993376b691f28c6f424bd6545df84e2d87c69ebe7075cd2d55faace64b474f5d,150402
sparse,images__val__0000026_01000_d_0000026.jpg,69b1ce6d57e0e1b9d587bf4312a3234f2eeab1212d13d5b4835e09f2b3f61add,69b1ce6d57e0e1b9d587bf4312a3234f2eeab1212d13d5b4835e09f2b3f61add,131175
sparse,images__val__0000026_01500_d_0000027.jpg,a2f3bcfd7293caae0210b5823b15aea03ef0820c182c59e5ddc7f9f1cc7d86a7,a2f3bcfd7293caae0210b5823b15aea03ef0820c182c59e5ddc7f9f1cc7d86a7,168961
sparse,images__val__0000026_02000_d_0000028.jpg,3dcf3b446661f47473cbfaefa4837be5ce19d71aa8f0a19c9eaaa16602fd77dc,3dcf3b446661f47473cbfaefa4837be5ce19d71aa8f0a19c9eaaa16602fd77dc,161278
sparse,images__val__0000026_02500_d_0000029.jpg,e05a504c45eb933ea1dce333cdec75f44572754f3c61e2b2502bf84db2cc1d3a,e05a504c45eb933ea1dce333cdec75f44572754f3c61e2b2502bf84db2cc1d3a,167200
sparse,images__val__0000026_03000_d_0000030.jpg,b36f63c82d1f3c7b7b586e18f925ec823b29ca524f2338ce1085d662d9c0c312,b36f63c82d1f3c7b7b586e18f925ec823b29ca524f2338ce1085d662d9c0c312,157051
sparse,images__val__0000026_03500_d_0000031.jpg,e034523aa5f2933503fd40e426bd3f60aaca0cd036cfa43eace271ecd2b418de,e034523aa5f2933503fd40e426bd3f60aaca0cd036cfa43eace271ecd2b418de,159583
sparse,images__val__0000026_04000_d_0000032.jpg,481064608bb521d028459dfae48e207221eaf2363ca516f870559d0aa4a02c81,481064608bb521d028459dfae48e207221eaf2363ca516f870559d0aa4a02c81,144557
sparse,images__val__0000069_00001_d_0000001.jpg,ac5ce22939d6a63d7463549176432bcacb725cb307902d142c531becc7f4f839,ac5ce22939d6a63d7463549176432bcacb725cb307902d142c531becc7f4f839,136764
sparse,images__val__0000069_00483_d_0000002.jpg,cc628c60ae1a59ead95bf58dc9a30dfacb462b4da09915b8fea45c2a0aad9f5a,cc628c60ae1a59ead95bf58dc9a30dfacb462b4da09915b8fea45c2a0aad9f5a,98111
sparse,images__val__0000069_01109_d_0000004.jpg,1debc448341a5e86400912e9ed293d08181c75b0cbd7c01878489e4433a94921,1debc448341a5e86400912e9ed293d08181c75b0cbd7c01878489e4433a94921,97147
sparse,images__val__0000069_01878_d_0000005.jpg,82b6c668d2ccbad1dbddf9675263f942cb2339357af9aee85622b61019465f2b,82b6c668d2ccbad1dbddf9675263f942cb2339357af9aee85622b61019465f2b,100849
sparse,images__val__0000076_02142_d_0000009.jpg,6938e71175ae5399a8dca8698ef2e73e912baf66d2e59ab93d98934423715172,6938e71175ae5399a8dca8698ef2e73e912baf66d2e59ab93d98934423715172,120947
sparse,images__val__0000086_00000_d_0000001.jpg,39407c8714fee6dfe4965db1e83276a3d3d83f7809b2f63aea0460e8aa1f3afb,39407c8714fee6dfe4965db1e83276a3d3d83f7809b2f63aea0460e8aa1f3afb,94198
sparse,images__val__0000103_00180_d_0000026.jpg,a8a1f532e31498e35aed6dc795f78164da09511c8d13e17a5ffaf76d62f7fe52,a8a1f532e31498e35aed6dc795f78164da09511c8d13e17a5ffaf76d62f7fe52,87518
sparse,images__val__0000103_00502_d_0000027.jpg,d95a33ae383a092618c201f56916a92f0fa7a6b85694a9ec21933d428b6e45bc,d95a33ae383a092618c201f56916a92f0fa7a6b85694a9ec21933d428b6e45bc,100418
sparse,images__val__0000103_01734_d_0000028.jpg,17ef972a75056f32b27b849596e8fedec70b4150dc3479a9cd0de039ee0e4fb2,17ef972a75056f32b27b849596e8fedec70b4150dc3479a9cd0de039ee0e4fb2,114208
sparse,images__val__0000103_02544_d_0000029.jpg,412f64b470b6f7d43f2cbdee6c726713080f386a5ebbf2f1f8b98f33a73b6615,412f64b470b6f7d43f2cbdee6c726713080f386a5ebbf2f1f8b98f33a73b6615,117485
sparse,images__val__0000103_02964_d_0000030.jpg,a04b1af23501f8e04fe924af94f10cd0af3adbbd585c9fa2b711e11a97298edf,a04b1af23501f8e04fe924af94f10cd0af3adbbd585c9fa2b711e11a97298edf,142535
sparse,images__val__0000103_03349_d_0000031.jpg,5b1939e07ecfaab560d16a41f754a816dd5c3bb7a82879984b44e9fa7d9f179c,5b1939e07ecfaab560d16a41f754a816dd5c3bb7a82879984b44e9fa7d9f179c,102851
sparse,images__val__0000103_03738_d_0000032.jpg,86270048f01a254aab48c56b5becff45a0fb030220584af35c9dee728892ff36,86270048f01a254aab48c56b5becff45a0fb030220584af35c9dee728892ff36,59359
sparse,images__val__0000103_04122_d_0000033.jpg,d1bf120e3a041d65179fa6d48532b4bfbe10067f3a469a2d656e2049744ac3e2,d1bf120e3a041d65179fa6d48532b4bfbe10067f3a469a2d656e2049744ac3e2,123396
sparse,images__val__0000103_04513_d_0000034.jpg,601699857a77acecd6d9e57552b123846b4e634bb2cb67998855d840b5ead0c8,601699857a77acecd6d9e57552b123846b4e634bb2cb67998855d840b5ead0c8,101470
sparse,images__val__0000103_04948_d_0000035.jpg,c8a7c92835f696699030719fea2ce30b405b6c9f71a2431f8d7b39613d7ad0ef,c8a7c92835f696699030719fea2ce30b405b6c9f71a2431f8d7b39613d7ad0ef,124065
sparse,images__val__0000116_00819_d_0000084.jpg,4ea4fc9db3f8738b5d81b3efe082844a77ec32d3a070d303ef89f0d620eeb278,4ea4fc9db3f8738b5d81b3efe082844a77ec32d3a070d303ef89f0d620eeb278,70706
sparse,images__val__0000117_03096_d_0000091.jpg,c84fe3b827654171c44216fd26925565f32da1431348eb872abb326075151722,c84fe3b827654171c44216fd26925565f32da1431348eb872abb326075151722,97284
sparse,images__val__0000162_00001_d_0000001.jpg,9ff1036d924797a45d31a775295ecd55b0f768d0ff88401b0f78e21350a5ff70,9ff1036d924797a45d31a775295ecd55b0f768d0ff88401b0f78e21350a5ff70,72282
sparse,images__val__0000162_00801_d_0000001.jpg,eb102750f0a1b56722ac6151b25737945dc9d59bf1768b405d017dc3388daee9,eb102750f0a1b56722ac6151b25737945dc9d59bf1768b405d017dc3388daee9,74486
sparse,images__val__0000165_04325_d_0000105.jpg,2c2847bfcf1624c762caab4274355de751e0958efe54020b0ca6bd8fd4cd7a8e,2c2847bfcf1624c762caab4274355de751e0958efe54020b0ca6bd8fd4cd7a8e,253287
sparse,images__val__0000194_01192_d_0000125.jpg,875bdda436483a6e93fb1140cdfe2e2899da4b019f7c9118b2b53ade5b13e4f1,875bdda436483a6e93fb1140cdfe2e2899da4b019f7c9118b2b53ade5b13e4f1,109123
sparse,images__val__0000199_01269_d_0000166.jpg,79d01d9ccd06752ff2f1b0a2ef853b202fd7aa6222cbbf14090f7812b6605d2a,79d01d9ccd06752ff2f1b0a2ef853b202fd7aa6222cbbf14090f7812b6605d2a,61640
sparse,images__val__0000215_03226_d_0000264.jpg,50123c1530abfa3089ab63f60415d0983a2a8013e693ebf51af9bbc9a7e8b2c6,50123c1530abfa3089ab63f60415d0983a2a8013e693ebf51af9bbc9a7e8b2c6,89256
sparse,images__val__0000220_01242_d_0000004.jpg,959e11905fb85779f0c01b0373fdc6650c4fe4d741f6902b0d9749a3f1a7ef36,959e11905fb85779f0c01b0373fdc6650c4fe4d741f6902b0d9749a3f1a7ef36,377900
sparse,images__val__0000237_00001_d_0000001.jpg,a1bdc15387b134c047f6687181a4c7d80f831b51e89fba9c3bd893aa420b1990,a1bdc15387b134c047f6687181a4c7d80f831b51e89fba9c3bd893aa420b1990,131491
sparse,images__val__0000242_00843_d_0000004.jpg,565767f8bd00a5ef8a26aa46ddcf195f9b4b69a60b468294c7e48cafe2774ac8,565767f8bd00a5ef8a26aa46ddcf195f9b4b69a60b468294c7e48cafe2774ac8,59489
sparse,images__val__0000242_00963_d_0000005.jpg,86286c0232d1af376c27034269bd468059e541ce74266d157bcfd57f77da7fa3,86286c0232d1af376c27034269bd468059e541ce74266d157bcfd57f77da7fa3,111816
sparse,images__val__0000242_02400_d_0000009.jpg,c91985e21e7f647d69d399c063d9b5905dd6ed412aa1952d1ce59ee507ca9d35,c91985e21e7f647d69d399c063d9b5905dd6ed412aa1952d1ce59ee507ca9d35,98682
sparse,images__val__0000242_02762_d_0000010.jpg,89b2f68d03cfac8d1beb1f8ef42555c8923dd143f4ba06794b1c4861be6133a8,89b2f68d03cfac8d1beb1f8ef42555c8923dd143f4ba06794b1c4861be6133a8,96394
sparse,images__val__0000242_03199_d_0000011.jpg,6ee5f5ed432b54bc3d6f6f98917e588b089c5bbdcdfb95edab2394d29ce82db7,6ee5f5ed432b54bc3d6f6f98917e588b089c5bbdcdfb95edab2394d29ce82db7,117521
sparse,images__val__0000242_04116_d_0000013.jpg,de2db8dd47b19480b39f58c1a616dda27217afb76e5658bd9bb679755868a1d2,de2db8dd47b19480b39f58c1a616dda27217afb76e5658bd9bb679755868a1d2,131835
sparse,images__val__0000242_04600_d_0000014.jpg,bb6dd9320d41b1770c5250b05e8dddec478c4a1ceb0d2a57b0f9b7134b0ed55c,bb6dd9320d41b1770c5250b05e8dddec478c4a1ceb0d2a57b0f9b7134b0ed55c,135135
sparse,images__val__0000242_05059_d_0000015.jpg,8549bb921ed98b904053b2844c6e9dad047bc27bb3253352bcdb9506e26659b5,8549bb921ed98b904053b2844c6e9dad047bc27bb3253352bcdb9506e26659b5,132925
sparse,images__val__0000242_05570_d_0000016.jpg,815fb9f8f3e9b111d586231b00690a243a21b2fe59ed1ebd32fc677be0564c1e,815fb9f8f3e9b111d586231b00690a243a21b2fe59ed1ebd32fc677be0564c1e,120187
sparse,images__val__0000242_06452_d_0000018.jpg,01d4dfd99d870e18565176771e0c3cc6b822c90cbce08457ba672e08fe2eba7a,01d4dfd99d870e18565176771e0c3cc6b822c90cbce08457ba672e08fe2eba7a,131160
sparse,images__val__0000244_00500_d_0000002.jpg,137df9e5309928fbd2f65fb2c9cc54501450e8dd1b97d6c131fe34b4e0916dd4,137df9e5309928fbd2f65fb2c9cc54501450e8dd1b97d6c131fe34b4e0916dd4,94478
sparse,images__val__0000249_01100_d_0000004.jpg,0ce81dbe536642d0e179ce10049a208ef476dd13fe15d3db7e1c80054c6cc748,0ce81dbe536642d0e179ce10049a208ef476dd13fe15d3db7e1c80054c6cc748,140826
sparse,images__val__0000249_02468_d_0000008.jpg,449edea9d7126b25ef01f0781de76c9c2e75c3691eb3c0dd40c2ba713e9975af,449edea9d7126b25ef01f0781de76c9c2e75c3691eb3c0dd40c2ba713e9975af,111548
sparse,images__val__0000263_02401_d_0000179.jpg,b6fc0da322f4e9905970f8c690d093c535ccfc59f6e2d5b8394b3b5f1161b342,b6fc0da322f4e9905970f8c690d093c535ccfc59f6e2d5b8394b3b5f1161b342,99207
sparse,images__val__0000271_00401_d_0000376.jpg,bcf6607685e6e280c02b6c882e3d8f5e6cb1d84e87fbe6e22e58981ffbe12400,bcf6607685e6e280c02b6c882e3d8f5e6cb1d84e87fbe6e22e58981ffbe12400,203031
sparse,images__val__0000271_07201_d_0000408.jpg,960299954b308a51ea0195d9418c118ec441e48b350932376355bc88e974a835,960299954b308a51ea0195d9418c118ec441e48b350932376355bc88e974a835,144019
sparse,images__val__0000273_05601_d_0000466.jpg,eed9c47217bb653a641a933ea059577a24ffdef5f491351bba4e9f70668463cc,eed9c47217bb653a641a933ea059577a24ffdef5f491351bba4e9f70668463cc,202377
sparse,images__val__0000276_00601_d_0000510.jpg,e5bf508cadccad2c002925f89f1f6eead9d8b036606840327b551fd7ede7874e,e5bf508cadccad2c002925f89f1f6eead9d8b036606840327b551fd7ede7874e,197098
sparse,images__val__0000276_01201_d_0000513.jpg,60e8d534bc1a3054894ab36bd1bf1dcdba821632e2439861c1f9bd10f09812d8,60e8d534bc1a3054894ab36bd1bf1dcdba821632e2439861c1f9bd10f09812d8,197372
sparse,images__val__0000276_01401_d_0000514.jpg,da924038eec5ec5eb585b5b59fdd0945585d35801a2a130dbf97193bd95c50a2,da924038eec5ec5eb585b5b59fdd0945585d35801a2a130dbf97193bd95c50a2,205788
sparse,images__val__0000276_01801_d_0000516.jpg,e3c66263321728801e2e84bb746ab91213464d8ba7160eb29e6b7d7f08768a09,e3c66263321728801e2e84bb746ab91213464d8ba7160eb29e6b7d7f08768a09,207491
sparse,images__val__0000276_02001_d_0000517.jpg,500064d3be0af1bb3c700e436ba0ead350b496e756a5af341ffd2a3d3e2e6904,500064d3be0af1bb3c700e436ba0ead350b496e756a5af341ffd2a3d3e2e6904,170118
sparse,images__val__0000276_02601_d_0000520.jpg,4d45fedb318c864cd6902ccfff5a0f5f5dfbcc6150fe91fefeb6319f17f773ad,4d45fedb318c864cd6902ccfff5a0f5f5dfbcc6150fe91fefeb6319f17f773ad,209376
sparse,images__val__0000276_02801_d_0000521.jpg,1fdce9a1feeb56f1b8a3d223069bc1d0b11a9a41e623619efe7f03079c1a1c26,1fdce9a1feeb56f1b8a3d223069bc1d0b11a9a41e623619efe7f03079c1a1c26,224588
sparse,images__val__0000276_03001_d_0000522.jpg,212e4ca8b58b79b9eadf4c374617d3cc2105dac941a8feca392de131628a947d,212e4ca8b58b79b9eadf4c374617d3cc2105dac941a8feca392de131628a947d,199371
sparse,images__val__0000276_04601_d_0000530.jpg,0795edf114a0aad392018e7eb7bb018f08795f2a98eb137f109017d22fb8fe2f,0795edf114a0aad392018e7eb7bb018f08795f2a98eb137f109017d22fb8fe2f,230603
sparse,images__val__0000276_04801_d_0000531.jpg,15f921027498d680bcc5601c6e7a74297608252053867789824df8e01f89de61,15f921027498d680bcc5601c6e7a74297608252053867789824df8e01f89de61,243564
sparse,images__val__0000276_05001_d_0000532.jpg,142023b126a0ad4329ec0f3c597de333ddca4e9606d3d76510e9bbd96d101374,142023b126a0ad4329ec0f3c597de333ddca4e9606d3d76510e9bbd96d101374,273988
sparse,images__val__0000276_05201_d_0000533.jpg,1a58c1be1a3b861d7c2e04f79102a0cf67efd1b72a3e790377e16e7f48ff216b,1a58c1be1a3b861d7c2e04f79102a0cf67efd1b72a3e790377e16e7f48ff216b,259373
sparse,images__val__0000276_05601_d_0000535.jpg,df1c2dd3c2824e7bdd5d3303a6526bfe6c0d62638304017356082010754d1cc7,df1c2dd3c2824e7bdd5d3303a6526bfe6c0d62638304017356082010754d1cc7,246447
sparse,images__val__0000276_05801_d_0000536.jpg,cdff2cb22503b9697cffa4e3020c02259ed7bdb5c1188c912e877c7215ab9b1c,cdff2cb22503b9697cffa4e3020c02259ed7bdb5c1188c912e877c7215ab9b1c,244721
sparse,images__val__0000276_06001_d_0000537.jpg,9e9908001d4f06849016904440a49a9b145e6d6acf9ee5d8cae20e6da3917c49,9e9908001d4f06849016904440a49a9b145e6d6acf9ee5d8cae20e6da3917c49,240589
sparse,images__val__0000283_00401_d_0000676.jpg,d7d4be1eaf50b38d9ac0183a3c29a72fb6686052ca0deab7fbbd23a4713b5ec0,d7d4be1eaf50b38d9ac0183a3c29a72fb6686052ca0deab7fbbd23a4713b5ec0,266376
sparse,images__val__0000283_00601_d_0000677.jpg,8978a8601609b5947808115f8e87035453b8d38499825decf9abac70d1eaa35e,8978a8601609b5947808115f8e87035453b8d38499825decf9abac70d1eaa35e,325549
sparse,images__val__0000283_00801_d_0000678.jpg,e5c9ae3ff00ac0e12ccb2efad6984c1c2b947906ac32c78e9c400b567ee3e6d9,e5c9ae3ff00ac0e12ccb2efad6984c1c2b947906ac32c78e9c400b567ee3e6d9,339344
sparse,images__val__0000283_01001_d_0000679.jpg,5fb12aac7893f47d848a24f2d10d659d9fff9e29af1235558b26bd52dff7c540,5fb12aac7893f47d848a24f2d10d659d9fff9e29af1235558b26bd52dff7c540,308004
sparse,images__val__0000287_02201_d_0000770.jpg,e06c203751be9f18ca6f3191c68fcfb0e10dfc4ba1580378294547f75cc337ab,e06c203751be9f18ca6f3191c68fcfb0e10dfc4ba1580378294547f75cc337ab,167687
sparse,images__val__0000287_02401_d_0000771.jpg,c440ce4f3af10682ca6f6336b96c2a365e1384d81525fa3724a3fcba6db2b612,c440ce4f3af10682ca6f6336b96c2a365e1384d81525fa3724a3fcba6db2b612,175504
sparse,images__val__0000287_03001_d_0000774.jpg,f5127529cc7ac04f03218c112a221aeee460990d75780c738bc64f311ca47e17,f5127529cc7ac04f03218c112a221aeee460990d75780c738bc64f311ca47e17,163639
sparse,images__val__0000289_01001_d_0000816.jpg,15539511bc4be52a9820376b5d0ce435c2e414e1726489c8b34778527a02d235,15539511bc4be52a9820376b5d0ce435c2e414e1726489c8b34778527a02d235,155180
sparse,images__val__0000289_02201_d_0000822.jpg,fc220ec10f4ed66247d0d6eb224000fdf02b4a53ccd0a8f8c2ab612a6b42afb3,fc220ec10f4ed66247d0d6eb224000fdf02b4a53ccd0a8f8c2ab612a6b42afb3,149348
sparse,images__val__0000313_07001_d_0000471.jpg,763d94421145f18adce4f057d9d107d4ba094055ec5da3a8c7c60b6663cd1fdd,763d94421145f18adce4f057d9d107d4ba094055ec5da3a8c7c60b6663cd1fdd,197550
sparse,images__val__0000316_00401_d_0000521.jpg,6da35461bf5eee6c030e669deed930d24c9112529d2ec634d7ce0a06d2ecf959,6da35461bf5eee6c030e669deed930d24c9112529d2ec634d7ce0a06d2ecf959,99951
sparse,images__val__0000316_00601_d_0000522.jpg,4ee916691fff6c2aba69466b32550bf59622242c30ddef5a11cb7d64016e3b7f,4ee916691fff6c2aba69466b32550bf59622242c30ddef5a11cb7d64016e3b7f,169046
sparse,images__val__0000316_00801_d_0000523.jpg,1137461b467450dc19aa0569fc4ad390739822eaa0edb037f76e3005c38bedbc,1137461b467450dc19aa0569fc4ad390739822eaa0edb037f76e3005c38bedbc,200882
sparse,images__val__0000316_01001_d_0000524.jpg,351d62e821f30b47a0b12d638a4f80ae7e1d9201d9bcefe5d6942ef4866a0857,351d62e821f30b47a0b12d638a4f80ae7e1d9201d9bcefe5d6942ef4866a0857,112336
sparse,images__val__0000316_01401_d_0000526.jpg,957041f146c7755e316302bfc9498f5e293c67aacd07c778c915a1b47803a53e,957041f146c7755e316302bfc9498f5e293c67aacd07c778c915a1b47803a53e,158715
sparse,images__val__0000316_01601_d_0000527.jpg,9b6a45ac9135b1a0aac7e56691bbd4a1f066f0a2b0ce2fdb6aa5ccf9f16764d1,9b6a45ac9135b1a0aac7e56691bbd4a1f066f0a2b0ce2fdb6aa5ccf9f16764d1,134817
sparse,images__val__0000316_01801_d_0000528.jpg,9a7f0c44eb24bbbdaf6b97ae65808c4cf041cbc546ff281b27b2631b15c326e1,9a7f0c44eb24bbbdaf6b97ae65808c4cf041cbc546ff281b27b2631b15c326e1,121272
sparse,images__val__0000316_02001_d_0000529.jpg,e6da362741add3610382644be496fbe961f39444c593c7eb0493234ff83b7423,e6da362741add3610382644be496fbe961f39444c593c7eb0493234ff83b7423,154367
sparse,images__val__0000316_02201_d_0000530.jpg,f1399b9cf883fb957a29aabad43b4b0faf89984aede0f54a287cbf27940f8c0d,f1399b9cf883fb957a29aabad43b4b0faf89984aede0f54a287cbf27940f8c0d,83613
sparse,images__val__0000335_00197_d_0000044.jpg,c12beaf52f5904a7da647e9ceb4d81327944eb83576b567f0f2ffa8ac57de57b,c12beaf52f5904a7da647e9ceb4d81327944eb83576b567f0f2ffa8ac57de57b,150751
sparse,images__val__0000335_00393_d_0000045.jpg,af042f4dcf9ed7bcd9456c6cbbdb6ab879da327e5f2af24b0170d7e4c784aff2,af042f4dcf9ed7bcd9456c6cbbdb6ab879da327e5f2af24b0170d7e4c784aff2,137227
sparse,images__val__0000335_00589_d_0000046.jpg,cc5874be4ca2541acaf43ce07d1e6a5c95ab3a490dcb97f5e874f64340175dbd,cc5874be4ca2541acaf43ce07d1e6a5c95ab3a490dcb97f5e874f64340175dbd,116965
sparse,images__val__0000335_00785_d_0000047.jpg,b8fcca468ee5ca8d75cb42a2a3bdd85e82f5a2c5d7e0bd1fe82680f4c12bafbb,b8fcca468ee5ca8d75cb42a2a3bdd85e82f5a2c5d7e0bd1fe82680f4c12bafbb,136378
sparse,images__val__0000335_03725_d_0000062.jpg,99ab05d0a372295b9278fad04783e4e7025999772093d325aac972ea22d059a4,99ab05d0a372295b9278fad04783e4e7025999772093d325aac972ea22d059a4,113791
sparse,images__val__0000335_04117_d_0000064.jpg,109703815338424ab542894f7e386147f9a0dc385e9e60be492e57399ffd9ae2,109703815338424ab542894f7e386147f9a0dc385e9e60be492e57399ffd9ae2,135166
sparse,images__val__0000335_05097_d_0000069.jpg,e0e8721b0578c41d51e8661b3a7ce966077ebc3150771d0d9db72bf79802a84d,e0e8721b0578c41d51e8661b3a7ce966077ebc3150771d0d9db72bf79802a84d,128619
sparse,images__val__0000335_05685_d_0000072.jpg,4b773c69888289964ee63229601732564d7ce50c54fc70de14a8529345d21a2c,4b773c69888289964ee63229601732564d7ce50c54fc70de14a8529345d21a2c,102804
sparse,images__val__0000335_06469_d_0000076.jpg,160a57d020af274a0b5f71b4373721847030161cbdf5a53e011b056e2d8b49d2,160a57d020af274a0b5f71b4373721847030161cbdf5a53e011b056e2d8b49d2,142913
sparse,images__val__0000335_06665_d_0000077.jpg,93237667f2426580ae76f5eacbe12f8efc3b9692b64048ec798c1e7c834be4e5,93237667f2426580ae76f5eacbe12f8efc3b9692b64048ec798c1e7c834be4e5,102120
sparse,images__val__0000335_06861_d_0000078.jpg,d69c0ec26a87a37525ac7c3cc9519aad539cd59e4b9e03976b94ded977bb9bea,d69c0ec26a87a37525ac7c3cc9519aad539cd59e4b9e03976b94ded977bb9bea,115063
sparse,images__val__0000348_00589_d_0000409.jpg,409747ba0ec2677319761819192b666707cfc08b56fe3cc8806420285859a6f7,409747ba0ec2677319761819192b666707cfc08b56fe3cc8806420285859a6f7,153798
sparse,images__val__0000348_03333_d_0000423.jpg,ce2b2743a539b353adbc57a8bfd87e4ea7c4b4f249a6eea42231089d7a83f657,ce2b2743a539b353adbc57a8bfd87e4ea7c4b4f249a6eea42231089d7a83f657,114010
sparse,images__val__0000359_00785_d_0000703.jpg,a50640581bd9aa6adc6f827717ed04b157251684a3e8c00fd5cfb83f08be98f3,a50640581bd9aa6adc6f827717ed04b157251684a3e8c00fd5cfb83f08be98f3,110181
sparse,images__val__0000359_00981_d_0000704.jpg,d316b816d76e0a4d05ba3e2a143a33a985a68aa0e7a28627b36012a11ddb1289,d316b816d76e0a4d05ba3e2a143a33a985a68aa0e7a28627b36012a11ddb1289,90125
sparse,images__val__0000359_01373_d_0000706.jpg,88e97df75f5070b4bdfe1c301e11b4ce770b0a8a97b900811ab03b0de37b1330,88e97df75f5070b4bdfe1c301e11b4ce770b0a8a97b900811ab03b0de37b1330,71765
sparse,images__val__0000359_01961_d_0000707.jpg,0efd6dea96ed26fc36fd4b3a469ceb0d4aa8ceaf1336be7fc34223e529940cd0,0efd6dea96ed26fc36fd4b3a469ceb0d4aa8ceaf1336be7fc34223e529940cd0,81479
sparse,images__val__0000359_02353_d_0000708.jpg,ae2e5971bbfd464dc23c58cf3182315dbbb02ef1099dd1833c1359637555f78e,ae2e5971bbfd464dc23c58cf3182315dbbb02ef1099dd1833c1359637555f78e,129721
sparse,images__val__0000359_02549_d_0000709.jpg,f58edab762c5150db185d33cbb83877193e1e3159c04e754c56b10f4874adda2,f58edab762c5150db185d33cbb83877193e1e3159c04e754c56b10f4874adda2,103581
sparse,images__val__0000359_03333_d_0000711.jpg,7f14598b9dd3c2c5e39cd101517478f9596785fe0de017518a03ea41b118e19f,7f14598b9dd3c2c5e39cd101517478f9596785fe0de017518a03ea41b118e19f,108980
sparse,images__val__0000359_03529_d_0000712.jpg,b07729aba8113fb586cd795eb7e018360c6eef71b67756da0970b8ace676fd78,b07729aba8113fb586cd795eb7e018360c6eef71b67756da0970b8ace676fd78,69606
sparse,images__val__0000360_03529_d_0000731.jpg,5767f033ef5f3dfc94f92a29a00e678a0289ebeba22fc4ad834ce45679a9e928,5767f033ef5f3dfc94f92a29a00e678a0289ebeba22fc4ad834ce45679a9e928,125161
sparse,images__val__0000360_04117_d_0000734.jpg,7f69b0d31082b084e4603e54d84faa316e469fa6b19d7d6b7497ed226ed09791,7f69b0d31082b084e4603e54d84faa316e469fa6b19d7d6b7497ed226ed09791,73995
sparse,images__val__0000360_04705_d_0000737.jpg,70bd4db66dd41b7b57d25eabcf438d93cd25f977e4b2ee2cb7b06cfd27851fef,70bd4db66dd41b7b57d25eabcf438d93cd25f977e4b2ee2cb7b06cfd27851fef,74809
sparse,images__val__0000360_06273_d_0000745.jpg,7afb55fd1d1ceb259c37862b6b2bb1ba78eebf784d2b9166cad629ffc1a1386e,7afb55fd1d1ceb259c37862b6b2bb1ba78eebf784d2b9166cad629ffc1a1386e,78639
sparse,images__val__0000360_06861_d_0000748.jpg,dccfbdf2bb867554cbc9bd4cf5532557a222b72574e89d12c97e94c414fb9f1a,dccfbdf2bb867554cbc9bd4cf5532557a222b72574e89d12c97e94c414fb9f1a,118893
sparse,images__val__0000360_07057_d_0000749.jpg,f2001f05a3e0d0038711c50c47d07bd95fe093efb227ef01061f7030190e2849,f2001f05a3e0d0038711c50c47d07bd95fe093efb227ef01061f7030190e2849,71444
sparse,images__val__0000360_07253_d_0000750.jpg,5cf2add4d0b768ff0bd82e02a06a1913af56c7537113d30a30decc5234dbbd3c,5cf2add4d0b768ff0bd82e02a06a1913af56c7537113d30a30decc5234dbbd3c,121833
sparse,images__val__0000360_07645_d_0000752.jpg,f1539e824b89bda8fcd49d4e2322087e486fd68a0a8b2e3e98684b39b8b1ac44,f1539e824b89bda8fcd49d4e2322087e486fd68a0a8b2e3e98684b39b8b1ac44,113151
small_objects,images__val__0000001_03499_d_0000006.jpg,e8585cff10c927e5d08c23d46c50c798889d6f8979aa71a56a5b9bb4af628672,e8585cff10c927e5d08c23d46c50c798889d6f8979aa71a56a5b9bb4af628672,437855
small_objects,images__val__0000001_07999_d_0000012.jpg,31cb7d532a8a3519d1f715504690b835cba16571ce3cf0b6d7c4ee8eeefcddba,31cb7d532a8a3519d1f715504690b835cba16571ce3cf0b6d7c4ee8eeefcddba,434177
small_objects,images__val__0000001_08414_d_0000013.jpg,4b45f869b490c04ea79f5c09f9dde05fdaf59afbc337ae1210c463b00a120b9a,4b45f869b490c04ea79f5c09f9dde05fdaf59afbc337ae1210c463b00a120b9a,372706
small_objects,images__val__0000021_00000_d_0000001.jpg,75fdfa4790236cee64f2e0cba7be9d1693648a07346de5e8858fc3c8c8d0b82a,75fdfa4790236cee64f2e0cba7be9d1693648a07346de5e8858fc3c8c8d0b82a,80019
small_objects,images__val__0000021_00500_d_0000002.jpg,9425b639d79cbbb99e686178b5035bf2fd252436baa776cfe2440a38e4f0c94c,9425b639d79cbbb99e686178b5035bf2fd252436baa776cfe2440a38e4f0c94c,84927
small_objects,images__val__0000024_01000_d_0000014.jpg,0633cf1f0ab2c2d8fcde55d014465d875433cac69edbb643e8b9485f60ba1269,0633cf1f0ab2c2d8fcde55d014465d875433cac69edbb643e8b9485f60ba1269,87745
small_objects,images__val__0000086_01954_d_0000005.jpg,049628eddaff7c28796e229c55ad714a1b6001fe2b729874a7a9ab0d606fbcdc,049628eddaff7c28796e229c55ad714a1b6001fe2b729874a7a9ab0d606fbcdc,92267
small_objects,images__val__0000115_00315_d_0000080.jpg,19a3fdf81cfbdac963e29d571a3590d9c951d2045c6360a2c0f31ad1e57dfad5,19a3fdf81cfbdac963e29d571a3590d9c951d2045c6360a2c0f31ad1e57dfad5,64371
small_objects,images__val__0000116_01338_d_0000086.jpg,6168de0a9997dbd277c448ccf5904f9443446b81923498eeed97bb00d39eae28,6168de0a9997dbd277c448ccf5904f9443446b81923498eeed97bb00d39eae28,66213
small_objects,images__val__0000153_00801_d_0000001.jpg,44dd0051e2670b9ea9eb9a1fb4a7dc51547346699146264afc2e6cd2abe9ee83,44dd0051e2670b9ea9eb9a1fb4a7dc51547346699146264afc2e6cd2abe9ee83,80421
small_objects,images__val__0000153_01201_d_0000001.jpg,67ab340473523248bbbdd67f5a685c7eeba0cd1cb47bcdb6603cfd5c92203113,67ab340473523248bbbdd67f5a685c7eeba0cd1cb47bcdb6603cfd5c92203113,84536
small_objects,images__val__0000153_01601_d_0000001.jpg,240b31b8f8fdd9cc84c9c6100dae54da033dd29cf2e9c0c33e6e3c06a4a6e623,240b31b8f8fdd9cc84c9c6100dae54da033dd29cf2e9c0c33e6e3c06a4a6e623,90676
small_objects,images__val__0000153_01801_d_0000001.jpg,21aa6211aa97bfd40efaddf1a6fd874717854c139989ee19335f31ddae51cce0,21aa6211aa97bfd40efaddf1a6fd874717854c139989ee19335f31ddae51cce0,93291
small_objects,images__val__0000154_00001_d_0000001.jpg,4f6d23366aea26cb33b685b50180bc9d38176c87c7a2c62a89343faca22e68a8,4f6d23366aea26cb33b685b50180bc9d38176c87c7a2c62a89343faca22e68a8,90746
small_objects,images__val__0000154_00801_d_0000001.jpg,cf0bf7d9ec5b6aa21a2c142d13b2ee25dbe588b216cf27360a9ce4a9b4d1dea3,cf0bf7d9ec5b6aa21a2c142d13b2ee25dbe588b216cf27360a9ce4a9b4d1dea3,80960
small_objects,images__val__0000154_01201_d_0000001.jpg,345fb446e2525b5d21a2941cb6fb384402a648582721f255ec4c2293a9e604bf,345fb446e2525b5d21a2941cb6fb384402a648582721f255ec4c2293a9e604bf,85782
small_objects,images__val__0000154_01601_d_0000001.jpg,5701c1abb2849684bb43050741b1127e859d3b0ffd8e503b08a5702fd305c864,5701c1abb2849684bb43050741b1127e859d3b0ffd8e503b08a5702fd305c864,88439
small_objects,images__val__0000162_01058_d_0000001.jpg,caa7f14f23c50974bf753088b80acc44c0cb448deb1d0eb86da92cd2a17d48b4,caa7f14f23c50974bf753088b80acc44c0cb448deb1d0eb86da92cd2a17d48b4,85378
small_objects,images__val__0000163_00359_d_0000001.jpg,1b1179ffb9fed6a1bc7ee5165ac2f5b9a86da03566522a7c62b2bab18c7a1b3d,1b1179ffb9fed6a1bc7ee5165ac2f5b9a86da03566522a7c62b2bab18c7a1b3d,91319
small_objects,images__val__0000193_02606_d_0000117.jpg,ccb7dba0f900604083eebd1e65667dc839a27b67ff7d6fdb55a0bac27c74baff,ccb7dba0f900604083eebd1e65667dc839a27b67ff7d6fdb55a0bac27c74baff,116277
small_objects,images__val__0000193_02725_d_0000118.jpg,fd972e45ad79e927e9dd577d73cebe88e76cad3eccf3dc4133decf4378766a16,fd972e45ad79e927e9dd577d73cebe88e76cad3eccf3dc4133decf4378766a16,107024
small_objects,images__val__0000194_00200_d_0000120.jpg,3028fbea3b9cdcbd5841a687d66a297b0d517749ec5ca4dc13d21edf05bd8d1d,3028fbea3b9cdcbd5841a687d66a297b0d517749ec5ca4dc13d21edf05bd8d1d,99025
small_objects,images__val__0000196_04512_d_0000144.jpg,689a2a82687aef58c9039feec34355c7c6775717cebb50672c10d45aba6591b3,689a2a82687aef58c9039feec34355c7c6775717cebb50672c10d45aba6591b3,434990
small_objects,images__val__0000213_02500_d_0000240.jpg,d1512ee855ae1941b059c45a51774c1bec8f1d27ff41b7864d0dfd8301e1b3ca,d1512ee855ae1941b059c45a51774c1bec8f1d27ff41b7864d0dfd8301e1b3ca,156274
small_objects,images__val__0000215_00000_d_0000256.jpg,1decaa5a5ef44a189030325c01f163e023d8fd7942997c9f26d3bdc2191baad2,1decaa5a5ef44a189030325c01f163e023d8fd7942997c9f26d3bdc2191baad2,137280
small_objects,images__val__0000216_00520_d_0000001.jpg,b3ee73881f8935accdd421d8089bacab25c7a159593ef30c851a76c20caf5f18,b3ee73881f8935accdd421d8089bacab25c7a159593ef30c851a76c20caf5f18,151364
small_objects,images__val__0000220_01242_d_0000004.jpg,959e11905fb85779f0c01b0373fdc6650c4fe4d741f6902b0d9749a3f1a7ef36,959e11905fb85779f0c01b0373fdc6650c4fe4d741f6902b0d9749a3f1a7ef36,377900
small_objects,images__val__0000223_01802_d_0000005.jpg,f31718f8b097c63ae2f1fe2a59521d72ca1e90cb1f8dbb4acb87a39bb3db42d9,f31718f8b097c63ae2f1fe2a59521d72ca1e90cb1f8dbb4acb87a39bb3db42d9,358838
small_objects,images__val__0000242_00627_d_0000003.jpg,8e576b3583330078c660e58b84bb936b4494bfa8465f3632677550b05657318c,8e576b3583330078c660e58b84bb936b4494bfa8465f3632677550b05657318c,87062
small_objects,images__val__0000242_01139_d_0000006.jpg,a71227183dcec55bd528d56cc948986d04c9a62cf95fa476e2ad9c04f466205d,a71227183dcec55bd528d56cc948986d04c9a62cf95fa476e2ad9c04f466205d,94308
small_objects,images__val__0000242_01912_d_0000008.jpg,8c5fe70287156d02701a9e202d381a3daf6c77c48b9bbc22c3720c9f7dcd578f,8c5fe70287156d02701a9e202d381a3daf6c77c48b9bbc22c3720c9f7dcd578f,92646
small_objects,images__val__0000242_05059_d_0000015.jpg,8549bb921ed98b904053b2844c6e9dad047bc27bb3253352bcdb9506e26659b5,8549bb921ed98b904053b2844c6e9dad047bc27bb3253352bcdb9506e26659b5,132925
small_objects,images__val__0000242_05570_d_0000016.jpg,815fb9f8f3e9b111d586231b00690a243a21b2fe59ed1ebd32fc677be0564c1e,815fb9f8f3e9b111d586231b00690a243a21b2fe59ed1ebd32fc677be0564c1e,120187
small_objects,images__val__0000242_06010_d_0000017.jpg,8dffd7bff2b0fa0c99644919af0e4fff41bceb81661b3696069c463dfac05450,8dffd7bff2b0fa0c99644919af0e4fff41bceb81661b3696069c463dfac05450,109616
small_objects,images__val__0000244_00500_d_0000002.jpg,137df9e5309928fbd2f65fb2c9cc54501450e8dd1b97d6c131fe34b4e0916dd4,137df9e5309928fbd2f65fb2c9cc54501450e8dd1b97d6c131fe34b4e0916dd4,94478
small_objects,images__val__0000244_01000_d_0000003.jpg,8efc95569fb0281563a6d920c12b508b0316e772f00ea04a925406ed0ebb55a4,8efc95569fb0281563a6d920c12b508b0316e772f00ea04a925406ed0ebb55a4,119412
small_objects,images__val__0000244_02000_d_0000005.jpg,e361a06dc4974a1d99bc2e9a30569d1c8ad478af44bb0f10043aeec5c60e2891,e361a06dc4974a1d99bc2e9a30569d1c8ad478af44bb0f10043aeec5c60e2891,116068
small_objects,images__val__0000244_02500_d_0000006.jpg,52575cd332519cd96cacfe3d026383892672a16bfab312e9b120e5bb4bcc0798,52575cd332519cd96cacfe3d026383892672a16bfab312e9b120e5bb4bcc0798,95206
small_objects,images__val__0000244_03000_d_0000007.jpg,1e25ecc711605feff53f5eb8c9730b9d39a97b154d166231d7281ac9b95204cc,1e25ecc711605feff53f5eb8c9730b9d39a97b154d166231d7281ac9b95204cc,87198
small_objects,images__val__0000244_05900_d_0000013.jpg,94e5970e3480de7dc8e9042a591505f377ff6d4e126a20723e61657c6dbace51,94e5970e3480de7dc8e9042a591505f377ff6d4e126a20723e61657c6dbace51,93231
small_objects,images__val__0000244_06388_d_0000014.jpg,6080116888509d8856fa9b957c60c273e17a94195fe13401ddbec6158eb6e7ab,6080116888509d8856fa9b957c60c273e17a94195fe13401ddbec6158eb6e7ab,100061
small_objects,images__val__0000249_00001_d_0000001.jpg,23444a970791fffc676dab799fecb84c61ae6c5e21d97185ebeb673225f5c63e,23444a970791fffc676dab799fecb84c61ae6c5e21d97185ebeb673225f5c63e,98454
small_objects,images__val__0000249_00235_d_0000002.jpg,21950db670ac150b36c1e608cb08a207497d71b5008c45b25dda880abe28276a,21950db670ac150b36c1e608cb08a207497d71b5008c45b25dda880abe28276a,100510
small_objects,images__val__0000249_00603_d_0000003.jpg,b6155c551f44d120744774342872779eb08b195aa7b3ea2f1f912e1d1f089000,b6155c551f44d120744774342872779eb08b195aa7b3ea2f1f912e1d1f089000,101068
small_objects,images__val__0000249_01635_d_0000006.jpg,643be39f8d77260a73a23e9b54b318e127b27c0976ed7d65b81efcf3d721dceb,643be39f8d77260a73a23e9b54b318e127b27c0976ed7d65b81efcf3d721dceb,103972
small_objects,images__val__0000249_02073_d_0000007.jpg,c7e467522164296f0254947233fdf2b27b00d167255109bcd1dbb975fe7055e1,c7e467522164296f0254947233fdf2b27b00d167255109bcd1dbb975fe7055e1,114759
small_objects,images__val__0000249_02900_d_0000009.jpg,1fac10f48fca27dc619c664aa02672a77f52040b369a4ab579349e585e331d65,1fac10f48fca27dc619c664aa02672a77f52040b369a4ab579349e585e331d65,107284
small_objects,images__val__0000269_00001_d_0000348.jpg,c2896dcad866d0480ead44cc4239a5b49d1b3c35fcfba8d8d0adaee5b718a81f,c2896dcad866d0480ead44cc4239a5b49d1b3c35fcfba8d8d0adaee5b718a81f,174614
small_objects,images__val__0000269_00601_d_0000351.jpg,c3a70ad78f9f972141abceb0fbd97497f82422a09d73a5a6ef6b33382923783f,c3a70ad78f9f972141abceb0fbd97497f82422a09d73a5a6ef6b33382923783f,170520
small_objects,images__val__0000271_03001_d_0000387.jpg,6de3a8d8d933d5e95dcc5f314fd04e8f50eeb5b068d4291290242f9cccc9f1a1,6de3a8d8d933d5e95dcc5f314fd04e8f50eeb5b068d4291290242f9cccc9f1a1,162982
small_objects,images__val__0000271_04801_d_0000396.jpg,be05c112d3b0a9dd817bd649d18364a4543c2550463a002414c77868202ca982,be05c112d3b0a9dd817bd649d18364a4543c2550463a002414c77868202ca982,172502
small_objects,images__val__0000271_05001_d_0000397.jpg,2c799913d53c2d11596c49d7241b32ffd5b3669d54eccccd230082a892a08551,2c799913d53c2d11596c49d7241b32ffd5b3669d54eccccd230082a892a08551,168973
small_objects,images__val__0000271_07201_d_0000408.jpg,960299954b308a51ea0195d9418c118ec441e48b350932376355bc88e974a835,960299954b308a51ea0195d9418c118ec441e48b350932376355bc88e974a835,144019
small_objects,images__val__0000276_00001_d_0000507.jpg,e98061d456f2c80639849c8d343fb1b9597e369858babf7407bd6c8730edf903,e98061d456f2c80639849c8d343fb1b9597e369858babf7407bd6c8730edf903,154347
small_objects,images__val__0000276_00401_d_0000509.jpg,eee7ff103cf14f14cfee03dc02178eca00ac26c893b4d0faad801fd50b13b045,eee7ff103cf14f14cfee03dc02178eca00ac26c893b4d0faad801fd50b13b045,162541
small_objects,images__val__0000276_00601_d_0000510.jpg,e5bf508cadccad2c002925f89f1f6eead9d8b036606840327b551fd7ede7874e,e5bf508cadccad2c002925f89f1f6eead9d8b036606840327b551fd7ede7874e,197098
small_objects,images__val__0000276_01201_d_0000513.jpg,60e8d534bc1a3054894ab36bd1bf1dcdba821632e2439861c1f9bd10f09812d8,60e8d534bc1a3054894ab36bd1bf1dcdba821632e2439861c1f9bd10f09812d8,197372
small_objects,images__val__0000276_01801_d_0000516.jpg,e3c66263321728801e2e84bb746ab91213464d8ba7160eb29e6b7d7f08768a09,e3c66263321728801e2e84bb746ab91213464d8ba7160eb29e6b7d7f08768a09,207491
small_objects,images__val__0000276_02201_d_0000518.jpg,6ab6b0a0a212fb371bbb6fba5515866ea99542ba608485428330b25be012ebbb,6ab6b0a0a212fb371bbb6fba5515866ea99542ba608485428330b25be012ebbb,227451
small_objects,images__val__0000276_02401_d_0000519.jpg,4c023df819cbbd984e5c91a50ad3a43910cd63229194d8fd94b5a0517217a094,4c023df819cbbd984e5c91a50ad3a43910cd63229194d8fd94b5a0517217a094,236957
small_objects,images__val__0000276_02601_d_0000520.jpg,4d45fedb318c864cd6902ccfff5a0f5f5dfbcc6150fe91fefeb6319f17f773ad,4d45fedb318c864cd6902ccfff5a0f5f5dfbcc6150fe91fefeb6319f17f773ad,209376
small_objects,images__val__0000276_02801_d_0000521.jpg,1fdce9a1feeb56f1b8a3d223069bc1d0b11a9a41e623619efe7f03079c1a1c26,1fdce9a1feeb56f1b8a3d223069bc1d0b11a9a41e623619efe7f03079c1a1c26,224588
small_objects,images__val__0000276_03001_d_0000522.jpg,212e4ca8b58b79b9eadf4c374617d3cc2105dac941a8feca392de131628a947d,212e4ca8b58b79b9eadf4c374617d3cc2105dac941a8feca392de131628a947d,199371
small_objects,images__val__0000276_03201_d_0000523.jpg,5f8d56b962766cdfb9271323bb16ab72759a39f4fc8cb18f83fbeba7b065d9a7,5f8d56b962766cdfb9271323bb16ab72759a39f4fc8cb18f83fbeba7b065d9a7,216794
small_objects,images__val__0000276_03401_d_0000524.jpg,7d33fa9b5b3842b1a6a6fb3f380d886ec07eb79e7d816bf36b016845d1796ef4,7d33fa9b5b3842b1a6a6fb3f380d886ec07eb79e7d816bf36b016845d1796ef4,213188
small_objects,images__val__0000276_03601_d_0000525.jpg,0ba5003db5454ead9ad6d9f594de34bd8b5e543daff972c779a23ae71c837f85,0ba5003db5454ead9ad6d9f594de34bd8b5e543daff972c779a23ae71c837f85,196877
small_objects,images__val__0000276_04001_d_0000527.jpg,4765af1b3656c247bd77dce445c509c1a0b433889f23264d5dce2be4a24844c5,4765af1b3656c247bd77dce445c509c1a0b433889f23264d5dce2be4a24844c5,215269
small_objects,images__val__0000276_04601_d_0000530.jpg,0795edf114a0aad392018e7eb7bb018f08795f2a98eb137f109017d22fb8fe2f,0795edf114a0aad392018e7eb7bb018f08795f2a98eb137f109017d22fb8fe2f,230603
small_objects,images__val__0000276_05001_d_0000532.jpg,142023b126a0ad4329ec0f3c597de333ddca4e9606d3d76510e9bbd96d101374,142023b126a0ad4329ec0f3c597de333ddca4e9606d3d76510e9bbd96d101374,273988
small_objects,images__val__0000276_05601_d_0000535.jpg,df1c2dd3c2824e7bdd5d3303a6526bfe6c0d62638304017356082010754d1cc7,df1c2dd3c2824e7bdd5d3303a6526bfe6c0d62638304017356082010754d1cc7,246447
small_objects,images__val__0000277_00001_d_0000539.jpg,d72c4d0e32be1d85bdf75c580ccbf5656e3faf915df05bec06d2f856d20cf81b,d72c4d0e32be1d85bdf75c580ccbf5656e3faf915df05bec06d2f856d20cf81b,123080
small_objects,images__val__0000277_00401_d_0000541.jpg,43ca0b0532e7f3af0fc4ea99737ab6809f9f463f1c664ae59f0b5f78ea82775d,43ca0b0532e7f3af0fc4ea99737ab6809f9f463f1c664ae59f0b5f78ea82775d,97585
small_objects,images__val__0000277_02601_d_0000552.jpg,cd66bdaaabba5217fd7be47dfa42ab9e9ebc5c6688b28cb5eb5086f4863e6857,cd66bdaaabba5217fd7be47dfa42ab9e9ebc5c6688b28cb5eb5086f4863e6857,144587
small_objects,images__val__0000280_00601_d_0000615.jpg,fc0b07993b5fcdf471faf3f3dfbd42fe0cd37fb683958ad429d7e265266c1571,fc0b07993b5fcdf471faf3f3dfbd42fe0cd37fb683958ad429d7e265266c1571,188577
small_objects,images__val__0000280_01001_d_0000617.jpg,24e924f6c0dd9002a8371ada9033b1ab6f29c523ccce90376d6cad44e3a2a513,24e924f6c0dd9002a8371ada9033b1ab6f29c523ccce90376d6cad44e3a2a513,192593
small_objects,images__val__0000280_01201_d_0000618.jpg,afdf63a59991d7ae40e45d22be6ca2bd8be9cf6414b2ab03d0b98d84d506be5e,afdf63a59991d7ae40e45d22be6ca2bd8be9cf6414b2ab03d0b98d84d506be5e,181447
small_objects,images__val__0000280_01801_d_0000621.jpg,70c96b32ef08b25e24557bd8b9ff9974d6537e7d1badc8a108d06d536b3f60aa,70c96b32ef08b25e24557bd8b9ff9974d6537e7d1badc8a108d06d536b3f60aa,161263
small_objects,images__val__0000280_02401_d_0000624.jpg,8f37fed8b58d49826bf325ab06ddecbfb0093f3d427a02ee4eb0842494fce5bb,8f37fed8b58d49826bf325ab06ddecbfb0093f3d427a02ee4eb0842494fce5bb,169663
small_objects,images__val__0000283_00601_d_0000677.jpg,8978a8601609b5947808115f8e87035453b8d38499825decf9abac70d1eaa35e,8978a8601609b5947808115f8e87035453b8d38499825decf9abac70d1eaa35e,325549
small_objects,images__val__0000283_00801_d_0000678.jpg,e5c9ae3ff00ac0e12ccb2efad6984c1c2b947906ac32c78e9c400b567ee3e6d9,e5c9ae3ff00ac0e12ccb2efad6984c1c2b947906ac32c78e9c400b567ee3e6d9,339344
small_objects,images__val__0000287_00601_d_0000762.jpg,cc043a1ece05fc049c29440f80482b2e709ad758ed6c8cd3164a24dd3e175b81,cc043a1ece05fc049c29440f80482b2e709ad758ed6c8cd3164a24dd3e175b81,166673
small_objects,images__val__0000287_01601_d_0000767.jpg,c5075dde6ef3a390f71faf987fa304201d33078e6c599253ba4de946c00f0b47,c5075dde6ef3a390f71faf987fa304201d33078e6c599253ba4de946c00f0b47,169913
small_objects,images__val__0000287_04601_d_0000780.jpg,1a47b573fc800844a71116e8524fa8e32ecc9fb19142fca8ab66dcaea89a10e8,1a47b573fc800844a71116e8524fa8e32ecc9fb19142fca8ab66dcaea89a10e8,173835
small_objects,images__val__0000287_05001_d_0000782.jpg,5932f28554424d5cf1b2f512d199fd0ca69717cc49e62b6ed4c8f7159f6ee87f,5932f28554424d5cf1b2f512d199fd0ca69717cc49e62b6ed4c8f7159f6ee87f,177928
small_objects,images__val__0000289_03601_d_0000829.jpg,2e288a32502bee4f3c1950725d19457ba80fe75862c91930faae516a8f80b93e,2e288a32502bee4f3c1950725d19457ba80fe75862c91930faae516a8f80b93e,157407
small_objects,images__val__0000289_03801_d_0000830.jpg,b6f29ee7b7cdf1cdc79e055efcd9149a0b92363bc4b045f9a1d8bbe08122b7f5,b6f29ee7b7cdf1cdc79e055efcd9149a0b92363bc4b045f9a1d8bbe08122b7f5,168895
small_objects,images__val__0000289_06801_d_0000845.jpg,4a9ef5752709c1727134f75f660d1ae89bcab6929ae3c4bdb4cafca77e230708,4a9ef5752709c1727134f75f660d1ae89bcab6929ae3c4bdb4cafca77e230708,194329
small_objects,images__val__0000291_00001_d_0000868.jpg,66e3d1991b32341839b607515ca7432eb98a18f473b244a89923ab59f1e463c0,66e3d1991b32341839b607515ca7432eb98a18f473b244a89923ab59f1e463c0,164040
small_objects,images__val__0000291_00401_d_0000870.jpg,c2fcfe15053d0de805ef995f81b16b11e9e583472df232ffb22b30e0275a329b,c2fcfe15053d0de805ef995f81b16b11e9e583472df232ffb22b30e0275a329b,188896
small_objects,images__val__0000293_03601_d_0000940.jpg,2a4da79988c16e08fcffb64b15aec88060ba9f52012ab42585e9174a2ab788ab,2a4da79988c16e08fcffb64b15aec88060ba9f52012ab42585e9174a2ab788ab,193171
small_objects,images__val__0000295_00000_d_0000021.jpg,87e05952a3ca89e2dfe0742b515175ddbd73e785abefb87bff8ac8a0538d633c,87e05952a3ca89e2dfe0742b515175ddbd73e785abefb87bff8ac8a0538d633c,184221
small_objects,images__val__0000295_00600_d_0000024.jpg,21ff2cfbf1a06ef0a9a335965cce128d7c0f0f86e46092d37085376a850a8248,21ff2cfbf1a06ef0a9a335965cce128d7c0f0f86e46092d37085376a850a8248,189099
small_objects,images__val__0000295_00800_d_0000025.jpg,4d4d55df101fa6c84006bc0d2e9dd213d5ee8c96ba99ddcfc72b471c5ecb4827,4d4d55df101fa6c84006bc0d2e9dd213d5ee8c96ba99ddcfc72b471c5ecb4827,194388
small_objects,images__val__0000295_01000_d_0000026.jpg,912d06a154ae543ee7591869ded8edf36befe2eb4bb755a36ded2478d2c48801,912d06a154ae543ee7591869ded8edf36befe2eb4bb755a36ded2478d2c48801,187380
small_objects,images__val__0000295_01200_d_0000027.jpg,f30e40c67f892fcc697cdfa0b4a63016ad1cc37d3013d53d1ca92837a9d97b5b,f30e40c67f892fcc697cdfa0b4a63016ad1cc37d3013d53d1ca92837a9d97b5b,179999
small_objects,images__val__0000295_01400_d_0000028.jpg,b3d497526d77a4af97c4bbf01402850e6c3461347afff8b16d7b0c1083030b3a,b3d497526d77a4af97c4bbf01402850e6c3461347afff8b16d7b0c1083030b3a,180525
small_objects,images__val__0000295_01800_d_0000030.jpg,b01da65652fce82a45514282c19529d358ad353e067f19992106f3e829edd579,b01da65652fce82a45514282c19529d358ad353e067f19992106f3e829edd579,203035
small_objects,images__val__0000295_02000_d_0000031.jpg,245b277500839edc050b351c24e5b91ecb281bb85ac00401628ff1182d607572,245b277500839edc050b351c24e5b91ecb281bb85ac00401628ff1182d607572,205258
small_objects,images__val__0000295_02400_d_0000033.jpg,f4e6fc5838b411648e0d10845540309874c23bd79a402d6be68bf57cbedf6771,f4e6fc5838b411648e0d10845540309874c23bd79a402d6be68bf57cbedf6771,203807
small_objects,images__val__0000295_02900_d_0000034.jpg,7602ae661a63950f9d8593f9cb2eab08617671c2749c2caf8de8d40351354d6c,7602ae661a63950f9d8593f9cb2eab08617671c2749c2caf8de8d40351354d6c,185693
small_objects,images__val__0000303_03401_d_0000200.jpg,35cbee0cfe2d1b545c5c9c7bcc83753ab348606f89209829d28fad3ba8009523,35cbee0cfe2d1b545c5c9c7bcc83753ab348606f89209829d28fad3ba8009523,195391
small_objects,images__val__0000313_06401_d_0000468.jpg,d18d2b4c8b61938bb85b80acbc509fbbe7732ca2c2a622d7a179efab00359188,d18d2b4c8b61938bb85b80acbc509fbbe7732ca2c2a622d7a179efab00359188,185440
small_objects,images__val__0000313_06601_d_0000469.jpg,b887075b5b91047e11a634c5634591e8b97a4d1d7e8b06f03c3614401f0535f2,b887075b5b91047e11a634c5634591e8b97a4d1d7e8b06f03c3614401f0535f2,190249
small_objects,images__val__0000315_01601_d_0000509.jpg,57127672b27bc67c60dbe076a1600c5bd026a39b8f18c821573f6d053a1a4611,57127672b27bc67c60dbe076a1600c5bd026a39b8f18c821573f6d053a1a4611,195638
small_objects,images__val__0000316_00601_d_0000522.jpg,4ee916691fff6c2aba69466b32550bf59622242c30ddef5a11cb7d64016e3b7f,4ee916691fff6c2aba69466b32550bf59622242c30ddef5a11cb7d64016e3b7f,169046
small_objects,images__val__0000316_00801_d_0000523.jpg,1137461b467450dc19aa0569fc4ad390739822eaa0edb037f76e3005c38bedbc,1137461b467450dc19aa0569fc4ad390739822eaa0edb037f76e3005c38bedbc,200882
small_objects,images__val__0000327_03001_d_0000726.jpg,a159f981f4fced5082c999d214d7e5e2a328850acce434636fc20f8d23bedb1f,a159f981f4fced5082c999d214d7e5e2a328850acce434636fc20f8d23bedb1f,121564
small_objects,images__val__0000327_03201_d_0000727.jpg,921eb37c357baa6debc4f370b34799c0f749b9d468dfeb302eb4887a7742ddce,921eb37c357baa6debc4f370b34799c0f749b9d468dfeb302eb4887a7742ddce,121297
small_objects,images__val__0000327_03401_d_0000728.jpg,aa20636d2e9e39eb91d556ccb6c37d3810bccc7686bca5ec189859101150cc03,aa20636d2e9e39eb91d556ccb6c37d3810bccc7686bca5ec189859101150cc03,135166
small_objects,images__val__0000327_03801_d_0000730.jpg,ac41406165ac4da8c7e8859bc0056d9f8c5536251c8ef2589f29a0762c7810e5,ac41406165ac4da8c7e8859bc0056d9f8c5536251c8ef2589f29a0762c7810e5,144886
small_objects,images__val__0000327_04001_d_0000731.jpg,5ac8129280162a86bbe26ac10b87cfaf0e4c0f0d01db1aa1c121b6a2b9ea4784,5ac8129280162a86bbe26ac10b87cfaf0e4c0f0d01db1aa1c121b6a2b9ea4784,146806
small_objects,images__val__0000330_00001_d_0000800.jpg,ec8729b6a0630825c8d32206ad8b43f63f2b4599b88d96bac9a91cefc879193b,ec8729b6a0630825c8d32206ad8b43f63f2b4599b88d96bac9a91cefc879193b,185338
small_objects,images__val__0000330_00201_d_0000801.jpg,a171c57aa5bf2688c72d99c5b29191c6d7ce67bce34a8e1f7e985db2f0d6c5c6,a171c57aa5bf2688c72d99c5b29191c6d7ce67bce34a8e1f7e985db2f0d6c5c6,161049
small_objects,images__val__0000330_00401_d_0000802.jpg,658df565075881cd79e679e056699431ec1f05586b29928eda89f1eb5b4fd296,658df565075881cd79e679e056699431ec1f05586b29928eda89f1eb5b4fd296,151023
small_objects,images__val__0000330_00601_d_0000803.jpg,1c0343bbb0bb2705ac18ac5a3848153287267db6046773d08f6ed2511c006b97,1c0343bbb0bb2705ac18ac5a3848153287267db6046773d08f6ed2511c006b97,150912
small_objects,images__val__0000330_01201_d_0000806.jpg,aff148aaa2234166a977341cb78e573127cfb59406ff32f9e35ed97e2ef29a25,aff148aaa2234166a977341cb78e573127cfb59406ff32f9e35ed97e2ef29a25,168930
small_objects,images__val__0000330_01601_d_0000808.jpg,5d55d08e7303ab86c579ff01a63b87ccd2c73a8319a4fcae99dd9f9f6c56757b,5d55d08e7303ab86c579ff01a63b87ccd2c73a8319a4fcae99dd9f9f6c56757b,139385
small_objects,images__val__0000333_01765_d_0000010.jpg,934d41088f6aaea3b2fa1391f823e5c10f3b1e6d034e3345629b9d3e2d2ed453,934d41088f6aaea3b2fa1391f823e5c10f3b1e6d034e3345629b9d3e2d2ed453,141223
small_objects,images__val__0000333_02549_d_0000014.jpg,6b3b809e61fe2a3d1af1821e4b66bdb1379830bd96a3d1726468a528afeaa422,6b3b809e61fe2a3d1af1821e4b66bdb1379830bd96a3d1726468a528afeaa422,148306
small_objects,images__val__0000335_00981_d_0000048.jpg,a5249cec4d5df6fb952092bf587cf47363a1b0858f20f122ebebb964951748a6,a5249cec4d5df6fb952092bf587cf47363a1b0858f20f122ebebb964951748a6,150562
small_objects,images__val__0000335_02353_d_0000055.jpg,46ae4321558260f98b62e13f22238425775d6724f404f42a8085536c20be333c,46ae4321558260f98b62e13f22238425775d6724f404f42a8085536c20be333c,169167
small_objects,images__val__0000335_02549_d_0000056.jpg,d7974624787092f6d4239d8246eb27276200b9900c5ff96d29f3a37c5d761eff,d7974624787092f6d4239d8246eb27276200b9900c5ff96d29f3a37c5d761eff,165482
small_objects,images__val__0000335_02745_d_0000057.jpg,74622eac8098664da04d180e43c2cb31357010b8ba8e83a690633c149e6d5927,74622eac8098664da04d180e43c2cb31357010b8ba8e83a690633c149e6d5927,164302
small_objects,images__val__0000335_03137_d_0000059.jpg,b4bcd9aab0a875ac72bff5b849d625a44dca700154b55e6d204332956d5dfb6a,b4bcd9aab0a875ac72bff5b849d625a44dca700154b55e6d204332956d5dfb6a,157668
small_objects,images__val__0000342_00393_d_0000244.jpg,0c6d87602fcb9974ad9f8ec4ec3a3d4f81cdf35c5dd176d918cbfd29fa5d15c8,0c6d87602fcb9974ad9f8ec4ec3a3d4f81cdf35c5dd176d918cbfd29fa5d15c8,140764
small_objects,images__val__0000345_07057_d_0000345.jpg,e500a2c793521b5de757f40f570827c86123fcba4a661c3c4e34380498d52bd9,e500a2c793521b5de757f40f570827c86123fcba4a661c3c4e34380498d52bd9,114923
small_objects,images__val__0000358_03333_d_0000697.jpg,dd62043be19d113efca45cc7ccab1dd5339722d5c05a4800b0c86453c24c0a2d,dd62043be19d113efca45cc7ccab1dd5339722d5c05a4800b0c86453c24c0a2d,162709
small_objects,images__val__0000359_02353_d_0000708.jpg,ae2e5971bbfd464dc23c58cf3182315dbbb02ef1099dd1833c1359637555f78e,ae2e5971bbfd464dc23c58cf3182315dbbb02ef1099dd1833c1359637555f78e,129721
large_objects,images__val__0000001_05499_d_0000010.jpg,5a0883d0e8773b0717c4e89e5719aeace55f1d8f14884984bab837a623a51732,5a0883d0e8773b0717c4e89e5719aeace55f1d8f14884984bab837a623a51732,388013
large_objects,images__val__0000021_00800_d_0000003.jpg,088d30785f0f8defbbf4b0de8c20c1a200a74758532435cd2936e63be6711154,088d30785f0f8defbbf4b0de8c20c1a200a74758532435cd2936e63be6711154,92381
large_objects,images__val__0000022_00500_d_0000005.jpg,d0edc550a71096c2c459c7d060bf45e72af51deb1dfb88ad45d25ebedb700ade,d0edc550a71096c2c459c7d060bf45e72af51deb1dfb88ad45d25ebedb700ade,72128
large_objects,images__val__0000022_01036_d_0000006.jpg,b444df95836457c96613401bd1367095daf3c63f0fc891ba8b4a9d2211aa0ba4,b444df95836457c96613401bd1367095daf3c63f0fc891ba8b4a9d2211aa0ba4,65497
large_objects,images__val__0000022_01251_d_0000007.jpg,a5666fe77fa867840bcee14035519cabfce020ecb71a73df6f355740f6577c41,a5666fe77fa867840bcee14035519cabfce020ecb71a73df6f355740f6577c41,73777
large_objects,images__val__0000023_00868_d_0000010.jpg,f16fb88896d0b56355a486b9447bc09668e7f79af520b56f36cfafe1b0e6c115,f16fb88896d0b56355a486b9447bc09668e7f79af520b56f36cfafe1b0e6c115,70103
large_objects,images__val__0000023_01233_d_0000011.jpg,0745a2292c92123fbce7d8e314cc11e1dd3ea3e6cbb9aeb216de479a71c7a7cd,0745a2292c92123fbce7d8e314cc11e1dd3ea3e6cbb9aeb216de479a71c7a7cd,67015
large_objects,images__val__0000024_00000_d_0000012.jpg,943bc63643293d864d0181611abc4cf7468a67cfe9cf01ab0723046d278202bd,943bc63643293d864d0181611abc4cf7468a67cfe9cf01ab0723046d278202bd,89301
large_objects,images__val__0000024_00500_d_0000013.jpg,8ea3964ff560446af331cb11ba50c1391f3929b3cec9b33f16053f9be2e1b0e0,8ea3964ff560446af331cb11ba50c1391f3929b3cec9b33f16053f9be2e1b0e0,74788
large_objects,images__val__0000024_01543_d_0000015.jpg,060a42ec3ff7f4f601f91dadcc2acb2dadea6a1ab05ad79525c8784dc586e3ff,060a42ec3ff7f4f601f91dadcc2acb2dadea6a1ab05ad79525c8784dc586e3ff,113419
large_objects,images__val__0000026_00000_d_0000024.jpg,be751662933a2f2d4d30adc4e47334cc66b14c93450e067ccf8a97d8da8729f6,be751662933a2f2d4d30adc4e47334cc66b14c93450e067ccf8a97d8da8729f6,182794
large_objects,images__val__0000026_00500_d_0000025.jpg,993376b691f28c6f424bd6545df84e2d87c69ebe7075cd2d55faace64b474f5d,993376b691f28c6f424bd6545df84e2d87c69ebe7075cd2d55faace64b474f5d,150402
large_objects,images__val__0000026_01000_d_0000026.jpg,69b1ce6d57e0e1b9d587bf4312a3234f2eeab1212d13d5b4835e09f2b3f61add,69b1ce6d57e0e1b9d587bf4312a3234f2eeab1212d13d5b4835e09f2b3f61add,131175
large_objects,images__val__0000026_01500_d_0000027.jpg,a2f3bcfd7293caae0210b5823b15aea03ef0820c182c59e5ddc7f9f1cc7d86a7,a2f3bcfd7293caae0210b5823b15aea03ef0820c182c59e5ddc7f9f1cc7d86a7,168961
large_objects,images__val__0000026_02000_d_0000028.jpg,3dcf3b446661f47473cbfaefa4837be5ce19d71aa8f0a19c9eaaa16602fd77dc,3dcf3b446661f47473cbfaefa4837be5ce19d71aa8f0a19c9eaaa16602fd77dc,161278
large_objects,images__val__0000026_03000_d_0000030.jpg,b36f63c82d1f3c7b7b586e18f925ec823b29ca524f2338ce1085d662d9c0c312,b36f63c82d1f3c7b7b586e18f925ec823b29ca524f2338ce1085d662d9c0c312,157051
large_objects,images__val__0000026_03500_d_0000031.jpg,e034523aa5f2933503fd40e426bd3f60aaca0cd036cfa43eace271ecd2b418de,e034523aa5f2933503fd40e426bd3f60aaca0cd036cfa43eace271ecd2b418de,159583
large_objects,images__val__0000026_04000_d_0000032.jpg,481064608bb521d028459dfae48e207221eaf2363ca516f870559d0aa4a02c81,481064608bb521d028459dfae48e207221eaf2363ca516f870559d0aa4a02c81,144557
large_objects,images__val__0000026_04978_d_0000034.jpg,710f00bb3bb1ffc13df5d511217fcb564f814fadf30988c0cb37f5c40314ae4a,710f00bb3bb1ffc13df5d511217fcb564f814fadf30988c0cb37f5c40314ae4a,166235
large_objects,images__val__0000055_00000_d_0000109.jpg,a72316fd948a83b85f8bc9c3e353871dc77fd4918f1272bfe435b21d37fa4545,a72316fd948a83b85f8bc9c3e353871dc77fd4918f1272bfe435b21d37fa4545,66623
large_objects,images__val__0000055_00714_d_0000110.jpg,83f90941115a1bbee85de64405c11a33f2669ba0f18b38d3e033b93fbf1fa830,83f90941115a1bbee85de64405c11a33f2669ba0f18b38d3e033b93fbf1fa830,33800
large_objects,images__val__0000069_00001_d_0000001.jpg,ac5ce22939d6a63d7463549176432bcacb725cb307902d142c531becc7f4f839,ac5ce22939d6a63d7463549176432bcacb725cb307902d142c531becc7f4f839,136764
large_objects,images__val__0000069_00483_d_0000002.jpg,cc628c60ae1a59ead95bf58dc9a30dfacb462b4da09915b8fea45c2a0aad9f5a,cc628c60ae1a59ead95bf58dc9a30dfacb462b4da09915b8fea45c2a0aad9f5a,98111
large_objects,images__val__0000069_00713_d_0000003.jpg,7f1fda1b8dd8ca53aacdae3780036de6207595b35643eaafb90f09a84a466931,7f1fda1b8dd8ca53aacdae3780036de6207595b35643eaafb90f09a84a466931,97791
large_objects,images__val__0000069_01109_d_0000004.jpg,1debc448341a5e86400912e9ed293d08181c75b0cbd7c01878489e4433a94921,1debc448341a5e86400912e9ed293d08181c75b0cbd7c01878489e4433a94921,97147
large_objects,images__val__0000069_01878_d_0000005.jpg,82b6c668d2ccbad1dbddf9675263f942cb2339357af9aee85622b61019465f2b,82b6c668d2ccbad1dbddf9675263f942cb2339357af9aee85622b61019465f2b,100849
large_objects,images__val__0000069_02163_d_0000006.jpg,da30797c56c1b6a9a9c5d1bd02c55d594b6faeabcc0ae93659bc834a73b2824a,da30797c56c1b6a9a9c5d1bd02c55d594b6faeabcc0ae93659bc834a73b2824a,195509
large_objects,images__val__0000072_02834_d_0000003.jpg,4901c521252174becab8ddae1246dc864b9218ba8b2f02e1c86a6b62a1d5b999,4901c521252174becab8ddae1246dc864b9218ba8b2f02e1c86a6b62a1d5b999,87697
large_objects,images__val__0000076_02142_d_0000009.jpg,6938e71175ae5399a8dca8698ef2e73e912baf66d2e59ab93d98934423715172,6938e71175ae5399a8dca8698ef2e73e912baf66d2e59ab93d98934423715172,120947
large_objects,images__val__0000086_00000_d_0000001.jpg,39407c8714fee6dfe4965db1e83276a3d3d83f7809b2f63aea0460e8aa1f3afb,39407c8714fee6dfe4965db1e83276a3d3d83f7809b2f63aea0460e8aa1f3afb,94198
large_objects,images__val__0000086_00592_d_0000002.jpg,2ef2cc4b0d13bbd04a524d3a44639884a3eac8f88ec04342674b56e79aa844f2,2ef2cc4b0d13bbd04a524d3a44639884a3eac8f88ec04342674b56e79aa844f2,90071
large_objects,images__val__0000103_00180_d_0000026.jpg,a8a1f532e31498e35aed6dc795f78164da09511c8d13e17a5ffaf76d62f7fe52,a8a1f532e31498e35aed6dc795f78164da09511c8d13e17a5ffaf76d62f7fe52,87518
large_objects,images__val__0000103_00502_d_0000027.jpg,d95a33ae383a092618c201f56916a92f0fa7a6b85694a9ec21933d428b6e45bc,d95a33ae383a092618c201f56916a92f0fa7a6b85694a9ec21933d428b6e45bc,100418
large_objects,images__val__0000103_01734_d_0000028.jpg,17ef972a75056f32b27b849596e8fedec70b4150dc3479a9cd0de039ee0e4fb2,17ef972a75056f32b27b849596e8fedec70b4150dc3479a9cd0de039ee0e4fb2,114208
large_objects,images__val__0000103_02544_d_0000029.jpg,412f64b470b6f7d43f2cbdee6c726713080f386a5ebbf2f1f8b98f33a73b6615,412f64b470b6f7d43f2cbdee6c726713080f386a5ebbf2f1f8b98f33a73b6615,117485
large_objects,images__val__0000103_02964_d_0000030.jpg,a04b1af23501f8e04fe924af94f10cd0af3adbbd585c9fa2b711e11a97298edf,a04b1af23501f8e04fe924af94f10cd0af3adbbd585c9fa2b711e11a97298edf,142535
large_objects,images__val__0000103_03349_d_0000031.jpg,5b1939e07ecfaab560d16a41f754a816dd5c3bb7a82879984b44e9fa7d9f179c,5b1939e07ecfaab560d16a41f754a816dd5c3bb7a82879984b44e9fa7d9f179c,102851
large_objects,images__val__0000103_03738_d_0000032.jpg,86270048f01a254aab48c56b5becff45a0fb030220584af35c9dee728892ff36,86270048f01a254aab48c56b5becff45a0fb030220584af35c9dee728892ff36,59359
large_objects,images__val__0000103_04122_d_0000033.jpg,d1bf120e3a041d65179fa6d48532b4bfbe10067f3a469a2d656e2049744ac3e2,d1bf120e3a041d65179fa6d48532b4bfbe10067f3a469a2d656e2049744ac3e2,123396
large_objects,images__val__0000103_04513_d_0000034.jpg,601699857a77acecd6d9e57552b123846b4e634bb2cb67998855d840b5ead0c8,601699857a77acecd6d9e57552b123846b4e634bb2cb67998855d840b5ead0c8,101470
large_objects,images__val__0000103_04948_d_0000035.jpg,c8a7c92835f696699030719fea2ce30b405b6c9f71a2431f8d7b39613d7ad0ef,c8a7c92835f696699030719fea2ce30b405b6c9f71a2431f8d7b39613d7ad0ef,124065
large_objects,images__val__0000117_03096_d_0000091.jpg,c84fe3b827654171c44216fd26925565f32da1431348eb872abb326075151722,c84fe3b827654171c44216fd26925565f32da1431348eb872abb326075151722,97284
large_objects,images__val__0000199_01269_d_0000166.jpg,79d01d9ccd06752ff2f1b0a2ef853b202fd7aa6222cbbf14090f7812b6605d2a,79d01d9ccd06752ff2f1b0a2ef853b202fd7aa6222cbbf14090f7812b6605d2a,61640
large_objects,images__val__0000215_00447_d_0000257.jpg,50bda8181e49f031c91ec772534e0746ae2be327779c7c0c4f935759ebbd688a,50bda8181e49f031c91ec772534e0746ae2be327779c7c0c4f935759ebbd688a,100954
large_objects,images__val__0000215_01395_d_0000259.jpg,373d4eed9f9dc0cf30681032dfe270d97a841bb4c1ee40dbc193e73def7726e4,373d4eed9f9dc0cf30681032dfe270d97a841bb4c1ee40dbc193e73def7726e4,127015
large_objects,images__val__0000215_02932_d_0000263.jpg,7f1c94c618af9ff18d041b21c31784b957a382422ff34e477b8a2626107dc993,7f1c94c618af9ff18d041b21c31784b957a382422ff34e477b8a2626107dc993,104727
large_objects,images__val__0000242_00843_d_0000004.jpg,565767f8bd00a5ef8a26aa46ddcf195f9b4b69a60b468294c7e48cafe2774ac8,565767f8bd00a5ef8a26aa46ddcf195f9b4b69a60b468294c7e48cafe2774ac8,59489
large_objects,images__val__0000242_00963_d_0000005.jpg,86286c0232d1af376c27034269bd468059e541ce74266d157bcfd57f77da7fa3,86286c0232d1af376c27034269bd468059e541ce74266d157bcfd57f77da7fa3,111816
large_objects,images__val__0000242_02762_d_0000010.jpg,89b2f68d03cfac8d1beb1f8ef42555c8923dd143f4ba06794b1c4861be6133a8,89b2f68d03cfac8d1beb1f8ef42555c8923dd143f4ba06794b1c4861be6133a8,96394
large_objects,images__val__0000242_04600_d_0000014.jpg,bb6dd9320d41b1770c5250b05e8dddec478c4a1ceb0d2a57b0f9b7134b0ed55c,bb6dd9320d41b1770c5250b05e8dddec478c4a1ceb0d2a57b0f9b7134b0ed55c,135135
large_objects,images__val__0000244_04900_d_0000011.jpg,e2646d4096de69c0b2f6983ef75de55c0bed32eb5492fae4737a6acaa5ec7757,e2646d4096de69c0b2f6983ef75de55c0bed32eb5492fae4737a6acaa5ec7757,117915
large_objects,images__val__0000249_02468_d_0000008.jpg,449edea9d7126b25ef01f0781de76c9c2e75c3691eb3c0dd40c2ba713e9975af,449edea9d7126b25ef01f0781de76c9c2e75c3691eb3c0dd40c2ba713e9975af,111548
large_objects,images__val__0000263_02401_d_0000179.jpg,b6fc0da322f4e9905970f8c690d093c535ccfc59f6e2d5b8394b3b5f1161b342,b6fc0da322f4e9905970f8c690d093c535ccfc59f6e2d5b8394b3b5f1161b342,99207
large_objects,images__val__0000271_06601_d_0000405.jpg,4e34b090d340b76bb2a220e19cdd2822ed2df0373449ab18c5b62cfa5f48f6f6,4e34b090d340b76bb2a220e19cdd2822ed2df0373449ab18c5b62cfa5f48f6f6,165215
large_objects,images__val__0000271_06801_d_0000406.jpg,030a44bf17441f27d5c04f85be6bae5ba027a522c1240a11afda10997a160244,030a44bf17441f27d5c04f85be6bae5ba027a522c1240a11afda10997a160244,156505
large_objects,images__val__0000271_07401_d_0000409.jpg,d253f1b992619ad6a6b0b447de7fbd92be4721fd9a95d4575bae4da148e640c5,d253f1b992619ad6a6b0b447de7fbd92be4721fd9a95d4575bae4da148e640c5,174459
large_objects,images__val__0000273_05601_d_0000466.jpg,eed9c47217bb653a641a933ea059577a24ffdef5f491351bba4e9f70668463cc,eed9c47217bb653a641a933ea059577a24ffdef5f491351bba4e9f70668463cc,202377
large_objects,images__val__0000276_04201_d_0000528.jpg,a333e62178dd82236ecd59c8b458fe829388f7986e669c44efceadd94471f236,a333e62178dd82236ecd59c8b458fe829388f7986e669c44efceadd94471f236,235335
large_objects,images__val__0000276_04401_d_0000529.jpg,dc1d2a2a66240385cfb43bb492b434b9a555382019f0eacbd89c0f2dd79d72d8,dc1d2a2a66240385cfb43bb492b434b9a555382019f0eacbd89c0f2dd79d72d8,227794
large_objects,images__val__0000276_05201_d_0000533.jpg,1a58c1be1a3b861d7c2e04f79102a0cf67efd1b72a3e790377e16e7f48ff216b,1a58c1be1a3b861d7c2e04f79102a0cf67efd1b72a3e790377e16e7f48ff216b,259373
large_objects,images__val__0000277_02001_d_0000549.jpg,778b6d93e2b0adaecb17792b792f55b647974702cdfa45bd4e1db1fa9fb83480,778b6d93e2b0adaecb17792b792f55b647974702cdfa45bd4e1db1fa9fb83480,147884
large_objects,images__val__0000277_03601_d_0000556.jpg,c65cdc37a4e3ec710a40afc18f3c6f18407a9450a71b20f7e79e53c647aeb21b,c65cdc37a4e3ec710a40afc18f3c6f18407a9450a71b20f7e79e53c647aeb21b,134706
large_objects,images__val__0000280_00201_d_0000613.jpg,bfb3708d93071b601429625df76e53cdc669c775d8465ad5a094f5e402429c4f,bfb3708d93071b601429625df76e53cdc669c775d8465ad5a094f5e402429c4f,149241
large_objects,images__val__0000283_00401_d_0000676.jpg,d7d4be1eaf50b38d9ac0183a3c29a72fb6686052ca0deab7fbbd23a4713b5ec0,d7d4be1eaf50b38d9ac0183a3c29a72fb6686052ca0deab7fbbd23a4713b5ec0,266376
large_objects,images__val__0000287_02401_d_0000771.jpg,c440ce4f3af10682ca6f6336b96c2a365e1384d81525fa3724a3fcba6db2b612,c440ce4f3af10682ca6f6336b96c2a365e1384d81525fa3724a3fcba6db2b612,175504
large_objects,images__val__0000287_03001_d_0000774.jpg,f5127529cc7ac04f03218c112a221aeee460990d75780c738bc64f311ca47e17,f5127529cc7ac04f03218c112a221aeee460990d75780c738bc64f311ca47e17,163639
large_objects,images__val__0000287_03401_d_0000776.jpg,088f72dbb738b567c0095f3092ff72f0a265920d61e105894ea92ce14dd7705d,088f72dbb738b567c0095f3092ff72f0a265920d61e105894ea92ce14dd7705d,184028
large_objects,images__val__0000287_04801_d_0000781.jpg,67ebb4854d3807bc0c58d84d2fd9fcfef0ac0e98f72d3634342b60496ea874c1,67ebb4854d3807bc0c58d84d2fd9fcfef0ac0e98f72d3634342b60496ea874c1,174723
large_objects,images__val__0000289_00401_d_0000813.jpg,117577f0fa908be81935c84225a4ca36942afcf9da49eaad2b5bc0b75a4bca16,117577f0fa908be81935c84225a4ca36942afcf9da49eaad2b5bc0b75a4bca16,141205
large_objects,images__val__0000289_00601_d_0000814.jpg,8683be0c1aef660b474209505892bbefd98af280f4aa5d5862e576dec44b4160,8683be0c1aef660b474209505892bbefd98af280f4aa5d5862e576dec44b4160,142965
large_objects,images__val__0000289_00801_d_0000815.jpg,e5c9e096ee4feac3c9fb34cdff83ee46acf0f889dd14e74c81b240a1a664a36e,e5c9e096ee4feac3c9fb34cdff83ee46acf0f889dd14e74c81b240a1a664a36e,150282
large_objects,images__val__0000289_01001_d_0000816.jpg,15539511bc4be52a9820376b5d0ce435c2e414e1726489c8b34778527a02d235,15539511bc4be52a9820376b5d0ce435c2e414e1726489c8b34778527a02d235,155180
large_objects,images__val__0000289_01201_d_0000817.jpg,ca30cbc639b00be34e774dd461813986bceac09a02a7538f0a34df478ab3e0e5,ca30cbc639b00be34e774dd461813986bceac09a02a7538f0a34df478ab3e0e5,143376
large_objects,images__val__0000289_01401_d_0000818.jpg,0bfacb47f15c9dc45b4a63bc5fdbacf58c8696a457d10c226255494ae3014d68,0bfacb47f15c9dc45b4a63bc5fdbacf58c8696a457d10c226255494ae3014d68,178014
large_objects,images__val__0000289_01601_d_0000819.jpg,b6826b16471977da3d51742c83aa04806758b3134284104f3d382e282c3dfb22,b6826b16471977da3d51742c83aa04806758b3134284104f3d382e282c3dfb22,172299
large_objects,images__val__0000289_02001_d_0000821.jpg,46b07808c8739a59f77142a2cc217d48b0151db47b0e9e823d9f8e69e2fc3f2d,46b07808c8739a59f77142a2cc217d48b0151db47b0e9e823d9f8e69e2fc3f2d,194192
large_objects,images__val__0000289_02201_d_0000822.jpg,fc220ec10f4ed66247d0d6eb224000fdf02b4a53ccd0a8f8c2ab612a6b42afb3,fc220ec10f4ed66247d0d6eb224000fdf02b4a53ccd0a8f8c2ab612a6b42afb3,149348
large_objects,images__val__0000289_04601_d_0000834.jpg,90adceaeceda89bbea1d36b0f4cd84539039049a5de7047cf2d77159427981b8,90adceaeceda89bbea1d36b0f4cd84539039049a5de7047cf2d77159427981b8,146442
large_objects,images__val__0000289_05001_d_0000836.jpg,602d10e2de0f4d5e13aac5b3e91d65314cf3f95a6c4f00eeb2e0b2df9e3177ee,602d10e2de0f4d5e13aac5b3e91d65314cf3f95a6c4f00eeb2e0b2df9e3177ee,164587
large_objects,images__val__0000289_05401_d_0000838.jpg,5131efcfa822d4a63a46b08621789cde0e44e37e035a57fde3333c1e90ce9192,5131efcfa822d4a63a46b08621789cde0e44e37e035a57fde3333c1e90ce9192,156916
large_objects,images__val__0000289_06201_d_0000842.jpg,7cddd72d61e891856f5d92c239231b15f5a13d151ae2cb4e567b621a07293a25,7cddd72d61e891856f5d92c239231b15f5a13d151ae2cb4e567b621a07293a25,153733
large_objects,images__val__0000289_07201_d_0000847.jpg,396e7ff716e7779099a5db6c185faa5ff39d97bb8fcae2d639001fe37e23c2b2,396e7ff716e7779099a5db6c185faa5ff39d97bb8fcae2d639001fe37e23c2b2,212206
large_objects,images__val__0000291_01601_d_0000876.jpg,43fd08da0ebef2fd4031e5687fb4a112d444274d59e685c77dcea937d19b85a8,43fd08da0ebef2fd4031e5687fb4a112d444274d59e685c77dcea937d19b85a8,140273
large_objects,images__val__0000291_01801_d_0000877.jpg,809f5dd32db213a00ee48677bb32c3a1de62efcce93da90836089706ed1c0a10,809f5dd32db213a00ee48677bb32c3a1de62efcce93da90836089706ed1c0a10,206691
large_objects,images__val__0000291_04001_d_0000888.jpg,ed6181f6b5219e5098da12c74054de9b2abdebbcc5649406ff31bfeaea4e25b7,ed6181f6b5219e5098da12c74054de9b2abdebbcc5649406ff31bfeaea4e25b7,171326
large_objects,images__val__0000291_04401_d_0000890.jpg,368ab992e3511ee2cd57a5ffc6aff512ad7cc602e995b0814b892d42d5a8d23d,368ab992e3511ee2cd57a5ffc6aff512ad7cc602e995b0814b892d42d5a8d23d,175417
large_objects,images__val__0000316_00401_d_0000521.jpg,6da35461bf5eee6c030e669deed930d24c9112529d2ec634d7ce0a06d2ecf959,6da35461bf5eee6c030e669deed930d24c9112529d2ec634d7ce0a06d2ecf959,99951
large_objects,images__val__0000316_01801_d_0000528.jpg,9a7f0c44eb24bbbdaf6b97ae65808c4cf041cbc546ff281b27b2631b15c326e1,9a7f0c44eb24bbbdaf6b97ae65808c4cf041cbc546ff281b27b2631b15c326e1,121272
large_objects,images__val__0000316_02001_d_0000529.jpg,e6da362741add3610382644be496fbe961f39444c593c7eb0493234ff83b7423,e6da362741add3610382644be496fbe961f39444c593c7eb0493234ff83b7423,154367
large_objects,images__val__0000316_02201_d_0000530.jpg,f1399b9cf883fb957a29aabad43b4b0faf89984aede0f54a287cbf27940f8c0d,f1399b9cf883fb957a29aabad43b4b0faf89984aede0f54a287cbf27940f8c0d,83613
large_objects,images__val__0000327_01201_d_0000717.jpg,6486cebc55aafb3a12a1044aa193ed63635ba015e266e0992eb1fd037ca1ed5d,6486cebc55aafb3a12a1044aa193ed63635ba015e266e0992eb1fd037ca1ed5d,115528
large_objects,images__val__0000330_03201_d_0000816.jpg,e97d801f368bfa4a7a0d8ce35a4893add84b04470c81c343833c24e88eb0380d,e97d801f368bfa4a7a0d8ce35a4893add84b04470c81c343833c24e88eb0380d,113097
large_objects,images__val__0000330_04001_d_0000820.jpg,0eb4a63e646375d5549d8b113ab5f576b611d14a2c2f8803244e1086aa4c30f4,0eb4a63e646375d5549d8b113ab5f576b611d14a2c2f8803244e1086aa4c30f4,83098
large_objects,images__val__0000335_00001_d_0000043.jpg,e0be1e593de701e6dec5cba44d233e04441f2725968ae77f5f9c72b13f49744e,e0be1e593de701e6dec5cba44d233e04441f2725968ae77f5f9c72b13f49744e,168824
large_objects,images__val__0000335_00393_d_0000045.jpg,af042f4dcf9ed7bcd9456c6cbbdb6ab879da327e5f2af24b0170d7e4c784aff2,af042f4dcf9ed7bcd9456c6cbbdb6ab879da327e5f2af24b0170d7e4c784aff2,137227
large_objects,images__val__0000335_00589_d_0000046.jpg,cc5874be4ca2541acaf43ce07d1e6a5c95ab3a490dcb97f5e874f64340175dbd,cc5874be4ca2541acaf43ce07d1e6a5c95ab3a490dcb97f5e874f64340175dbd,116965
large_objects,images__val__0000335_03333_d_0000060.jpg,b29b8c610fc7934022189e38daae091fde5f0a50a8d752ba05e29fbe0b3fd543,b29b8c610fc7934022189e38daae091fde5f0a50a8d752ba05e29fbe0b3fd543,123054
large_objects,images__val__0000335_03725_d_0000062.jpg,99ab05d0a372295b9278fad04783e4e7025999772093d325aac972ea22d059a4,99ab05d0a372295b9278fad04783e4e7025999772093d325aac972ea22d059a4,113791
large_objects,images__val__0000335_03921_d_0000063.jpg,2d4747e247c30a5ed8b310b4f35bf9947c9d642425b3b76cf004e0651669a8b4,2d4747e247c30a5ed8b310b4f35bf9947c9d642425b3b76cf004e0651669a8b4,128952
large_objects,images__val__0000335_04117_d_0000064.jpg,109703815338424ab542894f7e386147f9a0dc385e9e60be492e57399ffd9ae2,109703815338424ab542894f7e386147f9a0dc385e9e60be492e57399ffd9ae2,135166
large_objects,images__val__0000335_04313_d_0000065.jpg,5ca3c65da2fa6180dd66b8224d3928c431df62e25fbcebc57c9d36e54dc06265,5ca3c65da2fa6180dd66b8224d3928c431df62e25fbcebc57c9d36e54dc06265,142742
large_objects,images__val__0000335_05097_d_0000069.jpg,e0e8721b0578c41d51e8661b3a7ce966077ebc3150771d0d9db72bf79802a84d,e0e8721b0578c41d51e8661b3a7ce966077ebc3150771d0d9db72bf79802a84d,128619
large_objects,images__val__0000335_05685_d_0000072.jpg,4b773c69888289964ee63229601732564d7ce50c54fc70de14a8529345d21a2c,4b773c69888289964ee63229601732564d7ce50c54fc70de14a8529345d21a2c,102804
large_objects,images__val__0000335_06469_d_0000076.jpg,160a57d020af274a0b5f71b4373721847030161cbdf5a53e011b056e2d8b49d2,160a57d020af274a0b5f71b4373721847030161cbdf5a53e011b056e2d8b49d2,142913
large_objects,images__val__0000335_06665_d_0000077.jpg,93237667f2426580ae76f5eacbe12f8efc3b9692b64048ec798c1e7c834be4e5,93237667f2426580ae76f5eacbe12f8efc3b9692b64048ec798c1e7c834be4e5,102120
large_objects,images__val__0000335_06861_d_0000078.jpg,d69c0ec26a87a37525ac7c3cc9519aad539cd59e4b9e03976b94ded977bb9bea,d69c0ec26a87a37525ac7c3cc9519aad539cd59e4b9e03976b94ded977bb9bea,115063
large_objects,images__val__0000346_00001_d_0000346.jpg,01ac03fc5003a84652b4b6bfd5840b5bc8df7a54e8bcb9eb40eddc580edbab5b,01ac03fc5003a84652b4b6bfd5840b5bc8df7a54e8bcb9eb40eddc580edbab5b,155627
large_objects,images__val__0000346_02549_d_0000359.jpg,17398af33b72d0bb5e42b6dface93ef4a47c89c5c4b177df9800daeba632860b,17398af33b72d0bb5e42b6dface93ef4a47c89c5c4b177df9800daeba632860b,137421
large_objects,images__val__0000348_03333_d_0000423.jpg,ce2b2743a539b353adbc57a8bfd87e4ea7c4b4f249a6eea42231089d7a83f657,ce2b2743a539b353adbc57a8bfd87e4ea7c4b4f249a6eea42231089d7a83f657,114010
large_objects,images__val__0000359_00589_d_0000702.jpg,e160b22c7c9cbf11d66d743a8a3e97f05daa65518de9cc84f098d40748b7a250,e160b22c7c9cbf11d66d743a8a3e97f05daa65518de9cc84f098d40748b7a250,87945
large_objects,images__val__0000359_00785_d_0000703.jpg,a50640581bd9aa6adc6f827717ed04b157251684a3e8c00fd5cfb83f08be98f3,a50640581bd9aa6adc6f827717ed04b157251684a3e8c00fd5cfb83f08be98f3,110181
large_objects,images__val__0000359_00981_d_0000704.jpg,d316b816d76e0a4d05ba3e2a143a33a985a68aa0e7a28627b36012a11ddb1289,d316b816d76e0a4d05ba3e2a143a33a985a68aa0e7a28627b36012a11ddb1289,90125
large_objects,images__val__0000359_01177_d_0000705.jpg,62569dd9ab397ad6cca11f07d25a1c318d060578cc489231f384216da0a04d8d,62569dd9ab397ad6cca11f07d25a1c318d060578cc489231f384216da0a04d8d,112010
large_objects,images__val__0000359_01373_d_0000706.jpg,88e97df75f5070b4bdfe1c301e11b4ce770b0a8a97b900811ab03b0de37b1330,88e97df75f5070b4bdfe1c301e11b4ce770b0a8a97b900811ab03b0de37b1330,71765
large_objects,images__val__0000359_01961_d_0000707.jpg,0efd6dea96ed26fc36fd4b3a469ceb0d4aa8ceaf1336be7fc34223e529940cd0,0efd6dea96ed26fc36fd4b3a469ceb0d4aa8ceaf1336be7fc34223e529940cd0,81479
large_objects,images__val__0000359_02549_d_0000709.jpg,f58edab762c5150db185d33cbb83877193e1e3159c04e754c56b10f4874adda2,f58edab762c5150db185d33cbb83877193e1e3159c04e754c56b10f4874adda2,103581
large_objects,images__val__0000359_03333_d_0000711.jpg,7f14598b9dd3c2c5e39cd101517478f9596785fe0de017518a03ea41b118e19f,7f14598b9dd3c2c5e39cd101517478f9596785fe0de017518a03ea41b118e19f,108980
large_objects,images__val__0000359_03529_d_0000712.jpg,b07729aba8113fb586cd795eb7e018360c6eef71b67756da0970b8ace676fd78,b07729aba8113fb586cd795eb7e018360c6eef71b67756da0970b8ace676fd78,69606
large_objects,images__val__0000360_02941_d_0000728.jpg,07c3f05b6a5310f2eb2237b4205d18ba5bb4a00d3d265d70066db6d50166f8ad,07c3f05b6a5310f2eb2237b4205d18ba5bb4a00d3d265d70066db6d50166f8ad,104943
large_objects,images__val__0000360_04117_d_0000734.jpg,7f69b0d31082b084e4603e54d84faa316e469fa6b19d7d6b7497ed226ed09791,7f69b0d31082b084e4603e54d84faa316e469fa6b19d7d6b7497ed226ed09791,73995
large_objects,images__val__0000360_04705_d_0000737.jpg,70bd4db66dd41b7b57d25eabcf438d93cd25f977e4b2ee2cb7b06cfd27851fef,70bd4db66dd41b7b57d25eabcf438d93cd25f977e4b2ee2cb7b06cfd27851fef,74809
large_objects,images__val__0000360_05685_d_0000742.jpg,0b7c8c1632a241f69be1b53573994c21166136181786bd9137b52c654436e5df,0b7c8c1632a241f69be1b53573994c21166136181786bd9137b52c654436e5df,137661
large_objects,images__val__0000360_06273_d_0000745.jpg,7afb55fd1d1ceb259c37862b6b2bb1ba78eebf784d2b9166cad629ffc1a1386e,7afb55fd1d1ceb259c37862b6b2bb1ba78eebf784d2b9166cad629ffc1a1386e,78639
large_objects,images__val__0000360_06665_d_0000747.jpg,bde2d11042441246df2b44b9a18cc8cea9913b613a7be05f061ec2e7ce98c6e9,bde2d11042441246df2b44b9a18cc8cea9913b613a7be05f061ec2e7ce98c6e9,140562
large_objects,images__val__0000360_06861_d_0000748.jpg,dccfbdf2bb867554cbc9bd4cf5532557a222b72574e89d12c97e94c414fb9f1a,dccfbdf2bb867554cbc9bd4cf5532557a222b72574e89d12c97e94c414fb9f1a,118893
large_objects,images__val__0000360_07057_d_0000749.jpg,f2001f05a3e0d0038711c50c47d07bd95fe093efb227ef01061f7030190e2849,f2001f05a3e0d0038711c50c47d07bd95fe093efb227ef01061f7030190e2849,71444
large_objects,images__val__0000360_07253_d_0000750.jpg,5cf2add4d0b768ff0bd82e02a06a1913af56c7537113d30a30decc5234dbbd3c,5cf2add4d0b768ff0bd82e02a06a1913af56c7537113d30a30decc5234dbbd3c,121833
large_objects,images__val__0000360_07645_d_0000752.jpg,f1539e824b89bda8fcd49d4e2322087e486fd68a0a8b2e3e98684b39b8b1ac44,f1539e824b89bda8fcd49d4e2322087e486fd68a0a8b2e3e98684b39b8b1ac44,113151
irregular_occluded,images__val__0000001_02999_d_0000005.jpg,fc80a9305b38af026091cbe0a1d4cfe059964852253b93f01fee17b7443e5514,fc80a9305b38af026091cbe0a1d4cfe059964852253b93f01fee17b7443e5514,479237
irregular_occluded,images__val__0000001_05499_d_0000010.jpg,5a0883d0e8773b0717c4e89e5719aeace55f1d8f14884984bab837a623a51732,5a0883d0e8773b0717c4e89e5719aeace55f1d8f14884984bab837a623a51732,388013
irregular_occluded,images__val__0000001_05999_d_0000011.jpg,26cad57325bfedce8cf0ab69fa05992e2089d60e34f768d524c9cd2f4948ffd2,26cad57325bfedce8cf0ab69fa05992e2089d60e34f768d524c9cd2f4948ffd2,375802
irregular_occluded,images__val__0000001_07999_d_0000012.jpg,31cb7d532a8a3519d1f715504690b835cba16571ce3cf0b6d7c4ee8eeefcddba,31cb7d532a8a3519d1f715504690b835cba16571ce3cf0b6d7c4ee8eeefcddba,434177
irregular_occluded,images__val__0000001_08414_d_0000013.jpg,4b45f869b490c04ea79f5c09f9dde05fdaf59afbc337ae1210c463b00a120b9a,4b45f869b490c04ea79f5c09f9dde05fdaf59afbc337ae1210c463b00a120b9a,372706
irregular_occluded,images__val__0000086_01084_d_0000003.jpg,85ceb00280c7e5e460a8e08e58a88e40c3b0d3bd23f6be932369184c154f0a35,85ceb00280c7e5e460a8e08e58a88e40c3b0d3bd23f6be932369184c154f0a35,79788
irregular_occluded,images__val__0000086_01954_d_0000005.jpg,049628eddaff7c28796e229c55ad714a1b6001fe2b729874a7a9ab0d606fbcdc,049628eddaff7c28796e229c55ad714a1b6001fe2b729874a7a9ab0d606fbcdc,92267
irregular_occluded,images__val__0000117_00112_d_0000087.jpg,967609af38e21b50d49fbbd7fcf361c618ce8bc2de6c310fdfb9ae6565f3b2b2,967609af38e21b50d49fbbd7fcf361c618ce8bc2de6c310fdfb9ae6565f3b2b2,92727
irregular_occluded,images__val__0000129_02411_d_0000138.jpg,a3a1cc6df6fa35b788feb027e9c64ee4484f4e2a9879f808ce3f50df8ab62e43,a3a1cc6df6fa35b788feb027e9c64ee4484f4e2a9879f808ce3f50df8ab62e43,328403
irregular_occluded,images__val__0000154_00801_d_0000001.jpg,cf0bf7d9ec5b6aa21a2c142d13b2ee25dbe588b216cf27360a9ce4a9b4d1dea3,cf0bf7d9ec5b6aa21a2c142d13b2ee25dbe588b216cf27360a9ce4a9b4d1dea3,80960
irregular_occluded,images__val__0000154_01601_d_0000001.jpg,5701c1abb2849684bb43050741b1127e859d3b0ffd8e503b08a5702fd305c864,5701c1abb2849684bb43050741b1127e859d3b0ffd8e503b08a5702fd305c864,88439
irregular_occluded,images__val__0000154_02001_d_0000001.jpg,eeb46e72d4978b848d53576bd6b653eedba93833ed5fb9eed4a9fef5d9169508,eeb46e72d4978b848d53576bd6b653eedba93833ed5fb9eed4a9fef5d9169508,85893
irregular_occluded,images__val__0000155_00001_d_0000001.jpg,54009fd44e5402b0b36f1ffa08b38fbbd1b1fe027ea133db7ec08f144b7a7041,54009fd44e5402b0b36f1ffa08b38fbbd1b1fe027ea133db7ec08f144b7a7041,98434
irregular_occluded,images__val__0000155_00401_d_0000001.jpg,9f528863f40b14b8038c22255904e4d1f0692d10369087c4b75adcf093c9dcd2,9f528863f40b14b8038c22255904e4d1f0692d10369087c4b75adcf093c9dcd2,95685
irregular_occluded,images__val__0000155_00801_d_0000001.jpg,14ddca2bf8bb88164a22408b512b76b342f8b628bc7bcc157b52ed35a136dda5,14ddca2bf8bb88164a22408b512b76b342f8b628bc7bcc157b52ed35a136dda5,101558
irregular_occluded,images__val__0000193_01705_d_0000112.jpg,71f8a19e9c1e4582392bfd0253c08acb3dc095ae299ff69b64531866a34a0b3c,71f8a19e9c1e4582392bfd0253c08acb3dc095ae299ff69b64531866a34a0b3c,88134
irregular_occluded,images__val__0000193_01876_d_0000113.jpg,ce665ff65f6603b96ec4067de37e02ea599185b17ef1218769088ee1fda826ce,ce665ff65f6603b96ec4067de37e02ea599185b17ef1218769088ee1fda826ce,88642
irregular_occluded,images__val__0000194_00399_d_0000121.jpg,7187015e5cfa468e0fc06880149ea4c44933145915acd891caafda6d4decc51c,7187015e5cfa468e0fc06880149ea4c44933145915acd891caafda6d4decc51c,89029
irregular_occluded,images__val__0000213_02500_d_0000240.jpg,d1512ee855ae1941b059c45a51774c1bec8f1d27ff41b7864d0dfd8301e1b3ca,d1512ee855ae1941b059c45a51774c1bec8f1d27ff41b7864d0dfd8301e1b3ca,156274
irregular_occluded,images__val__0000213_03478_d_0000242.jpg,5e156bc1e9be80aa9ba4b78a68a286c2df96604415e182b256082fab9648c784,5e156bc1e9be80aa9ba4b78a68a286c2df96604415e182b256082fab9648c784,203492
irregular_occluded,images__val__0000213_03920_d_0000243.jpg,d7c16d8b66a72b760d4cc6123a8849aa3fdfe70963ab5536508804f1b0a1aee8,d7c16d8b66a72b760d4cc6123a8849aa3fdfe70963ab5536508804f1b0a1aee8,204082
irregular_occluded,images__val__0000213_04405_d_0000244.jpg,5a44970d08c0ed75a021e9104452d993e7b4db2aeb2229c1aa86ec86095dd09b,5a44970d08c0ed75a021e9104452d993e7b4db2aeb2229c1aa86ec86095dd09b,205844
irregular_occluded,images__val__0000213_04998_d_0000245.jpg,97fca2d226f8109ba84c32c8a6bc60951d27486ac063d5a114eba18214a14cb2,97fca2d226f8109ba84c32c8a6bc60951d27486ac063d5a114eba18214a14cb2,231754
irregular_occluded,images__val__0000213_05340_d_0000246.jpg,2ae64752f6e4b034645bf0dd79b0c6133ef54c1ead5c5491f92fd38d34230078,2ae64752f6e4b034645bf0dd79b0c6133ef54c1ead5c5491f92fd38d34230078,221887
irregular_occluded,images__val__0000215_00000_d_0000256.jpg,1decaa5a5ef44a189030325c01f163e023d8fd7942997c9f26d3bdc2191baad2,1decaa5a5ef44a189030325c01f163e023d8fd7942997c9f26d3bdc2191baad2,137280
irregular_occluded,images__val__0000215_02319_d_0000261.jpg,51ac30b316928170b71ccb0f3c89a77d3ad9760aeafadd3b51d56dc2c0417f6e,51ac30b316928170b71ccb0f3c89a77d3ad9760aeafadd3b51d56dc2c0417f6e,109364
irregular_occluded,images__val__0000244_01000_d_0000003.jpg,8efc95569fb0281563a6d920c12b508b0316e772f00ea04a925406ed0ebb55a4,8efc95569fb0281563a6d920c12b508b0316e772f00ea04a925406ed0ebb55a4,119412
irregular_occluded,images__val__0000244_02000_d_0000005.jpg,e361a06dc4974a1d99bc2e9a30569d1c8ad478af44bb0f10043aeec5c60e2891,e361a06dc4974a1d99bc2e9a30569d1c8ad478af44bb0f10043aeec5c60e2891,116068
irregular_occluded,images__val__0000244_02500_d_0000006.jpg,52575cd332519cd96cacfe3d026383892672a16bfab312e9b120e5bb4bcc0798,52575cd332519cd96cacfe3d026383892672a16bfab312e9b120e5bb4bcc0798,95206
irregular_occluded,images__val__0000244_03500_d_0000008.jpg,d175f4e5c81611468f8a0fbe61783cbdbf15396f750974a3ba4a5bd437a115c7,d175f4e5c81611468f8a0fbe61783cbdbf15396f750974a3ba4a5bd437a115c7,104753
irregular_occluded,images__val__0000244_04400_d_0000010.jpg,eb42cb1e7405a7e9e7b5fb82a63a3f028286317611fe863ffb31c85dde6f432a,eb42cb1e7405a7e9e7b5fb82a63a3f028286317611fe863ffb31c85dde6f432a,121125
irregular_occluded,images__val__0000249_02073_d_0000007.jpg,c7e467522164296f0254947233fdf2b27b00d167255109bcd1dbb975fe7055e1,c7e467522164296f0254947233fdf2b27b00d167255109bcd1dbb975fe7055e1,114759
irregular_occluded,images__val__0000256_00715_d_0000019.jpg,15bb9a5e67b3f4d997d61341d09c53e97637892c0305c3e93c5aa1488d6c93d2,15bb9a5e67b3f4d997d61341d09c53e97637892c0305c3e93c5aa1488d6c93d2,190201
irregular_occluded,images__val__0000269_00001_d_0000348.jpg,c2896dcad866d0480ead44cc4239a5b49d1b3c35fcfba8d8d0adaee5b718a81f,c2896dcad866d0480ead44cc4239a5b49d1b3c35fcfba8d8d0adaee5b718a81f,174614
irregular_occluded,images__val__0000271_05001_d_0000397.jpg,2c799913d53c2d11596c49d7241b32ffd5b3669d54eccccd230082a892a08551,2c799913d53c2d11596c49d7241b32ffd5b3669d54eccccd230082a892a08551,168973
irregular_occluded,images__val__0000271_06001_d_0000402.jpg,62042e218093c2c2442c036d90833e26210da74ddb24d39980f1e5223327d574,62042e218093c2c2442c036d90833e26210da74ddb24d39980f1e5223327d574,163883
irregular_occluded,images__val__0000271_06201_d_0000403.jpg,de76acfd7e9d9abe590830074cbb862068070934d6aa875dfcec89d36a92f728,de76acfd7e9d9abe590830074cbb862068070934d6aa875dfcec89d36a92f728,164782
irregular_occluded,images__val__0000271_06401_d_0000404.jpg,bb79ac23279b402981f0e9fb588a1b47f305f0f03fa97399ce7b1681277e6e13,bb79ac23279b402981f0e9fb588a1b47f305f0f03fa97399ce7b1681277e6e13,159485
irregular_occluded,images__val__0000277_00401_d_0000541.jpg,43ca0b0532e7f3af0fc4ea99737ab6809f9f463f1c664ae59f0b5f78ea82775d,43ca0b0532e7f3af0fc4ea99737ab6809f9f463f1c664ae59f0b5f78ea82775d,97585
irregular_occluded,images__val__0000277_02001_d_0000549.jpg,778b6d93e2b0adaecb17792b792f55b647974702cdfa45bd4e1db1fa9fb83480,778b6d93e2b0adaecb17792b792f55b647974702cdfa45bd4e1db1fa9fb83480,147884
irregular_occluded,images__val__0000277_02401_d_0000551.jpg,98d074a18a6b3f5d868ef888f5bd765f36415b82096b21ce6eba555e6fe21e63,98d074a18a6b3f5d868ef888f5bd765f36415b82096b21ce6eba555e6fe21e63,133547
irregular_occluded,images__val__0000277_02601_d_0000552.jpg,cd66bdaaabba5217fd7be47dfa42ab9e9ebc5c6688b28cb5eb5086f4863e6857,cd66bdaaabba5217fd7be47dfa42ab9e9ebc5c6688b28cb5eb5086f4863e6857,144587
irregular_occluded,images__val__0000277_04601_d_0000561.jpg,c488bb064215b028b67fc45b179f9001eb03fa5f4b6718a3a6beef1165acd1e7,c488bb064215b028b67fc45b179f9001eb03fa5f4b6718a3a6beef1165acd1e7,132150
irregular_occluded,images__val__0000277_05001_d_0000562.jpg,cc04f674aafbcf6847a225bba24ca1321c294baa61104573a1e695d8393d8f94,cc04f674aafbcf6847a225bba24ca1321c294baa61104573a1e695d8393d8f94,138123
irregular_occluded,images__val__0000280_00001_d_0000612.jpg,2365321024b6c7af638530cfc82b53b9ac50312256c27adb8b2f760f83a89f21,2365321024b6c7af638530cfc82b53b9ac50312256c27adb8b2f760f83a89f21,170846
irregular_occluded,images__val__0000280_01001_d_0000617.jpg,24e924f6c0dd9002a8371ada9033b1ab6f29c523ccce90376d6cad44e3a2a513,24e924f6c0dd9002a8371ada9033b1ab6f29c523ccce90376d6cad44e3a2a513,192593
irregular_occluded,images__val__0000280_01201_d_0000618.jpg,afdf63a59991d7ae40e45d22be6ca2bd8be9cf6414b2ab03d0b98d84d506be5e,afdf63a59991d7ae40e45d22be6ca2bd8be9cf6414b2ab03d0b98d84d506be5e,181447
irregular_occluded,images__val__0000280_01401_d_0000619.jpg,1f067b98411ffdac3def2e259d5e313543cad5644ceb012272019b084e60dd46,1f067b98411ffdac3def2e259d5e313543cad5644ceb012272019b084e60dd46,182622
irregular_occluded,images__val__0000280_01601_d_0000620.jpg,42513e661d7dafa4ff952b79a805bc48b70e7a8122b240e62e9677406c7d6b8b,42513e661d7dafa4ff952b79a805bc48b70e7a8122b240e62e9677406c7d6b8b,180855
irregular_occluded,images__val__0000280_01801_d_0000621.jpg,70c96b32ef08b25e24557bd8b9ff9974d6537e7d1badc8a108d06d536b3f60aa,70c96b32ef08b25e24557bd8b9ff9974d6537e7d1badc8a108d06d536b3f60aa,161263
irregular_occluded,images__val__0000280_02401_d_0000624.jpg,8f37fed8b58d49826bf325ab06ddecbfb0093f3d427a02ee4eb0842494fce5bb,8f37fed8b58d49826bf325ab06ddecbfb0093f3d427a02ee4eb0842494fce5bb,169663
irregular_occluded,images__val__0000287_00601_d_0000762.jpg,cc043a1ece05fc049c29440f80482b2e709ad758ed6c8cd3164a24dd3e175b81,cc043a1ece05fc049c29440f80482b2e709ad758ed6c8cd3164a24dd3e175b81,166673
irregular_occluded,images__val__0000289_03801_d_0000830.jpg,b6f29ee7b7cdf1cdc79e055efcd9149a0b92363bc4b045f9a1d8bbe08122b7f5,b6f29ee7b7cdf1cdc79e055efcd9149a0b92363bc4b045f9a1d8bbe08122b7f5,168895
irregular_occluded,images__val__0000289_04001_d_0000831.jpg,4346853b541ba8d3f9b50c1baed94160775b3f96d97436fb69fefda9b8378a49,4346853b541ba8d3f9b50c1baed94160775b3f96d97436fb69fefda9b8378a49,140463
irregular_occluded,images__val__0000289_04201_d_0000832.jpg,fffef30a436176ebd91496778483a79c0871159ef344cec3727eca26898f9c56,fffef30a436176ebd91496778483a79c0871159ef344cec3727eca26898f9c56,121538
irregular_occluded,images__val__0000289_04401_d_0000833.jpg,1a815c9b4fdd335f06831062182ba8ba10ff1081801a9512e9d514b2c237b673,1a815c9b4fdd335f06831062182ba8ba10ff1081801a9512e9d514b2c237b673,133740
irregular_occluded,images__val__0000289_04601_d_0000834.jpg,90adceaeceda89bbea1d36b0f4cd84539039049a5de7047cf2d77159427981b8,90adceaeceda89bbea1d36b0f4cd84539039049a5de7047cf2d77159427981b8,146442
irregular_occluded,images__val__0000289_05601_d_0000839.jpg,5bdabc13646076ddc9f73cc5245560eecec46308a5cf7547a5aea42d86acadc7,5bdabc13646076ddc9f73cc5245560eecec46308a5cf7547a5aea42d86acadc7,150791
irregular_occluded,images__val__0000291_00001_d_0000868.jpg,66e3d1991b32341839b607515ca7432eb98a18f473b244a89923ab59f1e463c0,66e3d1991b32341839b607515ca7432eb98a18f473b244a89923ab59f1e463c0,164040
irregular_occluded,images__val__0000291_00401_d_0000870.jpg,c2fcfe15053d0de805ef995f81b16b11e9e583472df232ffb22b30e0275a329b,c2fcfe15053d0de805ef995f81b16b11e9e583472df232ffb22b30e0275a329b,188896
irregular_occluded,images__val__0000291_00601_d_0000871.jpg,81391a112189aebfe2be45b33b2cf81b14dccb51619599b8020500ae782d521e,81391a112189aebfe2be45b33b2cf81b14dccb51619599b8020500ae782d521e,185977
irregular_occluded,images__val__0000291_01001_d_0000873.jpg,ad6705b75ce2ca9a72562a07b5df4e8a1a331bf7ee323190a576e98db6f4eef2,ad6705b75ce2ca9a72562a07b5df4e8a1a331bf7ee323190a576e98db6f4eef2,172609
irregular_occluded,images__val__0000291_01201_d_0000874.jpg,4bf7afaa79de29e265fd8353c94ebc7b3b3b9bbcc0e10150c4346516d4244806,4bf7afaa79de29e265fd8353c94ebc7b3b3b9bbcc0e10150c4346516d4244806,186526
irregular_occluded,images__val__0000291_01401_d_0000875.jpg,cf842024fe02ab6dff44efc8f36150cc1edf77619623703382d9a524d635e8f9,cf842024fe02ab6dff44efc8f36150cc1edf77619623703382d9a524d635e8f9,167460
irregular_occluded,images__val__0000291_01801_d_0000877.jpg,809f5dd32db213a00ee48677bb32c3a1de62efcce93da90836089706ed1c0a10,809f5dd32db213a00ee48677bb32c3a1de62efcce93da90836089706ed1c0a10,206691
irregular_occluded,images__val__0000291_02001_d_0000878.jpg,117ba5243bf5ef207c41107d8d4de9718c925df566e7480a0aa209da0fe200ca,117ba5243bf5ef207c41107d8d4de9718c925df566e7480a0aa209da0fe200ca,200709
irregular_occluded,images__val__0000291_02201_d_0000879.jpg,888abd296fa6d940b63b968d73a2d14e3234678876168b77ea54428081a47c24,888abd296fa6d940b63b968d73a2d14e3234678876168b77ea54428081a47c24,192326
irregular_occluded,images__val__0000291_02601_d_0000881.jpg,83e4eb131e528d073b8ef2cc97c856467ed35443fb684e795a4c986e8fcf955f,83e4eb131e528d073b8ef2cc97c856467ed35443fb684e795a4c986e8fcf955f,185745
irregular_occluded,images__val__0000291_03201_d_0000884.jpg,fe7c14394b24e969936c046ce0993a724694e1a2c05c459e0a99d8ed08452330,fe7c14394b24e969936c046ce0993a724694e1a2c05c459e0a99d8ed08452330,202562
irregular_occluded,images__val__0000291_03401_d_0000885.jpg,04e8d1cce332aa3ef729b0b90bff2e16bdc761a22d2ac0a4bd0112b47a967dc2,04e8d1cce332aa3ef729b0b90bff2e16bdc761a22d2ac0a4bd0112b47a967dc2,187952
irregular_occluded,images__val__0000291_03601_d_0000886.jpg,929171890e53df3755e670fee2dc55ba50fb63397521885fc390bf118ecd6cb3,929171890e53df3755e670fee2dc55ba50fb63397521885fc390bf118ecd6cb3,173979
irregular_occluded,images__val__0000291_03801_d_0000887.jpg,c0d94e27c5e46f54421d6407dff3392ec68c60e81b2c2da5aa3fbeb027912bf9,c0d94e27c5e46f54421d6407dff3392ec68c60e81b2c2da5aa3fbeb027912bf9,154231
irregular_occluded,images__val__0000291_04201_d_0000889.jpg,bd93cfa6c19bbb8befef10b0e44414edd326b6e82b6a97ab4c991d4d8a34bf8d,bd93cfa6c19bbb8befef10b0e44414edd326b6e82b6a97ab4c991d4d8a34bf8d,180891
irregular_occluded,images__val__0000291_04401_d_0000890.jpg,368ab992e3511ee2cd57a5ffc6aff512ad7cc602e995b0814b892d42d5a8d23d,368ab992e3511ee2cd57a5ffc6aff512ad7cc602e995b0814b892d42d5a8d23d,175417
irregular_occluded,images__val__0000291_05001_d_0000892.jpg,588036e0d8f4ba29cda8a9b5805f945ed4b249379fbfb852f63ea3d4ac233738,588036e0d8f4ba29cda8a9b5805f945ed4b249379fbfb852f63ea3d4ac233738,168257
irregular_occluded,images__val__0000291_05201_d_0000893.jpg,153e529837817c523eca76f06c6512610e705cd8c45b6fa79ef071038ea8fb4d,153e529837817c523eca76f06c6512610e705cd8c45b6fa79ef071038ea8fb4d,206359
irregular_occluded,images__val__0000293_03601_d_0000940.jpg,2a4da79988c16e08fcffb64b15aec88060ba9f52012ab42585e9174a2ab788ab,2a4da79988c16e08fcffb64b15aec88060ba9f52012ab42585e9174a2ab788ab,193171
irregular_occluded,images__val__0000295_00000_d_0000021.jpg,87e05952a3ca89e2dfe0742b515175ddbd73e785abefb87bff8ac8a0538d633c,87e05952a3ca89e2dfe0742b515175ddbd73e785abefb87bff8ac8a0538d633c,184221
irregular_occluded,images__val__0000295_00600_d_0000024.jpg,21ff2cfbf1a06ef0a9a335965cce128d7c0f0f86e46092d37085376a850a8248,21ff2cfbf1a06ef0a9a335965cce128d7c0f0f86e46092d37085376a850a8248,189099
irregular_occluded,images__val__0000295_00800_d_0000025.jpg,4d4d55df101fa6c84006bc0d2e9dd213d5ee8c96ba99ddcfc72b471c5ecb4827,4d4d55df101fa6c84006bc0d2e9dd213d5ee8c96ba99ddcfc72b471c5ecb4827,194388
irregular_occluded,images__val__0000295_01000_d_0000026.jpg,912d06a154ae543ee7591869ded8edf36befe2eb4bb755a36ded2478d2c48801,912d06a154ae543ee7591869ded8edf36befe2eb4bb755a36ded2478d2c48801,187380
irregular_occluded,images__val__0000295_01200_d_0000027.jpg,f30e40c67f892fcc697cdfa0b4a63016ad1cc37d3013d53d1ca92837a9d97b5b,f30e40c67f892fcc697cdfa0b4a63016ad1cc37d3013d53d1ca92837a9d97b5b,179999
irregular_occluded,images__val__0000295_01400_d_0000028.jpg,b3d497526d77a4af97c4bbf01402850e6c3461347afff8b16d7b0c1083030b3a,b3d497526d77a4af97c4bbf01402850e6c3461347afff8b16d7b0c1083030b3a,180525
irregular_occluded,images__val__0000295_01600_d_0000029.jpg,4f8c050f28c0fdc5b33d7e83db6e99b69cd6b94f09070f222e963803a0237582,4f8c050f28c0fdc5b33d7e83db6e99b69cd6b94f09070f222e963803a0237582,190449
irregular_occluded,images__val__0000295_01800_d_0000030.jpg,b01da65652fce82a45514282c19529d358ad353e067f19992106f3e829edd579,b01da65652fce82a45514282c19529d358ad353e067f19992106f3e829edd579,203035
irregular_occluded,images__val__0000295_02000_d_0000031.jpg,245b277500839edc050b351c24e5b91ecb281bb85ac00401628ff1182d607572,245b277500839edc050b351c24e5b91ecb281bb85ac00401628ff1182d607572,205258
irregular_occluded,images__val__0000295_02200_d_0000032.jpg,a5b5ea04225dd22a037fdbe29acafc91ec88effe2db5f856b26bac2e672db631,a5b5ea04225dd22a037fdbe29acafc91ec88effe2db5f856b26bac2e672db631,202907
irregular_occluded,images__val__0000295_02400_d_0000033.jpg,f4e6fc5838b411648e0d10845540309874c23bd79a402d6be68bf57cbedf6771,f4e6fc5838b411648e0d10845540309874c23bd79a402d6be68bf57cbedf6771,203807
irregular_occluded,images__val__0000295_02900_d_0000034.jpg,7602ae661a63950f9d8593f9cb2eab08617671c2749c2caf8de8d40351354d6c,7602ae661a63950f9d8593f9cb2eab08617671c2749c2caf8de8d40351354d6c,185693
irregular_occluded,images__val__0000296_00601_d_0000038.jpg,b5467af7e1efc2bd1686e72df3150bac64ccfd7dd2077a77c4be520ed50aa379,b5467af7e1efc2bd1686e72df3150bac64ccfd7dd2077a77c4be520ed50aa379,217296
irregular_occluded,images__val__0000296_01001_d_0000040.jpg,93f5ec0f5994c9299b48a62b3466d18ea5122735d043914b9e9d31e8915099e9,93f5ec0f5994c9299b48a62b3466d18ea5122735d043914b9e9d31e8915099e9,207757
irregular_occluded,images__val__0000301_00001_d_0000156.jpg,fab9ac80318d57c611b4e7b27d80cfb0038dfa5f97c41ea1dc3b38d3d1f60f2c,fab9ac80318d57c611b4e7b27d80cfb0038dfa5f97c41ea1dc3b38d3d1f60f2c,165723
irregular_occluded,images__val__0000301_00201_d_0000157.jpg,0e0b82313f49448bce0464586bfe5d1b094ad0333a29eacec15f05d5096c66ae,0e0b82313f49448bce0464586bfe5d1b094ad0333a29eacec15f05d5096c66ae,153535
irregular_occluded,images__val__0000301_01001_d_0000161.jpg,9c414c5aaf2552182ff375d8979e33670d3f2cf006965877f460e3d00ec02c29,9c414c5aaf2552182ff375d8979e33670d3f2cf006965877f460e3d00ec02c29,136294
irregular_occluded,images__val__0000301_01201_d_0000162.jpg,2e1a6684daa10a046d5dbce90846200a60a757f2ee192f3ed2c29389dd2b6da7,2e1a6684daa10a046d5dbce90846200a60a757f2ee192f3ed2c29389dd2b6da7,150124
irregular_occluded,images__val__0000308_04401_d_0000327.jpg,ac235c38679e3bbf188dfd9160c12fbc9b7567d02d509be9977765f6706a90af,ac235c38679e3bbf188dfd9160c12fbc9b7567d02d509be9977765f6706a90af,174299
irregular_occluded,images__val__0000312_00001_d_0000414.jpg,edcf9185a8a2425d4a9350dbe39f1a9c29a6aeea4cd2fdf75b0b6306009af8e2,edcf9185a8a2425d4a9350dbe39f1a9c29a6aeea4cd2fdf75b0b6306009af8e2,196013
irregular_occluded,images__val__0000312_00201_d_0000415.jpg,e9461176a3525bd1f3fbd0962098d7b80395a5cde1aaa35d8ccf22e7893d6ed7,e9461176a3525bd1f3fbd0962098d7b80395a5cde1aaa35d8ccf22e7893d6ed7,156456
irregular_occluded,images__val__0000313_06601_d_0000469.jpg,b887075b5b91047e11a634c5634591e8b97a4d1d7e8b06f03c3614401f0535f2,b887075b5b91047e11a634c5634591e8b97a4d1d7e8b06f03c3614401f0535f2,190249
irregular_occluded,images__val__0000315_01601_d_0000509.jpg,57127672b27bc67c60dbe076a1600c5bd026a39b8f18c821573f6d053a1a4611,57127672b27bc67c60dbe076a1600c5bd026a39b8f18c821573f6d053a1a4611,195638
irregular_occluded,images__val__0000323_02601_d_0000645.jpg,781b10b7b38a510c7c255e17d5595b1a09d297881564eaadced7aa3f5ddefca3,781b10b7b38a510c7c255e17d5595b1a09d297881564eaadced7aa3f5ddefca3,184680
irregular_occluded,images__val__0000327_01401_d_0000718.jpg,4642a0dffd5841e61719b5d56a4c04c11c1a15ec726f41a3db2da541553beb4c,4642a0dffd5841e61719b5d56a4c04c11c1a15ec726f41a3db2da541553beb4c,126553
irregular_occluded,images__val__0000327_03201_d_0000727.jpg,921eb37c357baa6debc4f370b34799c0f749b9d468dfeb302eb4887a7742ddce,921eb37c357baa6debc4f370b34799c0f749b9d468dfeb302eb4887a7742ddce,121297
irregular_occluded,images__val__0000327_03801_d_0000730.jpg,ac41406165ac4da8c7e8859bc0056d9f8c5536251c8ef2589f29a0762c7810e5,ac41406165ac4da8c7e8859bc0056d9f8c5536251c8ef2589f29a0762c7810e5,144886
irregular_occluded,images__val__0000327_04001_d_0000731.jpg,5ac8129280162a86bbe26ac10b87cfaf0e4c0f0d01db1aa1c121b6a2b9ea4784,5ac8129280162a86bbe26ac10b87cfaf0e4c0f0d01db1aa1c121b6a2b9ea4784,146806
irregular_occluded,images__val__0000327_04201_d_0000732.jpg,d914e4e88994c9e72bc4d18362c59ea428a186d347916460153cf6eaf50d8c43,d914e4e88994c9e72bc4d18362c59ea428a186d347916460153cf6eaf50d8c43,137091
irregular_occluded,images__val__0000330_00201_d_0000801.jpg,a171c57aa5bf2688c72d99c5b29191c6d7ce67bce34a8e1f7e985db2f0d6c5c6,a171c57aa5bf2688c72d99c5b29191c6d7ce67bce34a8e1f7e985db2f0d6c5c6,161049
irregular_occluded,images__val__0000330_00401_d_0000802.jpg,658df565075881cd79e679e056699431ec1f05586b29928eda89f1eb5b4fd296,658df565075881cd79e679e056699431ec1f05586b29928eda89f1eb5b4fd296,151023
irregular_occluded,images__val__0000330_00601_d_0000803.jpg,1c0343bbb0bb2705ac18ac5a3848153287267db6046773d08f6ed2511c006b97,1c0343bbb0bb2705ac18ac5a3848153287267db6046773d08f6ed2511c006b97,150912
irregular_occluded,images__val__0000330_01001_d_0000805.jpg,3415e0d94527b147d5b9d2eb2b78e30d9b7a5d2f75ab108d9a1b51bae7760ce7,3415e0d94527b147d5b9d2eb2b78e30d9b7a5d2f75ab108d9a1b51bae7760ce7,152292
irregular_occluded,images__val__0000330_01201_d_0000806.jpg,aff148aaa2234166a977341cb78e573127cfb59406ff32f9e35ed97e2ef29a25,aff148aaa2234166a977341cb78e573127cfb59406ff32f9e35ed97e2ef29a25,168930
irregular_occluded,images__val__0000330_01401_d_0000807.jpg,deac9c571959a93712ea193a7f079ac07de2aa49adb3d4ff86d076fdbbb05775,deac9c571959a93712ea193a7f079ac07de2aa49adb3d4ff86d076fdbbb05775,162353
irregular_occluded,images__val__0000330_04201_d_0000821.jpg,2398a4ca2bd887127b12646cbaa38fdda7455aa43a8d687b70b0e4f94da53743,2398a4ca2bd887127b12646cbaa38fdda7455aa43a8d687b70b0e4f94da53743,130675
irregular_occluded,images__val__0000335_02745_d_0000057.jpg,74622eac8098664da04d180e43c2cb31357010b8ba8e83a690633c149e6d5927,74622eac8098664da04d180e43c2cb31357010b8ba8e83a690633c149e6d5927,164302
irregular_occluded,images__val__0000335_03137_d_0000059.jpg,b4bcd9aab0a875ac72bff5b849d625a44dca700154b55e6d204332956d5dfb6a,b4bcd9aab0a875ac72bff5b849d625a44dca700154b55e6d204332956d5dfb6a,157668
irregular_occluded,images__val__0000342_00393_d_0000244.jpg,0c6d87602fcb9974ad9f8ec4ec3a3d4f81cdf35c5dd176d918cbfd29fa5d15c8,0c6d87602fcb9974ad9f8ec4ec3a3d4f81cdf35c5dd176d918cbfd29fa5d15c8,140764
irregular_occluded,images__val__0000345_07057_d_0000345.jpg,e500a2c793521b5de757f40f570827c86123fcba4a661c3c4e34380498d52bd9,e500a2c793521b5de757f40f570827c86123fcba4a661c3c4e34380498d52bd9,114923
irregular_occluded,images__val__0000356_00589_d_0000632.jpg,ebe59a7dd6cbb6a1c7a382d7541139c4d15d8d58a805743cf7148af24eff0148,ebe59a7dd6cbb6a1c7a382d7541139c4d15d8d58a805743cf7148af24eff0148,137017
irregular_occluded,images__val__0000356_01569_d_0000637.jpg,37f4c0358b80239c6eab8c0a324eccec310425867c987c3fe3745ffe598eaafe,37f4c0358b80239c6eab8c0a324eccec310425867c987c3fe3745ffe598eaafe,126037
irregular_occluded,images__val__0000356_01961_d_0000639.jpg,44479e8e6b9c52dd34375302384ca779fc8a1d6173b19eb7177566c7f31effa1,44479e8e6b9c52dd34375302384ca779fc8a1d6173b19eb7177566c7f31effa1,121803
irregular_occluded,images__val__0000356_02745_d_0000643.jpg,af27fd8f658e5e8b34800f984af44db0d3b368d04c94e2eb2dda0c008e6c2556,af27fd8f658e5e8b34800f984af44db0d3b368d04c94e2eb2dda0c008e6c2556,118181
irregular_occluded,images__val__0000356_02941_d_0000644.jpg,240fceb24ca3c89d6025e48f67906389ef2cd416dfa944cfdce34e4b0bda19d3,240fceb24ca3c89d6025e48f67906389ef2cd416dfa944cfdce34e4b0bda19d3,117239
irregular_occluded,images__val__0000356_04117_d_0000650.jpg,9060b1895d435a75c089225ce19a4f9188cbef0ff9b50bf223e2c3e7e452fae0,9060b1895d435a75c089225ce19a4f9188cbef0ff9b50bf223e2c3e7e452fae0,111312
irregular_occluded,images__val__0000356_04313_d_0000651.jpg,152323c9804e7d611b7078479ea478162d5bd07387345a8384a4a9031ad3a3cc,152323c9804e7d611b7078479ea478162d5bd07387345a8384a4a9031ad3a3cc,112959
irregular_occluded,images__val__0000356_04901_d_0000654.jpg,8da8ca98e65518a75aa50e7a7cc6157912d06c2d2e9ac138b05414df9ecc9519,8da8ca98e65518a75aa50e7a7cc6157912d06c2d2e9ac138b05414df9ecc9519,121877
irregular_occluded,images__val__0000356_05097_d_0000655.jpg,aedcd60fe0972e9dea4e34ad9f84508f695ad325d956062fc39065d2d8400564,aedcd60fe0972e9dea4e34ad9f84508f695ad325d956062fc39065d2d8400564,124300
irregular_occluded,images__val__0000358_03333_d_0000697.jpg,dd62043be19d113efca45cc7ccab1dd5339722d5c05a4800b0c86453c24c0a2d,dd62043be19d113efca45cc7ccab1dd5339722d5c05a4800b0c86453c24c0a2d,162709
irregular_occluded,images__val__0000364_01765_d_0000782.jpg,451961d5e3fd86f3778f2c59204de3f20f5601d53071f9c4da94fb02390e4c9a,451961d5e3fd86f3778f2c59204de3f20f5601d53071f9c4da94fb02390e4c9a,106033
