dominant_expert_agreement,jensen_shannon_divergence,layer_index,layer_name,normalized_route_entropy_a,normalized_route_entropy_b,route_entropy_a,route_entropy_b,seed_a,seed_b,token_top1_agreement
1,3.667859048545078e-06,0,model.14.m.0,0.9999419951472358,0.9999777797651032,1.0985485638240606,1.098587877244995,0,1,0.538125
0,5.7389478528628536e-06,1,model.14.m.1,0.9999902329048549,0.999999357958233,1.0986015584173587,1.0986115833131347,0,1,0.256875
0,0.00013529993503677286,2,model.20.m.0,0.9999777035471425,0.9995741712007342,1.0985877935110069,1.0981444679163677,0,1,0.665625
0,3.019162655107664e-07,3,model.20.m.1,0.9999994179069843,0.9999997863075811,1.0986116491735696,1.0986120539029924,0,1,0.281875
1,1.2896110773341068e-10,4,model.23.m.0,0.9999999751335387,0.9999999764478437,1.0986122613495097,1.0986122627934214,0,1,1.0
0,1.3106258655018593e-08,5,model.23.m.1,0.9999999638009817,1.0000000022864601,1.0986122488994234,1.0986122911800429,0,1,0.0
1,1.3534534969601871e-05,0,model.14.m.0,0.9999368384790345,0.9999865914946896,1.098542898645006,1.0985975579194032,0,1,0.434375
0,6.316740836099415e-06,1,model.14.m.1,0.9999871904080299,0.9999997431966715,1.0985982158929586,1.0986120065408174,0,1,0.2
0,0.00019930962501007955,2,model.20.m.0,0.9999743688797793,0.9994287385260759,1.098584130004463,1.0979846937928142,0,1,0.709375
0,2.302350060993274e-07,3,model.20.m.1,0.9999995598450035,0.9999997896237582,1.0986118051084217,1.0986120575461853,0,1,0.309375
1,1.2986506325496647e-10,4,model.23.m.0,0.999999972278911,0.9999999792505943,1.0986122582133808,1.0986122658725577,0,1,1.0
0,1.3042888008113157e-08,5,model.23.m.1,0.9999999611002229,1.000000002265272,1.0986122459323366,1.0986122911567653,0,1,0.0
1,1.016626116438047e-05,0,model.14.m.0,0.999932486342096,0.9999853657309923,1.0985381173338835,1.0985962112803422,0,1,0.4225
0,4.978598473295815e-06,1,model.14.m.1,0.9999902305696755,0.9999996185064257,1.098601555851902,1.098611869554581,0,1,0.18625
0,0.00021543601328465251,2,model.20.m.0,0.9999808383452533,0.9993507448940648,1.0985912374387339,1.097899009030249,0,1,0.708125
0,2.7415062033188517e-07,3,model.20.m.1,0.9999995309060353,0.9999997967339826,1.0986117733157157,1.0986120653575653,0,1,0.3275
1,1.2775305278771885e-10,4,model.23.m.0,0.9999999750798189,0.9999999819307874,1.0986122612904925,1.0986122688170508,0,1,1.0
0,1.304039321500408e-08,5,model.23.m.1,0.9999999637899366,0.9999999995911452,1.0986122488872891,1.0986122882189369,0,1,0.0
1,1.5918453978594482e-05,0,model.14.m.0,0.9999497072069788,0.9999915861198989,1.0985570363876653,1.0986030450760353,0,1,0.448125
0,8.985278778667451e-06,1,model.14.m.1,0.9999891759522189,0.999997108686066,1.0986003972362044,1.0986091122350914,0,1,0.176875
0,8.555098112290643e-05,2,model.20.m.0,0.9999798592674503,0.9996592202985682,1.098590161811828,1.0982379039003882,0,1,0.723125
0,2.676013489916147e-07,3,model.20.m.1,0.9999995002716279,0.9999997778081198,1.0986117396603792,1.0986120445653798,0,1,0.275
1,1.2265356397424873e-10,4,model.23.m.0,0.9999999753079077,0.9999999762192826,1.0986122615410738,1.0986122625423214,0,1,1.0
0,1.3088549708557246e-08,5,model.23.m.1,0.9999999664537793,1.0000000049404392,1.0986122518138195,1.098612294095737,0,1,0.0
1,1.0828848438368226e-05,0,model.14.m.0,0.9999759825891722,0.9999872041402454,1.0985859028454323,1.0985982309793394,0,1,0.5025
0,1.2082600424274167e-05,1,model.14.m.1,0.9999813020774626,0.9999971278872897,1.0985917469006377,1.0986091333297918,0,1,0.139375
0,0.00010351530992355079,2,model.20.m.0,0.9999817255805774,0.9995880118820596,1.0985922121663638,1.0981596734589552,0,1,0.650625
0,2.950823269893654e-07,3,model.20.m.1,0.9999994972136179,0.9999997666516979,1.0986117363008119,1.0986120323087976,0,1,0.26125
1,1.2854940517282954e-10,4,model.23.m.0,0.9999999802500185,0.9999999762945544,1.0986122669705374,1.0986122626250159,0,1,1.0
0,1.312100765192865e-08,5,model.23.m.1,0.9999999610928755,1.0000000022810176,1.0986122459242647,1.0986122911740637,0,1,0.0
1,2.107697230519618e-05,0,model.14.m.0,0.9999005382361748,0.999989397650574,1.0985030187521188,1.0986006407967417,0,1,0.520625
0,1.0754412094337684e-05,1,model.14.m.1,0.9999819412690116,0.9999986308372837,1.0985924491243282,1.0986107844891244,0,1,0.15125
0,0.0001573125776330667,2,model.20.m.0,0.999978987874106,0.9994841425642863,1.0985892044883916,1.098045561350034,0,1,0.724375
1,1.9889005204812315e-07,3,model.20.m.1,0.9999994317608271,0.999999773135305,1.0986116643935715,1.098612039431768,0,1,0.330625
1,1.2642227140622363e-10,4,model.23.m.0,0.9999999745246628,0.9999999761624093,1.0986122606805913,1.0986122624798398,0,1,1.0
0,1.3059614953115527e-08,5,model.23.m.1,0.9999999583989956,1.000000004945348,1.0986122429647351,1.0986122941011298,0,1,0.0
1,8.534025958296693e-06,0,model.14.m.0,0.9999565964741067,0.9999852960398888,1.098564605021192,1.0985961347168396,0,1,0.53875
0,9.863637822445017e-06,1,model.14.m.1,0.9999823950183467,0.9999989100389389,1.0985929476189238,1.0986110912234939,0,1,0.233125
0,0.0001437140898342585,2,model.20.m.0,0.9999812883555405,0.9995101899257616,1.0985917318255654,1.098074177301438,0,1,0.73875
0,2.2720171644774077e-07,3,model.20.m.1,0.9999995755767177,0.9999997923649573,1.0986118223914763,1.0986120605577003,0,1,0.286875
1,1.2890375494514605e-10,4,model.23.m.0,0.9999999748772764,0.9999999815194764,1.098612261067977,1.0986122683651796,0,1,1.0
0,1.3104444851833459e-08,5,model.23.m.1,0.9999999664392977,0.9999999996045332,1.0986122517979098,1.098612288233645,0,1,0.0
1,2.9887307889605067e-06,0,model.14.m.0,0.999965582609936,0.9999822020453812,1.0985744773004416,1.0985927356164524,0,1,0.6
0,7.2508602597966525e-06,1,model.14.m.1,0.9999870119155574,0.9999993329605593,1.098598019798935,1.0986115558503833,0,1,0.14875
0,0.0002572611999593613,2,model.20.m.0,0.9999787956781624,0.9991822706486244,1.098588993339566,1.097713921153884,0,1,0.686875
0,2.7960326720894856e-07,3,model.20.m.1,0.9999996044383965,0.9999997660692409,1.0986118540992713,1.0986120316689032,0,1,0.31375
1,1.3498242944703612e-10,4,model.23.m.0,0.9999999748772764,0.999999976496686,1.098612261067977,1.0986122628470802,0,1,1.0
0,1.3040635091716559e-08,5,model.23.m.1,0.9999999637895247,1.0000000022624052,1.0986122488868366,1.0986122911536158,0,1,0.0
1,1.070620195123544e-06,0,model.14.m.0,0.9999608321937725,0.9999784961177158,1.098569258434868,1.0985886642387783,0,1,0.50375
0,7.106765000350443e-06,1,model.14.m.1,0.9999867067398223,0.9999994918094729,1.098597684529122,1.0986117303637517,0,1,0.16125
0,0.00014111341586592883,2,model.20.m.0,0.9999799758602204,0.9995266507306648,1.0985902899020779,1.098092261343986,0,1,0.75125
1,2.0757218288614768e-07,3,model.20.m.1,0.9999994870759465,0.9999997865716413,1.0986117251634415,1.0986120541930922,0,1,0.389375
1,1.29730130890587e-10,4,model.23.m.0,0.9999999800739857,0.999999973672853,1.0986122667771456,1.0986122597447825,0,1,1.0
0,1.303227437326084e-08,5,model.23.m.1,0.9999999611404253,1.0000000022606395,1.0986122459765035,1.098612291151676,0,1,0.0
1,1.7187505587738772e-05,0,model.14.m.0,0.9998760652700489,0.9999746495212051,1.0984761324507928,1.098584438320582,0,1,0.514375
1,4.19353900789823e-06,1,model.14.m.1,0.9999862194104554,0.9999992826295284,1.098597149143091,1.0986115005560941,0,1,0.231875
1,0.00048276579652528065,2,model.20.m.0,0.9999728605307584,0.9984759343499954,1.098582472913693,1.0969379314162777,0,1,0.725
1,1.928423670454892e-07,3,model.20.m.1,0.9999995572486241,0.9999997919106285,1.0986118022560074,1.0986120600585692,0,1,0.304375
1,1.3805738714031874e-10,4,model.23.m.0,0.9999999721708072,0.9999999742402751,1.0986122580946165,1.0986122603681594,0,1,1.0
0,1.3025765379030192e-08,5,model.23.m.1,0.9999999610559053,0.99999999958749,1.0986122458836487,1.0986122882149212,0,1,0.0
1,8.43945769470419e-06,0,model.14.m.0,0.9999376760500536,0.9999827436255926,1.0985438188108203,1.098593330603128,0,1,0.40625
0,8.7432120732244e-06,1,model.14.m.1,0.9999798001588053,0.9999998115310451,1.098590096874344,1.0986120816137999,0,1,0.251875
0,0.0006962646653396482,2,model.20.m.0,0.9999793087955573,0.9981035898382932,1.0985895570566417,1.0965288691601036,0,1,0.679375
0,2.0892387170364944e-07,3,model.20.m.1,0.9999995882532406,0.9999997920020222,1.0986118363180601,1.0986120601589753,0,1,0.248125
1,1.4726838310596174e-10,4,model.23.m.0,0.9999999775030318,0.9999999744605024,1.098612263952664,1.0986122606101039,0,1,1.0
0,1.3046528660422198e-08,5,model.23.m.1,0.9999999637568899,0.9999999942446015,1.0986122488509837,1.0986122823451583,0,1,0.0
1,2.448205384576372e-06,0,model.14.m.0,0.9999590033375283,0.9999844198987748,1.098567249230924,1.0985951721774452,0,1,0.3975
0,8.254232465961756e-06,1,model.14.m.1,0.9999772134496314,0.9999996017264641,1.0985872550838585,1.098611851119909,0,1,0.274375
0,0.0008189555633602262,2,model.20.m.0,0.9999830352082193,0.9978831554148311,1.0985936509393848,1.0962866971936427,0,1,0.63625
1,1.3928473087548052e-07,3,model.20.m.1,0.9999995870736019,0.9999997822253351,1.0986118350220946,1.0986120494181868,0,1,0.26125
1,1.445081673272238e-10,4,model.23.m.0,0.9999999803175934,0.9999999823130826,1.098612267044776,1.098612269237045,0,1,1.0
0,1.3094364584593574e-08,5,model.23.m.1,0.9999999611002229,0.9999999996107664,1.0986122459323366,1.098612288240493,0,1,0.0
1,7.6009079838541686e-06,0,model.14.m.0,0.999946268516688,0.9999859166663558,1.0985532586002549,1.0985968165447029,0,1,0.52875
0,5.634206521750297e-06,1,model.14.m.1,0.9999843422115297,0.9999997384481703,1.0985950868292829,1.0986120013240555,0,1,0.235
1,0.00047741497651274415,2,model.20.m.0,0.9999765384209285,0.9985208459839074,1.0985865134890302,1.0969872718891978,0,1,0.751875
0,2.27209587084297e-07,3,model.20.m.1,0.9999995768847962,0.9999998074737203,1.0986118238285474,1.098612077156373,0,1,0.25875
1,1.4249768386910162e-10,4,model.23.m.0,0.999999972130154,0.9999999769929455,1.0986122580499544,1.098612263392277,0,1,1.0
0,1.3064146589158098e-08,5,model.23.m.1,0.9999999637201722,0.9999999969207146,1.0986122488106451,1.098612285285169,0,1,0.0
1,2.5181345792596476e-06,0,model.14.m.0,0.9999809836193958,0.9999770553942199,1.098591397038692,1.0985870814422412,0,1,0.364375
1,6.9691531791895005e-06,1,model.14.m.1,0.9999771620350991,0.9999993182605978,1.0985871985992215,1.098611539700825,0,1,0.304375
0,0.0007647618181658034,2,model.20.m.0,0.9999802688701854,0.9980814607982176,1.0985906118064261,1.09650455792474,0,1,0.584375
0,2.5159656866688396e-07,3,model.20.m.1,0.9999995586987496,0.9999997959603367,1.098611803849133,1.0986120645076283,0,1,0.295
1,1.3817754108009836e-10,4,model.23.m.0,0.9999999749585438,0.9999999794588387,1.0986122611572582,1.0986122661013376,0,1,1.0
0,1.2990554616625543e-08,5,model.23.m.1,0.9999999610927447,0.9999999995754407,1.098612245924121,1.0986122882016838,0,1,0.0
1,3.2231492727567864e-06,0,model.14.m.0,0.9999597685934767,0.9999839781647072,1.0985680899505128,1.0985946868829701,0,1,0.48625
1,5.831554782775308e-06,1,model.14.m.1,0.999979724707401,0.9999988672582718,1.0985900139825042,1.0986110442241273,0,1,0.30375
0,0.0006379082924850236,2,model.20.m.0,0.9999774604883716,0.9981919381101396,1.0985875264836542,1.0966259296572367,0,1,0.763125
0,2.555941864342844e-07,3,model.20.m.1,0.9999996135580738,0.9999997882722206,1.0986118641182607,1.0986120560613695,0,1,0.23
1,1.3863927786692118e-10,4,model.23.m.0,0.9999999748908501,0.9999999793415936,1.0986122610828892,1.0986122659725306,0,1,1.0
0,1.303644421990011e-08,5,model.23.m.1,0.9999999584067653,0.9999999995851643,1.098612242973271,1.0986122882123661,0,1,0.0
1,3.966870983924465e-06,0,model.14.m.0,0.9999961990150992,0.9999745226925731,1.0986081128593888,1.0985842989850885,0,1,0.4025
1,4.792414347509175e-06,1,model.14.m.1,0.9999818257944787,0.9999982713410123,1.0985923222625873,1.0986103895421029,0,1,0.33125
0,0.0009024551237871437,2,model.20.m.0,0.999976699522105,0.9977337135487896,1.0985866904767625,1.096122518523168,0,1,0.630625
1,2.0149452360374161e-07,3,model.20.m.1,0.9999994734164502,0.9999998201695752,1.098611710156951,1.0986120911041952,0,1,0.355
1,1.381969716360141e-10,4,model.23.m.0,0.9999999750258225,0.9999999817212604,1.0986122612311715,1.0986122685868618,0,1,1.0
0,1.305084273451236e-08,5,model.23.m.1,0.9999999611327118,0.999999996929133,1.0986122459680294,1.0986122852944176,0,1,0.0
1,7.6009079838541686e-06,0,model.14.m.0,0.999946268516688,0.9999859166663558,1.0985532586002549,1.0985968165447029,0,1,0.52875
0,5.634206521750297e-06,1,model.14.m.1,0.9999843422115297,0.9999997384481703,1.0985950868292829,1.0986120013240555,0,1,0.235
1,0.00047741497651274415,2,model.20.m.0,0.9999765384209285,0.9985208459839074,1.0985865134890302,1.0969872718891978,0,1,0.751875
0,2.27209587084297e-07,3,model.20.m.1,0.9999995768847962,0.9999998074737203,1.0986118238285474,1.098612077156373,0,1,0.25875
1,1.4249768386910162e-10,4,model.23.m.0,0.999999972130154,0.9999999769929455,1.0986122580499544,1.098612263392277,0,1,1.0
0,1.3064146589158098e-08,5,model.23.m.1,0.9999999637201722,0.9999999969207146,1.0986122488106451,1.098612285285169,0,1,0.0
1,7.085680521341038e-06,0,model.14.m.0,0.9999245726525485,0.9999718033211964,1.098529423257298,1.0985813114502765,0,1,0.44
1,5.456490453443954e-06,1,model.14.m.1,0.999982887876802,0.9999994635623887,1.0985934890792792,1.0986116993311579,0,1,0.31875
0,0.0006943753384577225,2,model.20.m.0,0.9999807246332496,0.9980258569459497,1.0985911125133292,1.0964434708493414,0,1,0.668125
0,2.51366641591336e-07,3,model.20.m.1,0.999999548818503,0.9999997880234521,1.0986117929945727,1.0986120557880694,0,1,0.325625
1,1.395649615204151e-10,4,model.23.m.0,0.9999999747691191,0.9999999741734221,1.098612260949154,1.098612260294714,0,1,1.0
0,1.2976114891465e-08,5,model.23.m.1,0.9999999637568899,1.0000000022416924,1.0986122488509837,1.0986122911308607,0,1,0.0
1,1.2581269006430365e-06,0,model.14.m.0,0.9999565277430937,0.9999687127991899,1.0985645295124564,1.0985779161648217,0,1,0.5225
1,3.5758798926887854e-06,1,model.14.m.1,0.9999870340846531,0.9999988835605301,1.0985980441541758,1.0986110621339886,0,1,0.29625
1,0.0007287183719316484,2,model.20.m.0,0.9999730201167121,0.99787219027687,1.0985826482367829,1.0962746507583316,0,1,0.69
0,2.2916807948902113e-07,3,model.20.m.1,0.9999995475273601,0.9999997863918632,1.0986117915761073,1.0986120539955857,0,1,0.355625
1,1.320084405292032e-10,4,model.23.m.0,0.9999999777323988,0.9999999740045497,1.0986122642046494,1.0986122601091886,0,1,1.0
0,1.2987524201268347e-08,5,model.23.m.1,0.999999963782342,0.9999999995707818,1.0986122488789456,1.0986122881965654,0,1,0.0
0,1.0150546915681515e-05,0,model.14.m.0,0.9999796117923488,0.9999666750702243,1.0985898899326403,1.0985756774907391,0,1,0.37625
1,4.123731982559527e-06,1,model.14.m.1,0.9999837146702185,0.9999981814331216,1.0985943974046868,1.0986102907681894,0,1,0.280625
0,0.0009525827116346293,2,model.20.m.0,0.9999718264115186,0.9976412407876425,1.0985813368175883,1.0960209268114047,0,1,0.676875
0,2.466488439842893e-07,3,model.20.m.1,0.9999994873810281,0.9999998139926308,1.0986117254986079,1.0986120843181282,0,1,0.32625
1,1.3802420130593497e-10,4,model.23.m.0,0.9999999778265486,0.9999999765064069,1.0986122643080836,1.0986122628577597,0,1,1.0
0,1.3045644705876285e-08,5,model.23.m.1,0.9999999557856253,1.0000000022754727,1.0986122400936544,1.098612291167972,0,1,0.0
1,2.3322155875922312e-05,0,model.14.m.0,0.9998850784788851,0.9999906230587708,1.0984860344727805,1.0986019870452453,0,1,0.51
0,7.351404903870745e-06,1,model.14.m.1,0.9999800563306522,0.9999990555692679,1.0985903783078832,1.0986112511049018,0,1,0.29625
0,0.0006468071182951785,2,model.20.m.0,0.9999790735984312,0.9981226662367839,1.0985892986661887,1.096549826725909,0,1,0.74125
1,2.357284482513587e-07,3,model.20.m.1,0.9999993567758039,0.9999998156322553,1.0986115820141036,1.0986120861194397,0,1,0.274375
1,1.364995162836864e-10,4,model.23.m.0,0.999999977624518,0.9999999763812063,1.0986122640861302,1.0986122627202128,0,1,1.0
0,1.3079611351022921e-08,5,model.23.m.1,0.9999999610925986,0.9999999996121731,1.0986122459239605,1.0986122882420384,0,1,0.0
1,2.2121063791160993e-07,0,model.14.m.0,0.9999918983407862,0.9999909495622764,1.0986033880857389,1.0986023457460088,0,1,0.476875
0,7.384208636895665e-06,1,model.14.m.1,0.9999797956073334,0.9999988916611147,1.0985900918740412,1.0986110710333903,0,1,0.238125
0,0.000769899610823235,2,model.20.m.0,0.9999687042480161,0.9981294353765373,1.0985779067703971,1.0965572633860259,0,1,0.654375
1,2.0442425529963336e-07,3,model.20.m.1,0.9999994487915924,0.9999998055542203,1.0986116831037795,1.0986120750475867,0,1,0.309375
1,1.273212344450728e-10,4,model.23.m.0,0.9999999753215909,0.9999999736047213,1.0986122615561063,1.0986122596699321,0,1,1.0
0,1.3133271908918041e-08,5,model.23.m.1,0.9999999637311283,0.9999999996184791,1.0986122488226817,1.0986122882489662,0,1,0.0
1,6.351353497990354e-06,0,model.14.m.0,0.999955776751885,0.99998996290439,1.0985637044642858,1.0986012617915302,0,1,0.449375
1,4.419980879804246e-06,1,model.14.m.1,0.9999859240252102,0.9999985772852584,1.0985968246292308,1.0986107256562114,0,1,0.260625
1,0.0007514972714100215,2,model.20.m.0,0.9999714964052109,0.9976896628692764,1.0985809742686032,1.0960741239053307,0,1,0.656875
1,1.5974015173537536e-07,3,model.20.m.1,0.9999995698739494,0.9999998017950115,1.098611816126345,1.0986120709176737,0,1,0.256875
1,1.3511931594352997e-10,4,model.23.m.0,0.999999977624518,0.9999999763844712,1.0986122640861302,1.0986122627237997,0,1,1.0
0,1.3092271615522272e-08,5,model.23.m.1,0.9999999610781806,0.9999999996105093,1.0986122459081207,1.0986122882402105,0,1,0.0
1,6.1168658108159664e-06,0,model.14.m.0,0.9999539480674473,0.9999918377663236,1.0985616954490904,1.0986033215378899,0,1,0.395625
0,4.925057186244168e-06,1,model.14.m.1,0.9999885064056562,0.9999988111944631,1.0985996616641227,1.098610982631738,0,1,0.2975
0,0.0007117953079729842,2,model.20.m.0,0.9999751054675657,0.9981365140868711,1.098584939228857,1.0965650401441864,0,1,0.716875
1,1.753501976884791e-07,3,model.20.m.1,0.9999995937503121,0.9999998149938257,1.0986118423572104,1.0986120854180532,0,1,0.293125
1,1.41492210892105e-10,4,model.23.m.0,0.9999999774351661,0.9999999764975246,1.098612263878106,1.0986122628480015,0,1,1.0
0,1.3144697657867371e-08,5,model.23.m.1,0.999999958377378,0.9999999969508643,1.0986122429409857,1.0986122853182918,0,1,0.0
1,3.71958825924998e-05,0,model.14.m.0,0.999757004234629,0.9999628213363704,1.0983453305341788,1.09857144373137,0,1,0.39
1,3.540030655573088e-06,1,model.14.m.1,0.9999881196662201,0.9999997648413048,1.0985992367874258,1.0986120303198774,0,1,0.275625
1,0.0004227968938909439,2,model.20.m.0,0.9999674838757053,0.998579232485511,1.0985765660543798,1.0970514160173517,0,1,0.741875
1,1.2409162373752853e-07,3,model.20.m.1,0.9999995929612283,0.9999997450326699,1.0986118414903132,1.0986120085578677,0,1,0.289375
1,1.3939385901154988e-10,4,model.23.m.0,0.9999999742927591,0.9999999738827109,1.098612260425819,1.098612259975335,0,1,1.0
0,1.2932664527066489e-08,5,model.23.m.1,0.999999963685879,0.9999999968790757,1.0986122487729701,1.098612285239424,0,1,0.0
1,3.441318130313674e-05,0,model.14.m.0,0.9998177681222369,0.9999529374612512,1.0984120864878122,1.0985605851847045,0,1,0.415625
1,2.6666088882363443e-06,1,model.14.m.1,0.9999896841017236,0.9999996095897365,1.0986009554954947,1.0986118597585968,0,1,0.301875
1,0.00045459330794788214,2,model.20.m.0,0.999971700052471,0.9986006957911737,1.0985811979979858,1.0970749958687083,0,1,0.685625
1,1.9709016473517344e-07,3,model.20.m.1,0.9999995093081844,0.9999997766738526,1.0986117495880512,1.0986120433192599,0,1,0.251875
1,1.3251550079966e-10,4,model.23.m.0,0.9999999772042251,0.9999999818744041,1.0986122636243913,1.0986122687551074,0,1,1.0
0,1.2885257712815182e-08,5,model.23.m.1,0.999999961096537,0.9999999995427442,1.0986122459282872,1.098612288165763,0,1,0.0
1,4.430582908126422e-05,0,model.14.m.0,0.9997443608986873,0.9999638998789977,1.0983314404099436,1.0985726286315542,0,1,0.445
0,5.415339843749375e-06,1,model.14.m.1,0.9999855949953688,0.9999999087678729,1.0985964631530036,1.0986121884393738,0,1,0.295625
1,0.00039663534004609176,2,model.20.m.0,0.9999574585159053,0.9985762940414992,1.0985655520709052,1.0970481878066507,0,1,0.64875
1,1.7533947961147266e-07,3,model.20.m.1,0.9999994134519598,0.9999997556737753,1.0986116442792249,1.098612020248317,0,1,0.289375
1,1.4078192677964414e-10,4,model.23.m.0,0.9999999742790278,0.9999999738535909,1.0986122604107336,1.0986122599433434,0,1,1.0
0,1.2947484786730341e-08,5,model.23.m.1,0.9999999664833237,1.0000000022506612,1.0986122518462773,1.098612291140714,0,1,0.0
1,1.950821620205488e-05,0,model.14.m.0,0.9998215233527052,0.9999530627127895,1.0984162120301515,1.0985607227875835,0,1,0.46
1,3.4397652469359875e-06,1,model.14.m.1,0.9999884202928088,0.9999995741932536,1.0985995670594904,1.0986118208715856,0,1,0.275
1,0.00039607858252101126,2,model.20.m.0,0.9999662461905621,0.9986346715384916,1.0985752063182719,1.0971123220422283,0,1,0.665
1,1.3436602786378942e-07,3,model.20.m.1,0.999999534803699,0.9999997514584187,1.0986117775977369,1.0986120156172743,0,1,0.23
1,1.3687815504170872e-10,4,model.23.m.0,0.9999999744702859,0.999999982054502,1.0986122606208522,1.0986122689529652,0,1,1.0
0,1.3000877960549155e-08,5,model.23.m.1,0.9999999610414531,0.9999999995817295,1.0986122458677714,1.0986122882085927,0,1,0.0
1,2.7722040393790516e-05,0,model.14.m.0,0.9998704534483517,0.9999618088831395,1.0984699672345144,1.0985703314378088,0,1,0.40125
0,5.4479215616329985e-06,1,model.14.m.1,0.9999858474145165,0.9999996955638422,1.098596740463781,1.0986119542108057,0,1,0.279375
0,0.0003879110783704051,2,model.20.m.0,0.9999782156960951,0.9988554470421003,1.0985883561641399,1.0973548687235297,0,1,0.649375
1,1.6436203261713548e-07,3,model.20.m.1,0.9999995731744552,0.9999997649348181,1.0986118197523211,1.0986120304226124,0,1,0.236875
1,1.3646058470040778e-10,4,model.23.m.0,0.9999999718042899,0.9999999767094337,1.0986122576919561,1.0986122630808075,0,1,1.0
0,1.2897781854971142e-08,5,model.23.m.1,0.9999999611516063,1.0000000022284643,1.098612245988787,1.098612291116328,0,1,0.0
1,3.1199492851053626e-05,0,model.14.m.0,0.9998053394508795,0.9999640784234607,1.098398432196727,1.0985728247826954,0,1,0.423125
0,6.676482017926497e-06,1,model.14.m.1,0.9999840812735806,0.9999998542656683,1.0985948001596455,1.098612128562582,0,1,0.358125
1,0.0004882793297301029,2,model.20.m.0,0.9999638131723291,0.9983481097551806,1.0985725333745426,1.0967975017456202,0,1,0.655
0,2.103724694898617e-07,3,model.20.m.1,0.9999995815790995,0.9999997768477937,1.0986118289857667,1.0986120435103537,0,1,0.21125
1,1.49678755486693e-10,4,model.23.m.0,0.9999999741421616,0.9999999795521655,1.0986122602603707,1.0986122662038675,0,1,1.0
0,1.2896275941880788e-08,5,model.23.m.1,0.9999999610559053,0.9999999995427442,1.0986122458836487,1.098612288165763,0,1,0.0
1,3.6217315652014356e-05,0,model.14.m.0,0.9998125044733253,0.9999627621989415,1.0984063037784346,1.098571378762264,0,1,0.391875
0,5.5029876770676845e-06,1,model.14.m.1,0.9999857698041799,0.9999999115950807,1.0985966552001116,1.098612191545379,0,1,0.315625
1,0.0003898577998142894,2,model.20.m.0,0.9999589332341915,0.9986020824714887,1.0985671722145367,1.0970765192927427,0,1,0.610625
1,2.1305293296140575e-07,3,model.20.m.1,0.9999995034062314,0.9999997746198946,1.0986117431040932,1.0986120410627565,0,1,0.28
1,1.2853156719195584e-10,4,model.23.m.0,0.999999974429332,0.9999999737389205,1.0986122605758597,1.098612259817365,0,1,1.0
0,1.293705896321101e-08,5,model.23.m.1,0.9999999610891435,0.99999999955881,1.0986122459201646,1.098612288183413,0,1,0.0
1,3.4636649764053135e-05,0,model.14.m.0,0.9997823134839672,0.9999522405026081,1.0983731355865187,1.0985598194973745,0,1,0.440625
0,5.508851289926127e-06,1,model.14.m.1,0.9999858803574115,0.9999997833611703,1.0985967766552505,1.0986120506660293,0,1,0.33
1,0.0003471247844964685,2,model.20.m.0,0.99995699039204,0.9987153476910149,1.0985650377842742,1.0972009538547929,0,1,0.64125
1,1.9635202104986552e-07,3,model.20.m.1,0.9999994717178864,0.999999783587861,1.098611708290888,1.0986120509150745,0,1,0.22375
1,1.4458624508724888e-10,4,model.23.m.0,0.9999999794739233,0.9999999767094337,1.0986122661179096,1.0986122630808075,0,1,1.0
0,1.2980452244880136e-08,5,model.23.m.1,0.9999999609997589,1.0000000049190108,1.0986122458219656,1.0986122940721954,0,1,0.0
1,9.495313183515515e-06,0,model.14.m.0,0.9999419951472358,0.9999924520190795,1.0985485638240606,1.098603996363516,0,2,0.304375
0,7.731744147658825e-06,1,model.14.m.1,0.9999902329048549,0.9999925338567298,1.0986015584173587,1.0986040862713642,0,2,0.291875
0,1.720823203578718e-05,2,model.20.m.0,0.9999777035471425,0.999957539491632,1.0985877935110069,1.0985656410318336,0,2,0.625
0,9.954066159119883e-07,3,model.20.m.1,0.9999994179069843,0.9999993050708987,1.0986116491735696,1.0986115252104593,0,2,0.206875
1,9.641235969396126e-09,4,model.23.m.0,0.9999999751335387,0.9999999561108023,1.0986122613495097,1.0986122404508978,0,2,1.0
0,3.449084585513141e-08,5,model.23.m.1,0.9999999638009817,0.9999999926370604,1.0986122488994234,1.0986122805790939,0,2,0.0
1,1.833887405003088e-05,0,model.14.m.0,0.9999368384790345,0.999994151546107,1.098542898645006,1.0986058634847933,0,2,0.28375
0,6.743175577440756e-06,1,model.14.m.1,0.9999871904080299,0.999993383930583,1.0985982158929586,1.0986050201729456,0,2,0.315
0,1.226290729623345e-05,2,model.20.m.0,0.9999743688797793,0.9999649187044221,1.098584130004463,1.0985737479256854,0,2,0.5875
0,8.981142582960115e-07,3,model.20.m.1,0.9999995598450035,0.999999268309788,1.0986118051084217,1.0986114848242514,0,2,0.208125
1,9.729240941572271e-09,4,model.23.m.0,0.999999972278911,0.9999999532213059,1.0986122582133808,1.0986122372764615,0,2,1.0
0,3.4514694227918345e-08,5,model.23.m.1,0.9999999611002229,0.9999999899572556,1.0986122459323366,1.0986122776350273,0,2,0.0
1,1.3438976570997546e-05,0,model.14.m.0,0.999932486342096,0.9999938005311937,1.0985381173338835,1.098605477855496,0,2,0.288125
0,6.8777505461562805e-06,1,model.14.m.1,0.9999902305696755,0.9999932971421102,1.098601555851902,1.0986049248260628,0,2,0.333125
0,1.5174450825115263e-05,2,model.20.m.0,0.9999808383452533,0.9999467000656163,1.0985912374387339,1.0985537327052106,0,2,0.581875
0,8.951767455950247e-07,3,model.20.m.1,0.9999995309060353,0.9999993138325638,1.0986117733157157,1.0986115348361323,0,2,0.20625
1,9.674508984752353e-09,4,model.23.m.0,0.9999999750798189,0.9999999506930184,1.0986122612904925,1.0986122344988538,0,2,1.0
0,3.45178252442894e-08,5,model.23.m.1,0.9999999637899366,0.9999999899517384,1.0986122488872891,1.0986122776289662,0,2,0.0
1,9.016049163747329e-06,0,model.14.m.0,0.9999497072069788,0.9999932568111431,1.0985570363876653,1.098604880517967,0,2,0.26125
0,9.837822794012076e-06,1,model.14.m.1,0.9999891759522189,0.9999935599255343,1.0986003972362044,1.0986052135231619,0,2,0.356875
0,2.2447700439886848e-05,2,model.20.m.0,0.9999798592674503,0.9999256878531372,1.098590161811828,1.098530648430369,0,2,0.619375
0,9.174152703896949e-07,3,model.20.m.1,0.9999995002716279,0.9999993295604646,1.0986117396603792,1.0986115521149973,0,2,0.2475
1,9.772802896225458e-09,4,model.23.m.0,0.9999999753079077,0.999999955913113,1.0986122615410738,1.098612240233714,0,2,1.0
0,3.453532823636675e-08,5,model.23.m.1,0.9999999664537793,0.9999999952971693,1.0986122518138195,1.0986122835015222,0,2,0.0
1,3.2062455069910485e-06,0,model.14.m.0,0.9999759825891722,0.9999947045482793,1.0985859028454323,1.0986064710197754,0,2,0.160625
0,1.2185829315858858e-05,1,model.14.m.1,0.9999813020774626,0.9999951525730072,1.0985917469006377,1.098606963225247,0,2,0.22625
1,2.675987095848416e-07,2,model.20.m.0,0.9999817255805774,0.9999744065063625,1.0985922121663638,1.0985841713414897,0,2,0.545625
0,9.329380639601522e-07,3,model.20.m.1,0.9999994972136179,0.9999993151505961,1.0986117363008119,1.0986115362841389,0,2,0.22
1,9.690672070081102e-09,4,model.23.m.0,0.9999999802500185,0.9999999475550105,1.0986122669705374,1.0986122310514,0,2,1.0
0,3.4535489837069866e-08,5,model.23.m.1,0.9999999610928755,0.9999999952884954,1.0986122459242647,1.098612283491993,0,2,0.0
1,2.426250768384499e-05,0,model.14.m.0,0.9999005382361748,0.9999953094407517,1.0985030187521188,1.0986071355620788,0,2,0.305625
0,1.0598102559175713e-05,1,model.14.m.1,0.9999819412690116,0.9999934631851012,1.0985924491243282,1.0986051072429333,0,2,0.444375
1,7.843313018908197e-08,2,model.20.m.0,0.999978987874106,0.9999770725170741,1.0985892044883916,1.0985871002536192,0,2,0.65375
0,9.812979329782146e-07,3,model.20.m.1,0.9999994317608271,0.9999992775645481,1.0986116643935715,1.0986114949916446,0,2,0.175625
1,9.738369518228382e-09,4,model.23.m.0,0.9999999745246628,0.999999950458567,1.0986122606805913,1.0986122342412827,0,2,1.0
0,3.4526406262590925e-08,5,model.23.m.1,0.9999999583989956,0.9999999899474064,1.0986122429647351,1.0986122776242069,0,2,0.0
1,1.0286724758487142e-05,0,model.14.m.0,0.9999565964741067,0.999996623318945,1.098564605021192,1.098608579004808,0,2,0.24875
0,1.183788768812868e-05,1,model.14.m.1,0.9999823950183467,0.9999931466448223,1.0985929476189238,1.098604759487893,0,2,0.305625
0,8.68271671207731e-06,2,model.20.m.0,0.9999812883555405,0.9999605890988684,1.0985917318255654,1.0985689913678192,0,2,0.611875
0,8.638797945437685e-07,3,model.20.m.1,0.9999995755767177,0.9999993061091944,1.0986118223914763,1.0986115263511438,0,2,0.211875
1,9.671092452632964e-09,4,model.23.m.0,0.9999999748772764,0.9999999509129112,1.098612261067977,1.0986122347404308,0,2,1.0
0,3.454655090374766e-08,5,model.23.m.1,0.9999999664392977,0.9999999926130251,1.0986122517979098,1.0986122805526883,0,2,0.0
1,3.6557317699011354e-06,0,model.14.m.0,0.999965582609936,0.9999917556025535,1.0985744773004416,1.0986032312717624,0,2,0.251875
0,8.761204352713041e-06,1,model.14.m.1,0.9999870119155574,0.9999942684212019,1.098598019798935,1.0986059918852087,0,2,0.31375
0,1.2433832512196775e-05,2,model.20.m.0,0.9999787956781624,0.9999373924235835,1.098588993339566,1.098543507215295,0,2,0.57125
0,8.363674661920474e-07,3,model.20.m.1,0.9999996044383965,0.9999993123828433,1.0986118540992713,1.0986115332434516,0,2,0.241875
1,9.719930835643724e-09,4,model.23.m.0,0.9999999748772764,0.9999999534566363,1.098612261067977,1.0986122375349985,0,2,1.0
0,3.4540120911568495e-08,5,model.23.m.1,0.9999999637895247,0.9999999926130251,1.0986122488868366,1.0986122805526883,0,2,0.0
1,2.9987101480923907e-06,0,model.14.m.0,0.9999608321937725,0.9999872653166557,1.098569258434868,1.0985982981884954,0,2,0.3075
0,8.595871218938248e-06,1,model.14.m.1,0.9999867067398223,0.99999352709272,1.098597684529122,1.0986051774526286,0,2,0.343125
0,7.806916498277077e-06,2,model.20.m.0,0.9999799758602204,0.9999664955092306,1.0985902899020779,1.098575480222825,0,2,0.626875
0,9.929695914550066e-07,3,model.20.m.1,0.9999994870759465,0.9999992253622239,1.0986117251634415,1.0986114376415297,0,2,0.205625
1,9.68327633308892e-09,4,model.23.m.0,0.9999999800739857,0.9999999506387922,1.0986122667771456,1.0986122344392804,0,2,1.0
0,3.4493812881017865e-08,5,model.23.m.1,0.9999999611404253,0.9999999926370604,1.0986122459765035,1.0986122805790939,0,2,0.0
1,2.9554553365656135e-05,0,model.14.m.0,0.9998760652700489,0.9999923783813314,1.0984761324507928,1.098603915464181,0,2,0.19375
0,6.055779781654702e-06,1,model.14.m.1,0.9999862194104554,0.9999943966161369,1.098597149143091,1.0986061327217396,0,2,0.3225
1,4.74791948289324e-06,2,model.20.m.0,0.9999728605307584,0.9999409739715787,1.098582472913693,1.0985474419479349,0,2,0.559375
0,9.251394308904738e-07,3,model.20.m.1,0.9999995572486241,0.9999992509802382,1.0986118022560074,1.098611465785795,0,2,0.20875
1,9.765923490150645e-09,4,model.23.m.0,0.9999999721708072,0.99999995038184,1.0986122580946165,1.0986122341569895,0,2,1.0
0,3.450406417100131e-08,5,model.23.m.1,0.9999999610559053,0.9999999926598625,1.0986122458836487,1.0986122806041445,0,2,0.0
1,6.716925160071648e-06,0,model.14.m.0,0.9999376760500536,0.999983599171131,1.0985438188108203,1.09859427051597,0,2,0.236875
0,9.390249257286676e-06,1,model.14.m.1,0.9999798001588053,0.9999961445812616,1.098590096874344,1.0986080530577058,0,2,0.298125
0,1.9607783215892902e-05,2,model.20.m.0,0.9999793087955573,0.9999261854740615,1.0985895570566417,1.0985311951228316,0,2,0.54875
0,9.426228247315255e-07,3,model.20.m.1,0.9999995882532406,0.9999991799063858,1.0986118363180601,1.0986113877031873,0,2,0.21
1,9.80308478661484e-09,4,model.23.m.0,0.9999999775030318,0.9999999527498651,1.098612263952664,1.098612236758531,0,2,1.0
0,3.450531992463702e-08,5,model.23.m.1,0.9999999637568899,0.9999999899714274,1.0986122488509837,1.0986122776505967,0,2,0.0
0,1.1256689876610254e-05,0,model.14.m.0,0.9999590033375283,0.9999811030353738,1.098567249230924,1.098591528230553,0,2,0.316875
0,1.2095152411867305e-05,1,model.14.m.1,0.9999772134496314,0.9999961536845167,1.0985872550838585,1.0986080630586537,0,2,0.254375
0,6.733934886954483e-05,2,model.20.m.0,0.9999830352082193,0.999832615357382,1.0985936509393848,1.0984283978427953,0,2,0.59875
0,9.07165789285278e-07,3,model.20.m.1,0.9999995870736019,0.9999992409217059,1.0986118350220946,1.0986114547353678,0,2,0.260625
1,9.891852770649719e-09,4,model.23.m.0,0.9999999803175934,0.9999999502903907,1.098612267044776,1.098612234056522,0,2,1.0
0,3.4494009901389616e-08,5,model.23.m.1,0.9999999611002229,0.9999999899800673,1.0986122459323366,1.0986122776600886,0,2,0.0
1,8.003447561207197e-06,0,model.14.m.0,0.999946268516688,0.9999908180829945,1.0985532586002549,1.098602201301254,0,2,0.2425
0,9.08524416320357e-06,1,model.14.m.1,0.9999843422115297,0.9999945520076594,1.0985950868292829,1.098606303436776,0,2,0.294375
1,5.302473859585249e-06,2,model.20.m.0,0.9999765384209285,0.9999430429219581,1.0985865134890302,1.0985497149222463,0,2,0.64875
0,9.27707134867805e-07,3,model.20.m.1,0.9999995768847962,0.9999992241301321,1.0986118238285474,1.0986114362879384,0,2,0.218125
1,9.711122765328089e-09,4,model.23.m.0,0.999999972130154,0.9999999530167871,1.0986122580499544,1.0986122370517748,0,2,1.0
0,3.4554801986958026e-08,5,model.23.m.1,0.9999999637201722,0.9999999952971693,1.0986122488106451,1.0986122835015222,0,2,0.0
1,3.0663146842582935e-06,0,model.14.m.0,0.9999809836193958,0.9999866263805564,1.098591397038692,1.098597596245445,0,2,0.25375
0,1.2997282959209067e-05,1,model.14.m.1,0.9999771620350991,0.9999973641154325,1.0985871985992215,1.0986093928529324,0,2,0.255
0,1.9714974496315017e-05,2,model.20.m.0,0.9999802688701854,0.9999476606579347,1.0985906118064261,1.098554788023736,0,2,0.53625
0,9.127187936120343e-07,3,model.20.m.1,0.9999995586987496,0.999999267566345,1.098611803849133,1.0986114840074959,0,2,0.25625
1,9.830259602733467e-09,4,model.23.m.0,0.9999999749585438,0.9999999504833078,1.0986122611572582,1.0986122342684632,0,2,1.0
0,3.45114323023173e-08,5,model.23.m.1,0.9999999610927447,0.9999999926500278,1.098612245924121,1.09861228059334,0,2,0.0
1,5.741123864802338e-06,0,model.14.m.0,0.9999597685934767,0.999965467111343,1.0985680899505128,1.098574350412268,0,2,0.174375
0,8.461634240538018e-06,1,model.14.m.1,0.999979724707401,0.9999973918236916,1.0985900139825042,1.0986094232935664,0,2,0.348125
0,2.135050124932596e-05,2,model.20.m.0,0.9999774604883716,0.9999129039513435,1.0985875264836542,1.0985166038787613,0,2,0.691875
0,9.173807534557671e-07,3,model.20.m.1,0.9999996135580738,0.9999991803561135,1.0986118641182607,1.0986113881972637,0,2,0.198125
1,9.916563044793629e-09,4,model.23.m.0,0.9999999748908501,0.9999999474484548,1.0986122610828892,1.0986122309343365,0,2,1.0
0,3.453544055913245e-08,5,model.23.m.1,0.9999999584067653,0.9999999899517384,1.098612242973271,1.0986122776289662,0,2,0.0
1,1.3564748467719952e-06,0,model.14.m.0,0.9999961990150992,0.9999865672556998,1.0986081128593888,1.098597531290151,0,2,0.21125
0,9.918278557142124e-06,1,model.14.m.1,0.9999818257944787,0.9999983739163153,1.0985923222625873,1.0986105022325914,0,2,0.328125
0,2.1680367518647726e-05,2,model.20.m.0,0.999976699522105,0.999946027106293,1.0985866904767625,1.0985529933838283,0,2,0.546875
0,1.0197065959169954e-06,3,model.20.m.1,0.9999994734164502,0.9999992150601055,1.098611710156951,1.0986114263234958,0,2,0.230625
1,9.845924136969949e-09,4,model.23.m.0,0.9999999750258225,0.9999999529446081,1.0986122612311715,1.098612236972478,0,2,1.0
0,3.449538667337366e-08,5,model.23.m.1,0.9999999611327118,0.9999999926500278,1.0986122459680294,1.09861228059334,0,2,0.0
1,8.003447561207197e-06,0,model.14.m.0,0.999946268516688,0.9999908180829945,1.0985532586002549,1.098602201301254,0,2,0.2425
0,9.08524416320357e-06,1,model.14.m.1,0.9999843422115297,0.9999945520076594,1.0985950868292829,1.098606303436776,0,2,0.294375
1,5.302473859585249e-06,2,model.20.m.0,0.9999765384209285,0.9999430429219581,1.0985865134890302,1.0985497149222463,0,2,0.64875
0,9.27707134867805e-07,3,model.20.m.1,0.9999995768847962,0.9999992241301321,1.0986118238285474,1.0986114362879384,0,2,0.218125
1,9.711122765328089e-09,4,model.23.m.0,0.999999972130154,0.9999999530167871,1.0986122580499544,1.0986122370517748,0,2,1.0
0,3.4554801986958026e-08,5,model.23.m.1,0.9999999637201722,0.9999999952971693,1.0986122488106451,1.0986122835015222,0,2,0.0
1,9.854025535866855e-06,0,model.14.m.0,0.9999245726525485,0.9999837170551611,1.098529423257298,1.098594400024814,0,2,0.25625
0,6.5313433200245725e-06,1,model.14.m.1,0.999982887876802,0.9999957392977183,1.0985934890792792,1.0986076078082248,0,2,0.33125
0,2.9621564727027477e-05,2,model.20.m.0,0.9999807246332496,0.9998815277982496,1.0985911125133292,1.0984821336514012,0,2,0.57125
0,9.692245527251797e-07,3,model.20.m.1,0.999999548818503,0.9999991872371999,1.0986117929945727,1.09861139575691,0,2,0.236875
1,9.879659857681647e-09,4,model.23.m.0,0.9999999747691191,0.999999949995933,1.098612260949154,1.0986122337330273,0,2,1.0
0,3.4535679528316246e-08,5,model.23.m.1,0.9999999637568899,0.9999999899462163,1.0986122488509837,1.0986122776228995,0,2,0.0
1,3.3437972101238954e-06,0,model.14.m.0,0.9999565277430937,0.9999745123473732,1.0985645295124564,1.0985842876197247,0,2,0.245
0,4.284839178815604e-06,1,model.14.m.1,0.9999870340846531,0.9999970911558067,1.0985980441541758,1.0986090929761332,0,2,0.364375
1,1.9551589006987962e-05,2,model.20.m.0,0.9999730201167121,0.9999027359048732,1.0985826482367829,1.0985054331379573,0,2,0.63875
0,9.866060688124871e-07,3,model.20.m.1,0.9999995475273601,0.9999991785367093,1.0986117915761073,1.098611386198444,0,2,0.23125
1,9.957402059511652e-09,4,model.23.m.0,0.9999999777323988,0.9999999525364737,1.0986122642046494,1.0986122365240965,0,2,1.0
0,3.451935532672968e-08,5,model.23.m.1,0.999999963782342,0.9999999953113458,1.0986122488789456,1.0986122835170966,0,2,0.0
0,3.2357080694692873e-06,0,model.14.m.0,0.9999796117923488,0.9999822759709589,1.0985898899326403,1.0985928168320005,0,2,0.28
0,7.263780271001322e-06,1,model.14.m.1,0.9999837146702185,0.9999982816453874,1.0985943974046868,1.098610400862616,0,2,0.396875
0,2.8721214540762866e-05,2,model.20.m.0,0.9999718264115186,0.9999373581810269,1.0985813368175883,1.0985434695960015,0,2,0.61875
0,1.0377330815527138e-06,3,model.20.m.1,0.9999994873810281,0.9999991761891864,1.0986117254986079,1.0986113836194265,0,2,0.200625
1,9.982534861557677e-09,4,model.23.m.0,0.9999999778265486,0.9999999498025658,1.0986122643080836,1.0986122335205917,0,2,1.0
0,3.45034149410131e-08,5,model.23.m.1,0.9999999557856253,0.99999999264571,1.0986122400936544,1.0986122805885965,0,2,0.0
1,4.5727618765865224e-05,0,model.14.m.0,0.9998850784788851,0.9999886855197948,1.0984860344727805,1.0985998584411165,0,2,0.31625
0,8.97383701012821e-06,1,model.14.m.1,0.9999800563306522,0.9999968970661149,1.0985903783078832,1.0986088797468128,0,2,0.341875
0,2.6142669117190523e-05,2,model.20.m.0,0.9999790735984312,0.9998889798848567,1.0985892986661887,1.098490320605324,0,2,0.654375
0,1.0730970417909794e-06,3,model.20.m.1,0.9999993567758039,0.9999992670116626,1.0986115820141036,1.0986114833981149,0,2,0.18125
1,9.824286906180809e-09,4,model.23.m.0,0.999999977624518,0.9999999533957475,1.0986122640861302,1.0986122374681053,0,2,1.0
0,3.4524679486838645e-08,5,model.23.m.1,0.9999999610925986,0.999999992617362,1.0986122459239605,1.098612280557453,0,2,0.0
1,5.39910146590967e-06,0,model.14.m.0,0.9999918983407862,0.9999871934214458,1.0986033880857389,1.0985982192035344,0,2,0.324375
0,9.871068209573434e-06,1,model.14.m.1,0.9999797956073334,0.9999968184985865,1.0985900918740412,1.0986087934315605,0,2,0.381875
0,5.881249080369531e-05,2,model.20.m.0,0.9999687042480161,0.999889268969015,1.0985779067703971,1.0984906381967328,0,2,0.620625
0,1.0001590729139502e-06,3,model.20.m.1,0.9999994487915924,0.9999992817806005,1.0986116831037795,1.0986114996234515,0,2,0.246875
1,9.782593857221227e-09,4,model.23.m.0,0.9999999753215909,0.9999999530501674,1.0986122615561063,1.0986122370884468,0,2,1.0
0,3.453221914637188e-08,5,model.23.m.1,0.9999999637311283,0.9999999926500278,1.0986122488226817,1.09861228059334,0,2,0.0
1,1.1069834541573053e-05,0,model.14.m.0,0.999955776751885,0.9999803968316564,1.0985637044642858,1.0985907523864706,0,2,0.28125
0,5.637871974848447e-06,1,model.14.m.1,0.9999859240252102,0.9999967791216016,1.0985968246292308,1.098608750171521,0,2,0.340625
1,2.7021678135066558e-05,2,model.20.m.0,0.9999714964052109,0.9998506054429099,1.0985809742686032,1.0984481619718305,0,2,0.655
0,9.26211521407341e-07,3,model.20.m.1,0.9999995698739494,0.9999992382471449,1.098611816126345,1.0986114517970622,0,2,0.2375
1,9.913478370700215e-09,4,model.23.m.0,0.999999977624518,0.9999999475025987,1.0986122640861302,1.0986122309938195,0,2,1.0
0,3.451325736318186e-08,5,model.23.m.1,0.9999999610781806,0.99999999264571,1.0986122459081207,1.0986122805885965,0,2,0.0
1,1.3447112988992384e-05,0,model.14.m.0,0.9999539480674473,0.9999838186957113,1.0985616954490904,1.0985945116883715,0,2,0.269375
0,4.511331782809571e-06,1,model.14.m.1,0.9999885064056562,0.9999967791586548,1.0985996616641227,1.0986087502122281,0,2,0.36125
0,3.06846575683045e-05,2,model.20.m.0,0.9999751054675657,0.9999157875726178,1.098584939228857,1.098519771860529,0,2,0.684375
0,8.820994534358052e-07,3,model.20.m.1,0.9999995937503121,0.999999268932962,1.0986118423572104,1.098611485508878,0,2,0.188125
1,9.839489569892341e-09,4,model.23.m.0,0.9999999774351661,0.9999999529658652,1.098612263878106,1.0986122369958313,0,2,1.0
0,3.45292846157186e-08,5,model.23.m.1,0.999999958377378,0.9999999899702301,1.0986122429409857,1.0986122776492813,0,2,0.0
1,7.117201170246147e-05,0,model.14.m.0,0.999757004234629,0.9999949266233333,1.0983453305341788,1.0986067149941587,0,2,0.4175
1,2.259972782145235e-06,1,model.14.m.1,0.9999881196662201,0.999992546905089,1.0985992367874258,1.098604100606452,0,2,0.3575
1,1.1108229992844556e-05,2,model.20.m.0,0.9999674838757053,0.9999040011035744,1.0985765660543798,1.098506823100798,0,2,0.720625
0,9.609002295426553e-07,3,model.20.m.1,0.9999995929612283,0.9999991191457964,1.0986118414903132,1.0986113209508572,0,2,0.310625
1,9.972658260266473e-09,4,model.23.m.0,0.9999999742927591,0.9999999498239102,1.098612260425819,1.098612233544041,0,2,1.0
0,3.4551010585639016e-08,5,model.23.m.1,0.999999963685879,0.9999999899517384,1.0986122487729701,1.0986122776289662,0,2,0.0
1,5.114200779573027e-05,0,model.14.m.0,0.9998177681222369,0.9999930129204305,1.0984120864878122,1.0986046125766329,0,2,0.3125
1,1.8858570310205055e-06,1,model.14.m.1,0.9999896841017236,0.9999909704807664,1.0986009554954947,1.098602368727319,0,2,0.37125
1,3.1592786441518887e-06,2,model.20.m.0,0.999971700052471,0.9999562386196565,1.0985811979979858,1.0985642118778953,0,2,0.648125
0,1.0385537443896288e-06,3,model.20.m.1,0.9999995093081844,0.9999990854642944,1.0986117495880512,1.0986112839479452,0,2,0.29625
1,9.787842835610063e-09,4,model.23.m.0,0.9999999772042251,0.9999999498113925,1.0986122636243913,1.0986122335302888,0,2,1.0
0,3.451164152533368e-08,5,model.23.m.1,0.999999961096537,0.9999999953113458,1.0986122459282872,1.0986122835170966,0,2,0.0
1,7.24774638720979e-05,0,model.14.m.0,0.9997443608986873,0.9999931395602155,1.0983314404099436,1.0986047517046569,0,2,0.298125
0,4.389744505610199e-06,1,model.14.m.1,0.9999855949953688,0.9999917683325533,1.0985964631530036,1.0986032452570966,0,2,0.324375
1,9.10217621683722e-06,2,model.20.m.0,0.9999574585159053,0.9998876623403552,1.0985655520709052,1.0984888731347437,0,2,0.595
0,1.0729538364246993e-06,3,model.20.m.1,0.9999994134519598,0.9999991937031242,1.0986116442792249,1.0986114028604537,0,2,0.255625
1,9.814929995914134e-09,4,model.23.m.0,0.9999999742790278,0.9999999524826477,1.0986122604107336,1.0986122364649626,0,2,1.0
0,3.4486213710562506e-08,5,model.23.m.1,0.9999999664833237,0.9999999953113458,1.0986122518462773,1.0986122835170966,0,2,0.0
1,4.582490952180127e-05,0,model.14.m.0,0.9998215233527052,0.9999929920394868,1.0984162120301515,1.0986045896365715,0,2,0.331875
1,2.6121363119971527e-06,1,model.14.m.1,0.9999884202928088,0.9999876312796553,1.0985995670594904,1.098598700239944,0,2,0.386875
1,5.697575080642161e-06,2,model.20.m.0,0.9999662461905621,0.9999181986573632,1.0985752063182719,1.0985224207078594,0,2,0.66875
0,1.0306713806925613e-06,3,model.20.m.1,0.999999534803699,0.9999990866729255,1.0986117775977369,1.0986112852757621,0,2,0.3075
1,9.984570311699279e-09,4,model.23.m.0,0.9999999744702859,0.9999999496082211,1.0986122606208522,1.0986122333070822,0,2,1.0
0,3.455952014560853e-08,5,model.23.m.1,0.9999999610414531,0.9999999952971693,1.0986122458677714,1.0986122835015222,0,2,0.0
1,3.665078054401332e-05,0,model.14.m.0,0.9998704534483517,0.9999943338834325,1.0984699672345144,1.0986060638028197,0,2,0.2975
1,3.5311449778729182e-06,1,model.14.m.1,0.9999858474145165,0.999992567437653,1.098596740463781,1.098604123163779,0,2,0.333125
0,3.292889309772424e-06,2,model.20.m.0,0.9999782156960951,0.9999625068716018,1.0985883561641399,1.098571098256511,0,2,0.58125
0,9.854767502722778e-07,3,model.20.m.1,0.9999995731744552,0.9999990962497879,1.0986118197523211,1.0986112957970209,0,2,0.244375
1,9.96599804592672e-09,4,model.23.m.0,0.9999999718042899,0.99999994962753,1.0986122576919561,1.0986122333282953,0,2,1.0
0,3.4482782058410395e-08,5,model.23.m.1,0.9999999611516063,0.9999999953113458,1.098612245988787,1.0986122835170966,0,2,0.0
1,4.751493368894768e-05,0,model.14.m.0,0.9998053394508795,0.9999886210363665,1.098398432196727,1.0985997875988298,0,2,0.339375
1,4.1434068369578035e-06,1,model.14.m.1,0.9999840812735806,0.9999911307493223,1.0985948001596455,1.098602544800324,0,2,0.34625
1,5.239803356328369e-07,2,model.20.m.0,0.9999638131723291,0.9999490308916278,1.0985725333745426,1.0985562933793096,0,2,0.628125
0,9.749827566114283e-07,3,model.20.m.1,0.9999995815790995,0.9999991072342337,1.0986118289857667,1.098611307864668,0,2,0.27
1,9.960002774071513e-09,4,model.23.m.0,0.9999999741421616,0.9999999468951837,1.0986122602603707,1.098612230326506,0,2,1.0
0,3.4535854158120814e-08,5,model.23.m.1,0.9999999610559053,0.9999999926272136,1.0986122458836487,1.098612280568276,0,2,0.0
1,4.89311512766345e-05,0,model.14.m.0,0.9998125044733253,0.9999930489933867,1.0984063037784346,1.0986046522068258,0,2,0.35625
0,4.6192614606412145e-06,1,model.14.m.1,0.9999857698041799,0.9999940931865908,1.0985966552001116,1.0986057993703116,0,2,0.398125
1,5.2788912090328405e-06,2,model.20.m.0,0.9999589332341915,0.9999104309523213,1.0985671722145367,1.0985138870116458,0,2,0.580625
0,1.0481335411749424e-06,3,model.20.m.1,0.9999995034062314,0.9999990962658877,1.0986117431040932,1.0986112958147083,0,2,0.29125
1,9.966003697213812e-09,4,model.23.m.0,0.999999974429332,0.999999946901081,1.0986122605758597,1.0986122303329848,0,2,1.0
0,3.450377956397031e-08,5,model.23.m.1,0.9999999610891435,0.99999999264571,1.0986122459201646,1.0986122805885965,0,2,0.0
1,5.485273327391184e-05,0,model.14.m.0,0.9997823134839672,0.9999891425664044,1.0983731355865187,1.0986003605581383,0,2,0.34125
1,3.4840539836103023e-06,1,model.14.m.1,0.9999858803574115,0.999990726945575,1.0985967766552505,1.098602101176565,0,2,0.3925
1,2.922818179939364e-06,2,model.20.m.0,0.99995699039204,0.9999209720581962,1.0985650377842742,1.098525467600096,0,2,0.601875
0,1.041704867052656e-06,3,model.20.m.1,0.9999994717178864,0.9999991414759616,1.098611708290888,1.098611345483051,0,2,0.283125
1,9.839547787786565e-09,4,model.23.m.0,0.9999999794739233,0.9999999524210331,1.0986122661179096,1.0986122363972721,0,2,1.0
0,3.454788396924159e-08,5,model.23.m.1,0.9999999609997589,0.9999999953113458,1.0986122458219656,1.0986122835170966,0,2,0.0
1,1.083529510962329e-05,0,model.14.m.0,0.9999419951472358,0.9999883974116415,1.0985485638240606,1.0985995419219587,0,3,0.33125
1,2.4616943493314925e-07,1,model.14.m.1,0.9999902329048549,0.9999893295298077,1.0986015584173587,1.0986005659584306,0,3,0.535
0,6.563074126745747e-05,2,model.20.m.0,0.9999777035471425,0.9999297272817863,1.0985877935110069,1.0985350861963221,0,3,0.341875
1,3.7208882984799373e-07,3,model.20.m.1,0.9999994179069843,0.9999972015141334,1.0986116491735696,1.098609214217147,0,3,0.46875
1,8.256154892562206e-09,4,model.23.m.0,0.9999999751335387,0.9999999997038881,1.0986122613495097,1.0986122883427976,0,3,0.67
1,1.407759209057284e-08,5,model.23.m.1,0.9999999638009817,0.9999999998121774,1.0986122488994234,1.0986122884617655,0,3,1.0
0,3.156105720515239e-05,0,model.14.m.0,0.9999368384790345,0.9999962440230049,1.098542898645006,1.098608162305627,0,3,0.30875
1,4.67738296742187e-08,1,model.14.m.1,0.9999871904080299,0.999986794071336,1.0985982158929586,1.0985977804725962,0,3,0.4475
0,8.922906628160013e-05,2,model.20.m.0,0.9999743688797793,0.9998751906881167,1.098584130004463,1.0984751716243346,0,3,0.380625
1,1.1283414682412358e-06,3,model.20.m.1,0.9999995598450035,0.9999948229321916,1.0986118051084217,1.0986066010777962,0,3,0.456875
1,7.888691909790587e-09,4,model.23.m.0,0.999999972278911,0.9999999996164476,1.0986122582133808,1.0986122882467344,0,3,0.6725
1,1.4090964841897643e-08,5,model.23.m.1,0.9999999611002229,1.0000000024888118,1.0986122459323366,1.098612291402349,0,3,1.0
1,2.898895157633951e-05,0,model.14.m.0,0.999932486342096,0.9999898728014459,1.0985381173338835,1.0986011628033285,0,3,0.299375
1,3.173399756571567e-07,1,model.14.m.1,0.9999902305696755,0.9999897985231558,1.098601555851902,1.0986010812002862,0,3,0.435625
0,8.604122477313264e-05,2,model.20.m.0,0.9999808383452533,0.9998451459419169,1.0985912374387339,1.0984421640969495,0,3,0.398125
1,6.843427985246691e-07,3,model.20.m.1,0.9999995309060353,0.9999962909639606,1.0986117733157157,1.0986082138755378,0,3,0.4325
1,7.957997882894377e-09,4,model.23.m.0,0.9999999750798189,0.9999999996404607,1.0986122612904925,1.0986122882731155,0,3,0.695
1,1.4078725148511357e-08,5,model.23.m.1,0.9999999637899366,0.9999999998121774,1.0986122488872891,1.0986122884617655,0,3,1.0
0,5.810487681281963e-05,0,model.14.m.0,0.9999497072069788,0.9999582761590303,1.0985570363876653,1.09856645034369,0,3,0.303125
1,1.7404327491592003e-07,1,model.14.m.1,0.9999891759522189,0.9999904367464464,1.0986003972362044,1.098601782360236,0,3,0.505625
0,9.226166903024066e-05,2,model.20.m.0,0.9999798592674503,0.9998306265157237,1.098590161811828,1.0984262128769093,0,3,0.4025
1,3.92972745088166e-07,3,model.20.m.1,0.9999995002716279,0.9999973227240454,1.0986117396603792,1.098609347379846,0,3,0.460625
1,7.942635149941064e-09,4,model.23.m.0,0.9999999753079077,0.9999999996524103,1.0986122615410738,1.0986122882862435,0,3,0.7475
1,1.410406344592687e-08,5,model.23.m.1,0.9999999664537793,0.999999999819126,1.0986122518138195,1.0986122884693994,0,3,1.0
0,3.084547565399535e-05,0,model.14.m.0,0.9999759825891722,0.9999603743603499,1.0985859028454323,1.0985687554534438,0,3,0.2125
1,1.3124836037900942e-06,1,model.14.m.1,0.9999813020774626,0.9999921987355651,1.0985917469006377,1.0986037181031345,0,3,0.538125
0,7.029320795406101e-05,2,model.20.m.0,0.9999817255805774,0.9998394873745486,1.0985922121663638,1.0984359475253025,0,3,0.425
1,3.50808250827603e-07,3,model.20.m.1,0.9999994972136179,0.999997433106409,1.0986117363008119,1.098609468647267,0,3,0.408125
1,8.591943671143492e-09,4,model.23.m.0,0.9999999802500185,1.000000002425826,1.0986122669705374,1.098612291333152,0,3,0.5925
1,1.4115627589792048e-08,5,model.23.m.1,0.9999999610928755,1.0000000051700475,1.0986122459242647,1.0986122943479875,0,3,1.0
0,5.191783120993211e-05,0,model.14.m.0,0.9999005382361748,0.9999972310477656,1.0985030187521188,1.0986092466631583,0,3,0.395625
1,2.0397051127795507e-08,1,model.14.m.1,0.9999819412690116,0.9999828999499132,1.0985924491243282,1.0985935023429476,0,3,0.475625
0,9.944868014297268e-05,2,model.20.m.0,0.999978987874106,0.9998207528592012,1.0985892044883916,1.0984153655565196,0,3,0.483125
1,2.57158678293918e-07,3,model.20.m.1,0.9999994317608271,0.9999979337706264,1.0986116643935715,1.0986100186831287,0,3,0.475625
1,8.604530523771643e-09,4,model.23.m.0,0.9999999745246628,1.0000000024131948,1.0986122606805913,1.0986122913192753,0,3,0.635
1,1.4114488372985492e-08,5,model.23.m.1,0.9999999583989956,1.0000000024911329,1.0986122429647351,1.098612291404899,0,3,1.0
1,7.328719911109643e-06,0,model.14.m.0,0.9999565964741067,0.9999931260578077,1.098564605021192,1.0986047368707457,0,3,0.304375
1,3.6932071440140253e-07,1,model.14.m.1,0.9999823950183467,0.9999888856403096,1.0985929476189238,1.0986000782959733,0,3,0.435
0,6.165582805772968e-05,2,model.20.m.0,0.9999812883555405,0.9999082883770896,1.0985917318255654,1.0985115331521667,0,3,0.369375
1,6.86979052207226e-07,3,model.20.m.1,0.9999995755767177,0.9999964501496434,1.0986118223914763,1.0986083887588851,0,3,0.491875
1,7.70153858986635e-09,4,model.23.m.0,0.9999999748772764,1.0000000075746702,1.098612261067977,1.0986122969897356,0,3,0.6625
1,1.4095963803964148e-08,5,model.23.m.1,0.9999999664392977,0.9999999998145082,1.0986122517979098,1.0986122884643261,0,3,1.0
0,2.3936372119662567e-05,0,model.14.m.0,0.999965582609936,0.9999900301396032,1.0985744773004416,1.0986013356569615,0,3,0.263125
1,9.897990421448417e-08,1,model.14.m.1,0.9999870119155574,0.9999882986004853,1.098598019798935,1.0985994333668083,0,3,0.408125
0,5.9184959079788347e-05,2,model.20.m.0,0.9999787956781624,0.9998946844059347,1.098588993339566,1.0984965876622812,0,3,0.42625
1,9.705934742591966e-07,3,model.20.m.1,0.9999996044383965,0.999995527704165,1.0986118540992713,1.098607375348947,0,3,0.4325
1,7.634272955597539e-09,4,model.23.m.0,0.9999999748772764,1.000000002208535,1.098612261067977,1.0986122910944334,0,3,0.735
1,1.4080406060766853e-08,5,model.23.m.1,0.9999999637895247,1.0000000024888118,1.0986122488868366,1.098612291402349,0,3,1.0
0,1.9118230139866517e-05,0,model.14.m.0,0.9999608321937725,0.9999744122316181,1.098569258434868,1.0985841776313259,0,3,0.34125
1,2.2507478301038322e-07,1,model.14.m.1,0.9999867067398223,0.9999894830610228,1.098597684529122,1.0986007346297102,0,3,0.43375
0,0.00012090964127320411,2,model.20.m.0,0.9999799758602204,0.999765511580666,1.0985902899020779,1.098354676809079,0,3,0.4475
1,3.23011255862321e-07,3,model.20.m.1,0.9999994870759465,0.9999976668648697,1.0986117251634415,1.0986097254571845,0,3,0.444375
1,7.864878444556169e-09,4,model.23.m.0,0.9999999800739857,0.9999999969171095,1.0986122667771456,1.0986122852812084,0,3,0.76
1,1.4067512303473582e-08,5,model.23.m.1,0.9999999611404253,0.9999999998121774,1.0986122459765035,1.0986122884617655,0,3,1.0
0,4.772304012622163e-05,0,model.14.m.0,0.9998760652700489,0.9999932433159047,1.0984761324507928,1.098604865691932,0,3,0.25375
1,1.254987731367649e-08,1,model.14.m.1,0.9999862194104554,0.9999848723488476,1.098597149143091,1.098595669244655,0,3,0.451875
1,0.00010156285289175067,2,model.20.m.0,0.9999728605307584,0.9996822873928367,1.098582472913693,1.0982632456936154,0,3,0.52
1,1.5447030686598881e-06,3,model.20.m.1,0.9999995572486241,0.9999935211307374,1.0986118022560074,1.0986051709027211,0,3,0.388125
1,8.018617354752487e-09,4,model.23.m.0,0.9999999721708072,1.0000000023089244,1.0986122580946165,1.0986122912047225,0,3,0.6925
1,1.4107028745431429e-08,5,model.23.m.1,0.9999999610559053,0.9999999998121774,1.0986122458836487,1.0986122884617655,0,3,1.0
0,4.2486892198985644e-05,0,model.14.m.0,0.9999376760500536,0.9999853793876384,1.0985438188108203,1.0985962262837015,0,3,0.281875
1,1.9610814309874722e-07,1,model.14.m.1,0.9999798001588053,0.9999808096857898,1.098590096874344,1.0985912059530951,0,3,0.39125
0,6.90802457790653e-05,2,model.20.m.0,0.9999793087955573,0.9998965374821274,1.0985895570566417,1.0984986234745584,0,3,0.4
1,1.694865119215009e-06,3,model.20.m.1,0.9999995882532406,0.9999930598040809,1.0986118363180601,1.0986046640835874,0,3,0.379375
1,7.532071065691968e-09,4,model.23.m.0,0.9999999775030318,0.999999996798117,1.098612263952664,1.0986122851504818,0,3,0.7225
1,1.410285911149399e-08,5,model.23.m.1,0.9999999637568899,0.9999999998145082,1.0986122488509837,1.0986122884643261,0,3,1.0
0,2.1949165005926785e-05,0,model.14.m.0,0.9999590033375283,0.9999814723873276,1.098567249230924,1.0985919340051482,0,3,0.299375
1,2.588161891801149e-07,1,model.14.m.1,0.9999772134496314,0.9999823786766595,1.0985872550838585,1.0985929296657453,0,3,0.458125
0,9.829430702627741e-05,2,model.20.m.0,0.9999830352082193,0.9998252706214028,1.0985936509393848,1.0984203288255916,0,3,0.4325
1,1.478924560318972e-06,3,model.20.m.1,0.9999995870736019,0.9999937803663231,1.0986118350220946,1.0986054557021214,0,3,0.385625
1,7.604685206995043e-09,4,model.23.m.0,0.9999999803175934,1.000000002192035,1.098612267044776,1.0986122910763063,0,3,0.7275
1,1.4077958447308235e-08,5,model.23.m.1,0.9999999611002229,0.999999999809832,1.0986122459323366,1.098612288459189,0,3,1.0
0,2.4468408006151932e-05,0,model.14.m.0,0.999946268516688,0.9999946229715916,1.0985532586002549,1.0986063813986238,0,3,0.23625
1,3.2200510467753947e-07,1,model.14.m.1,0.9999843422115297,0.9999891378363478,1.0985950868292829,1.09860035536164,0,3,0.438125
1,7.90847055350774e-05,2,model.20.m.0,0.9999765384209285,0.9997775473391096,1.0985865134890302,1.0983678994412087,0,3,0.498125
1,1.2592157776795878e-06,3,model.20.m.1,0.9999995768847962,0.9999944210287118,1.0986118238285474,1.0986061595416945,0,3,0.39125
1,7.70380946435754e-09,4,model.23.m.0,0.999999972130154,0.9999999968717121,1.0986122580499544,1.0986122852313343,0,3,0.7225
1,1.4103490454118247e-08,5,model.23.m.1,0.9999999637201722,1.000000005160773,1.0986122488106451,1.0986122943377983,0,3,1.0
0,4.501347472090764e-06,0,model.14.m.0,0.9999809836193958,0.9999854338394037,1.098591397038692,1.09859628610508,0,3,0.331875
1,2.0267718930143947e-07,1,model.14.m.1,0.9999771620350991,0.9999821742216406,1.0985871985992215,1.098592705048949,0,3,0.4425
0,0.00013295259335966884,2,model.20.m.0,0.9999802688701854,0.9997473581517891,1.0985906118064261,1.0983347332290334,0,3,0.47
1,1.2744064307652111e-06,3,model.20.m.1,0.9999995586987496,0.9999943576752027,1.098611803849133,1.0986060899407508,0,3,0.3775
1,7.911920376293963e-09,4,model.23.m.0,0.9999999749585438,1.0000000023003,1.0986122611572582,1.0986122911952476,0,3,0.6775
1,1.4057302878960916e-08,5,model.23.m.1,0.9999999610927447,1.0000000051536642,1.098612245924121,1.0986122943299885,0,3,1.0
0,5.7241128582420186e-05,0,model.14.m.0,0.9999597685934767,0.9999105443479334,1.0985680899505128,1.0985140115894585,0,3,0.354375
1,1.801387095659132e-07,1,model.14.m.1,0.999979724707401,0.9999790804562987,1.0985900139825042,1.0985893062003262,0,3,0.433125
0,0.00014910588326713764,2,model.20.m.0,0.9999774604883716,0.9996256322742193,1.0985875264836542,1.0982010036840864,0,3,0.47
1,8.156172458053014e-07,3,model.20.m.1,0.9999996135580738,0.9999961092970672,1.0986118641182607,1.0986080142940562,0,3,0.40375
1,8.028802437496589e-09,4,model.23.m.0,0.9999999748908501,0.9999999996450473,1.0986122610828892,1.0986122882781544,0,3,0.66
1,1.4052977320677776e-08,5,model.23.m.1,0.9999999584067653,0.9999999998003054,1.098612242973271,1.0986122884487228,0,3,1.0
0,3.34221469909966e-05,0,model.14.m.0,0.9999961990150992,0.9999058271862743,1.0986081128593888,1.0985088292576923,0,3,0.325625
1,4.720026311260891e-07,1,model.14.m.1,0.9999818257944787,0.9999765309515738,1.0985923222625873,1.0985865052831054,0,3,0.506875
0,0.00039532751315528693,2,model.20.m.0,0.999976699522105,0.999094251005695,1.0985866904767625,1.0976172216925175,0,3,0.471875
1,1.0319452325623782e-06,3,model.20.m.1,0.9999994734164502,0.999995117713089,1.098611710156951,1.0986069249277126,0,3,0.386875
1,7.751275406294301e-09,4,model.23.m.0,0.9999999750258225,0.9999999995891578,1.0986122612311715,1.0986122882167535,0,3,0.675
1,1.4033885863967027e-08,5,model.23.m.1,0.9999999611327118,1.0000000024769882,1.0986122459680294,1.0986122913893595,0,3,1.0
0,2.4468408006151932e-05,0,model.14.m.0,0.999946268516688,0.9999946229715916,1.0985532586002549,1.0986063813986238,0,3,0.23625
1,3.2200510467753947e-07,1,model.14.m.1,0.9999843422115297,0.9999891378363478,1.0985950868292829,1.09860035536164,0,3,0.438125
1,7.90847055350774e-05,2,model.20.m.0,0.9999765384209285,0.9997775473391096,1.0985865134890302,1.0983678994412087,0,3,0.498125
1,1.2592157776795878e-06,3,model.20.m.1,0.9999995768847962,0.9999944210287118,1.0986118238285474,1.0986061595416945,0,3,0.39125
1,7.70380946435754e-09,4,model.23.m.0,0.999999972130154,0.9999999968717121,1.0986122580499544,1.0986122852313343,0,3,0.7225
1,1.4103490454118247e-08,5,model.23.m.1,0.9999999637201722,1.000000005160773,1.0986122488106451,1.0986122943377983,0,3,1.0
0,2.7797470603309338e-05,0,model.14.m.0,0.9999245726525485,0.9999398396961507,1.098529423257298,1.098546195819011,0,3,0.293125
1,8.195008890729555e-09,1,model.14.m.1,0.999982887876802,0.9999830080106376,1.0985934890792792,1.0985936210597873,0,3,0.406875
0,0.0001723706542514124,2,model.20.m.0,0.9999807246332496,0.9995241549983412,1.0985911125133292,1.0980895195017861,0,3,0.545625
1,1.3418233920821636e-06,3,model.20.m.1,0.999999548818503,0.9999941069814667,1.0986117929945727,1.0986058145255317,0,3,0.338125
1,7.826855847170019e-09,4,model.23.m.0,0.9999999747691191,1.0000000022632605,1.098612260949154,1.0986122911545555,0,3,0.675
1,1.407430627891712e-08,5,model.23.m.1,0.9999999637568899,1.0000000051560483,1.0986122488509837,1.0986122943326078,0,3,1.0
0,5.3082555270289686e-05,0,model.14.m.0,0.9999565277430937,0.9999122623426764,1.0985645295124564,1.0985158989995951,0,3,0.289375
1,4.735000509689809e-07,1,model.14.m.1,0.9999870340846531,0.9999784733631402,1.0985980441541758,1.098588639240322,0,3,0.481875
1,0.0003053091265551363,2,model.20.m.0,0.9999730201167121,0.9991198617196669,1.0985826482367829,1.0976453579376086,0,3,0.52375
1,1.053746416199226e-06,3,model.20.m.1,0.9999995475273601,0.9999951928895846,1.0986117915761073,1.0986070075175345,0,3,0.426875
1,7.4395215232976185e-09,4,model.23.m.0,0.9999999777323988,0.9999999968179399,1.0986122642046494,1.0986122851722595,0,3,0.745
1,1.4045080454489335e-08,5,model.23.m.1,0.999999963782342,1.0000000024769882,1.0986122488789456,1.0986122913893595,0,3,1.0
0,0.00010236661651273366,0,model.14.m.0,0.9999796117923488,0.9998513313493632,1.0985898899326403,1.0984489594615805,0,3,0.36125
1,2.2864771868510937e-07,1,model.14.m.1,0.9999837146702185,0.9999805214300123,1.0985943974046868,1.0985908892717555,0,3,0.461875
0,0.00043600717729511693,2,model.20.m.0,0.9999718264115186,0.9990205095179857,1.0985813368175883,1.0975362083879354,0,3,0.53375
1,8.77421918549203e-07,3,model.20.m.1,0.9999994873810281,0.9999956196145722,1.0986117254986079,1.0986074763228497,0,3,0.363125
1,7.803160810494254e-09,4,model.23.m.0,0.9999999778265486,0.9999999996166419,1.0986122643080836,1.0986122882469478,0,3,0.65
1,1.402475444925696e-08,5,model.23.m.1,0.9999999557856253,0.9999999998003054,1.0986122400936544,1.0986122884487228,0,3,1.0
0,1.9589518240196665e-05,0,model.14.m.0,0.9998850784788851,0.9999315682769445,1.0984860344727805,1.0985371087362263,0,3,0.321875
1,5.107465909406342e-07,1,model.14.m.1,0.9999800563306522,0.9999732853684822,1.0985903783078832,1.098582939645637,0,3,0.42375
0,0.0001020690730940209,2,model.20.m.0,0.9999790735984312,0.9997381924554524,1.0985892986661887,1.0983246636824038,0,3,0.401875
1,1.0969370773619323e-06,3,model.20.m.1,0.9999993567758039,0.9999945145701945,1.0986115820141036,1.0986062623075168,0,3,0.41125
1,7.76389892608766e-09,4,model.23.m.0,0.999999977624518,0.9999999995717556,1.0986122640861302,1.0986122881976352,0,3,0.6375
1,1.4085642416607024e-08,5,model.23.m.1,0.9999999610925986,0.999999999809832,1.0986122459239605,1.098612288459189,0,3,1.0
0,2.2472949184503156e-05,0,model.14.m.0,0.9999918983407862,0.9999131994915818,1.0986033880857389,1.0985169285628988,0,3,0.395
1,6.048354937866865e-07,1,model.14.m.1,0.9999797956073334,0.9999740819203032,1.0985900918740412,1.0985838147472562,0,3,0.436875
0,0.00015600117481981814,2,model.20.m.0,0.9999687042480161,0.9997475411352661,1.0985779067703971,1.09833493425693,0,3,0.424375
1,7.11684683620239e-07,3,model.20.m.1,0.9999994487915924,0.9999960695920654,1.0986116831037795,1.0986079706736533,0,3,0.3675
1,7.686509503658523e-09,4,model.23.m.0,0.9999999753215909,0.9999999995983352,1.0986122615561063,1.0986122882268359,0,3,0.66
1,1.4071527291261755e-08,5,model.23.m.1,0.9999999637311283,1.0000000051536642,1.0986122488226817,1.0986122943299885,0,3,1.0
0,3.68628590638522e-05,0,model.14.m.0,0.999955776751885,0.9998805363253914,1.0985637044642858,1.0984810444071353,0,3,0.2425
1,1.6632280781803596e-06,1,model.14.m.1,0.9999859240252102,0.9999686586421421,1.0985968246292308,1.0985778566672235,0,3,0.428125
1,0.00018726897264536137,2,model.20.m.0,0.9999714964052109,0.9993901095235508,1.0985809742686032,1.097942255495941,0,3,0.49625
1,1.1764784249668832e-06,3,model.20.m.1,0.9999995698739494,0.999994795747144,1.098611816126345,1.0986065712119688,0,3,0.369375
1,7.610428243714107e-09,4,model.23.m.0,0.999999977624518,1.0000000022052848,1.0986122640861302,1.098612291090863,0,3,0.695
1,1.4077240465102428e-08,5,model.23.m.1,0.9999999610781806,1.0000000024817612,1.0986122459081207,1.0986122913946033,0,3,1.0
0,7.126784011394355e-05,0,model.14.m.0,0.9999539480674473,0.9998072883090172,1.0985616954490904,1.098400573236226,0,3,0.319375
1,7.614839261616094e-07,1,model.14.m.1,0.9999885064056562,0.9999774549551155,1.0985996616641227,1.098587520404751,0,3,0.420625
0,0.0001978692953589809,2,model.20.m.0,0.9999751054675657,0.9995713044187021,1.098584939228857,1.0981413184343982,0,3,0.39375
1,1.0399294353376681e-06,3,model.20.m.1,0.9999995937503121,0.9999953693715751,1.0986118423572104,1.0986072014028179,0,3,0.425625
1,7.539207776368332e-09,4,model.23.m.0,0.9999999774351661,1.0000000021571225,1.098612263878106,1.098612291037951,0,3,0.6675
1,1.4097663521096462e-08,5,model.23.m.1,0.999999958377378,0.999999999809832,1.0986122429409857,1.098612288459189,0,3,1.0
0,9.924561766958039e-05,0,model.14.m.0,0.999757004234629,0.9999985433871885,1.0983453305341788,1.0986106884153752,0,3,0.2825
1,3.699360549009044e-07,1,model.14.m.1,0.9999881196662201,0.9999807541568355,1.0985992367874258,1.0985911449483035,0,3,0.4775
1,0.0003657327449221033,2,model.20.m.0,0.9999674838757053,0.9988341202979948,1.0985765660543798,1.097331438900378,0,3,0.535
1,2.1768288742878646e-06,3,model.20.m.1,0.9999995929612283,0.9999917504240965,1.0986118414903132,1.098603225582646,0,3,0.3575
1,7.893768996900826e-09,4,model.23.m.0,0.9999999742927591,0.9999999995486253,1.098612260425819,1.098612288172224,0,3,0.725
1,1.4188848793486065e-08,5,model.23.m.1,0.999999963685879,1.0000000025047537,1.0986122487729701,1.098612291419863,0,3,1.0
0,0.0001153564075185205,0,model.14.m.0,0.9998177681222369,0.9999852761533014,1.0984120864878122,1.0985961128691901,0,3,0.32
1,1.1282482088450992e-06,1,model.14.m.1,0.9999896841017236,0.9999766187668003,1.0986009554954947,1.0985866017579924,0,3,0.46875
1,0.00023411639319724617,2,model.20.m.0,0.999971700052471,0.9993226683531662,1.0985811979979858,1.0978681637973944,0,3,0.504375
1,1.5151096779911238e-06,3,model.20.m.1,0.9999995093081844,0.9999935651548664,1.0986117495880512,1.0986052192681703,0,3,0.310625
1,8.069241403837031e-09,4,model.23.m.0,0.9999999772042251,0.9999999996218366,1.0986122636243913,1.0986122882526548,0,3,0.6775
1,1.4125054972420121e-08,5,model.23.m.1,0.999999961096537,1.000000002498009,1.0986122459282872,1.098612291412453,0,3,1.0
1,9.928751896781532e-05,0,model.14.m.0,0.9997443608986873,0.9999999572252362,1.0983314404099436,1.0986122416752286,0,3,0.36125
1,7.606507968950928e-07,1,model.14.m.1,0.9999855949953688,0.9999756039178201,1.0985964631530036,1.0985854868324316,0,3,0.455
1,0.0005324800656234764,2,model.20.m.0,0.9999574585159053,0.9982173311053857,1.0985655520709052,1.0966538267138601,0,3,0.586875
1,1.2080098612024165e-06,3,model.20.m.1,0.9999994134519598,0.9999943867291289,1.0986116442792249,1.0986061218597512,0,3,0.39625
1,7.617900851600854e-09,4,model.23.m.0,0.9999999742790278,0.9999999967825761,1.0986122604107336,1.0986122851334084,0,3,0.745
1,1.408664095941498e-08,5,model.23.m.1,0.9999999664833237,0.9999999971402019,1.0986122518462773,1.0986122855263005,0,3,1.0
0,0.00011948957429993115,0,model.14.m.0,0.9998215233527052,0.9999752519942652,1.0984162120301515,1.0985851002048894,0,3,0.2625
1,7.124302105035004e-07,1,model.14.m.1,0.9999884202928088,0.9999786573962087,1.0985995670594904,1.0985888414213125,0,3,0.45125
1,0.0006679670853820411,2,model.20.m.0,0.9999662461905621,0.9979026578200951,1.0985752063182719,1.0963081227757243,0,3,0.57375
1,1.4693084668379583e-06,3,model.20.m.1,0.999999534803699,0.9999938579217135,1.0986117775977369,1.0986055409054263,0,3,0.40625
1,8.067834459885497e-09,4,model.23.m.0,0.9999999744702859,1.0000000022882314,1.0986122606208522,1.0986122911819889,0,3,0.665
1,1.414031278784071e-08,5,model.23.m.1,0.9999999610414531,0.9999999998214132,1.0986122458677714,1.098612288471912,0,3,1.0
0,7.183236047057448e-05,0,model.14.m.0,0.9998704534483517,0.9999908382955316,1.0984699672345144,1.0986022235069957,0,3,0.301875
1,2.5098404251819203e-08,1,model.14.m.1,0.9999858474145165,0.9999873901423569,1.098596740463781,1.0985984353235447,0,3,0.42625
0,0.0003676737915570736,2,model.20.m.0,0.9999782156960951,0.9990146236419526,1.0985883561641399,1.097529742092196,0,3,0.509375
1,1.608838809107299e-06,3,model.20.m.1,0.9999995731744552,0.9999934574321674,1.0986118197523211,1.0986051009226894,0,3,0.386875
1,7.86133698427589e-09,4,model.23.m.0,0.9999999718042899,0.9999999995614215,1.0986122576919561,1.098612288186282,0,3,0.7275
1,1.4079331807914517e-08,5,model.23.m.1,0.9999999611516063,1.0000000024911329,1.098612245988787,1.098612291404899,0,3,1.0
0,0.00010043863154794038,0,model.14.m.0,0.9998053394508795,0.999940503978493,1.098398432196727,1.0985469256077554,0,3,0.324375
1,2.1145188713688144e-07,1,model.14.m.1,0.9999840812735806,0.9999886648069379,1.0985948001596455,1.0985998356857174,0,3,0.60875
1,0.0003445132684780526,2,model.20.m.0,0.9999638131723291,0.9988264587675751,1.0985725333745426,1.0973230218489092,0,3,0.575625
1,1.856918012841814e-06,3,model.20.m.1,0.9999995815790995,0.9999926992032753,1.0986118289857667,1.098604267923111,0,3,0.2975
1,8.167018440650027e-09,4,model.23.m.0,0.9999999741421616,0.9999999942633603,1.0986122602603707,1.098612282365767,0,3,0.7125
1,1.4140803822791176e-08,5,model.23.m.1,0.9999999610559053,1.0000000051723297,1.0986122458836487,1.0986122943504948,0,3,1.0
0,8.693319861759999e-05,0,model.14.m.0,0.9998125044733253,0.9999902027197939,1.0984063037784346,1.0986015252556798,0,3,0.31625
1,2.2489583641090827e-07,1,model.14.m.1,0.9999857698041799,0.9999894143946799,1.0985966552001116,1.098600659192022,0,3,0.515
1,0.00030834865991433147,2,model.20.m.0,0.9999589332341915,0.9989072285469447,1.0985671722145367,1.0974117565210775,0,3,0.564375
1,1.4778212629594528e-06,3,model.20.m.1,0.9999995034062314,0.9999936584045819,1.0986117431040932,1.0986053217134537,0,3,0.331875
1,7.857509888527697e-09,4,model.23.m.0,0.999999974429332,1.0000000022271616,1.0986122605758597,1.0986122911148968,0,3,0.6475
1,1.4121070524567491e-08,5,model.23.m.1,0.9999999610891435,1.0000000024957314,1.0986122459201646,1.098612291409951,0,3,1.0
0,9.016154907255983e-05,0,model.14.m.0,0.9997823134839672,0.9999911312457044,1.0983731355865187,1.0986025453456554,0,3,0.285625
1,8.190818723597084e-09,1,model.14.m.1,0.9999858803574115,0.9999863709208148,1.0985967766552505,1.0985973155942337,0,3,0.49375
1,0.0004180395690461577,2,model.20.m.0,0.99995699039204,0.9985569376095498,1.0985650377842742,1.0970269225926463,0,3,0.54
1,1.165640223403453e-06,3,model.20.m.1,0.9999994717178864,0.9999946694583546,1.098611708290888,1.0986064324695528,0,3,0.383125
1,7.950615276700116e-09,4,model.23.m.0,0.9999999794739233,0.9999999968742295,1.0986122661179096,1.0986122852340998,0,3,0.6925
1,1.4156740660391774e-08,5,model.23.m.1,0.9999999609997589,0.999999999819126,1.0986122458219656,1.0986122884693994,0,3,1.0
1,8.811391516231823e-06,0,model.14.m.0,0.9999419951472358,0.9999882654248046,1.0985485638240606,1.0985993969195977,0,4,0.405625
0,6.28472310293778e-06,1,model.14.m.1,0.9999902329048549,0.9999991520833925,1.0986015584173587,1.098611357136505,0,4,0.283125
0,0.0002081833118427758,2,model.20.m.0,0.9999777035471425,0.9995316810396394,1.0985877935110069,1.0980977877032414,0,4,0.394375
0,5.138100149018057e-07,3,model.20.m.1,0.9999994179069843,0.9999989399341241,1.0986116491735696,1.0986111240667118,0,4,0.479375
1,9.872747971588752e-10,4,model.23.m.0,0.9999999751335387,0.9999999894759545,1.0986122613495097,1.098612277106264,0,4,1.0
0,1.503388101715691e-08,5,model.23.m.1,0.9999999638009817,1.0000000026161426,1.0986122488994234,1.0986122915422363,0,4,0.0
1,1.5446019214769818e-05,0,model.14.m.0,0.9999368384790345,0.9999964982614644,1.098542898645006,1.098608441615123,0,4,0.25
0,6.091198574021816e-06,1,model.14.m.1,0.9999871904080299,0.999999715265053,1.0985982158929586,1.098611975854798,0,4,0.228125
0,0.0001921143584488129,2,model.20.m.0,0.9999743688797793,0.9995632318479591,1.098584130004463,1.0981324498089788,0,4,0.450625
0,3.0605886034415687e-07,3,model.20.m.1,0.9999995598450035,0.9999992907410359,1.0986118051084217,1.098611509467496,0,4,0.4975
1,1.005007829343432e-09,4,model.23.m.0,0.999999972278911,0.9999999840849545,1.0986122582133808,1.0986122711836452,0,4,1.0
0,1.5050134744323243e-08,5,model.23.m.1,0.9999999611002229,0.9999999999427972,1.0986122459323366,1.098612288605266,0,4,0.0
1,1.5519666514452217e-05,0,model.14.m.0,0.999932486342096,0.9999956352999323,1.0985381173338835,1.098607493554979,0,4,0.339375
0,5.673848077639078e-06,1,model.14.m.1,0.9999902305696755,0.9999995661509229,1.098601555851902,1.0986118120361823,0,4,0.296875
0,0.00019206207002752957,2,model.20.m.0,0.9999808383452533,0.9995064221522755,1.0985912374387339,1.0980700379791852,0,4,0.438125
0,3.715778736667518e-07,3,model.20.m.1,0.9999995309060353,0.9999991765504376,1.0986117733157157,1.0986113840163014,0,4,0.51875
1,9.928485556576026e-10,4,model.23.m.0,0.9999999750798189,0.9999999814270232,1.0986122612904925,1.0986122682636092,0,4,1.0
0,1.5042886038035797e-08,5,model.23.m.1,0.9999999637899366,0.9999999972668537,1.0986122488872891,1.0986122856654417,0,4,0.0
1,6.09859352082966e-06,0,model.14.m.0,0.9999497072069788,0.9999824035898605,1.0985570363876653,1.098592957035694,0,4,0.323125
0,7.330663184121496e-06,1,model.14.m.1,0.9999891759522189,0.9999989709093781,1.0986003972362044,1.0986111580965063,0,4,0.22625
0,0.00019285317669552864,2,model.20.m.0,0.9999798592674503,0.9994931779166845,1.098590161811828,1.098055487699211,0,4,0.374375
0,7.096652278136941e-07,3,model.20.m.1,0.9999995002716279,0.9999984073132867,1.0986117396603792,1.0986105389229146,0,4,0.5425
1,9.969214757741947e-10,4,model.23.m.0,0.9999999753079077,0.99999998695996,1.0986122615410738,1.0986122743421616,0,4,1.0
0,1.504388669323381e-08,5,model.23.m.1,0.9999999664537793,0.9999999999401873,1.0986122518138195,1.0986122886023988,0,4,0.0
1,2.398445411679863e-06,0,model.14.m.0,0.9999759825891722,0.9999939590295966,1.0985859028454323,1.0986056519837892,0,4,0.395
0,1.0164940194093376e-05,1,model.14.m.1,0.9999813020774626,0.9999993728379307,1.0985917469006377,1.0986115996601535,0,4,0.24125
0,0.00015036616691379797,2,model.20.m.0,0.9999817255805774,0.9995459590655974,1.0985922121663638,1.0981134737180167,0,4,0.495
0,5.621299620734371e-07,3,model.20.m.1,0.9999994972136179,0.9999987363727361,1.0986117363008119,1.0986109004316693,0,4,0.431875
1,1.0068790255987533e-09,4,model.23.m.0,0.9999999802500185,0.9999999893985322,1.0986122669705374,1.098612277021207,0,4,1.0
0,1.504970909079396e-08,5,model.23.m.1,0.9999999610928755,0.9999999972668537,1.0986122459242647,1.0986122856654417,0,4,0.0
1,3.569629805111687e-05,0,model.14.m.0,0.9999005382361748,0.9999996747164057,1.0985030187521188,1.0986119313075557,0,4,0.286875
0,7.624220582642233e-06,1,model.14.m.1,0.9999819412690116,0.9999988492096371,1.0985924491243282,1.0986110243956755,0,4,0.291875
0,0.00013425801865105808,2,model.20.m.0,0.999978987874106,0.9996637643857591,1.0985892044883916,1.098242896090417,0,4,0.39125
0,5.952068901183085e-07,3,model.20.m.1,0.9999994317608271,0.9999987293252297,1.0986116643935715,1.0986108926891922,0,4,0.451875
1,1.0418648170554983e-09,4,model.23.m.0,0.9999999745246628,0.9999999893796973,1.0986122606805913,1.0986122770005147,0,4,1.0
0,1.505372748784909e-08,5,model.23.m.1,0.9999999583989956,0.9999999972668537,1.0986122429647351,1.0986122856654417,0,4,0.0
1,4.478140749626506e-06,0,model.14.m.0,0.9999565964741067,0.9999891697878579,1.098564605021192,1.0986003904639616,0,4,0.309375
0,9.48554333563478e-06,1,model.14.m.1,0.9999823950183467,0.9999993310277102,1.0985929476189238,1.0986115537269314,0,4,0.22875
0,0.000168396207118773,2,model.20.m.0,0.9999812883555405,0.9995494286850463,1.0985917318255654,1.0981172854845802,0,4,0.4775
0,4.784166794628565e-07,3,model.20.m.1,0.9999995755767177,0.9999988576326578,1.0986118223914763,1.0986110336493096,0,4,0.4925
1,1.009570958767878e-09,4,model.23.m.0,0.9999999748772764,0.9999999894245221,1.098612261067977,1.0986122770497597,0,4,1.0
0,1.505060859764575e-08,5,model.23.m.1,0.9999999664392977,1.0000000026161426,1.0986122517979098,1.0986122915422363,0,4,0.0
1,9.462043867469348e-07,0,model.14.m.0,0.999965582609936,0.999980607183082,1.0985744773004416,1.0985909834811318,0,4,0.350625
0,7.223343622210867e-06,1,model.14.m.1,0.9999870119155574,0.9999995570499279,1.098598019798935,1.0986118020377174,0,4,0.295625
0,0.00017431016843485808,2,model.20.m.0,0.9999787956781624,0.9994947087215457,1.098588993339566,1.098057169460243,0,4,0.45
0,3.131225297612212e-07,3,model.20.m.1,0.9999996044383965,0.9999992452077274,1.0986118540992713,1.0986114594440437,0,4,0.418125
1,1.0342379588345935e-09,4,model.23.m.0,0.9999999748772764,0.9999999922445287,1.098612261067977,1.0986122801478537,0,4,1.0
0,1.504182153964368e-08,5,model.23.m.1,0.9999999637895247,1.0000000052907838,1.0986122488868366,1.0986122944806298,0,4,0.0
1,9.140710234011235e-06,0,model.14.m.0,0.9999608321937725,0.9999961305881699,1.098569258434868,1.0986080376847234,0,4,0.3275
0,7.757905640269158e-06,1,model.14.m.1,0.9999867067398223,0.9999992504908446,1.098597684529122,1.0986114652481411,0,4,0.339375
0,0.0001888710544585958,2,model.20.m.0,0.9999799758602204,0.9995427334117787,1.0985902899020779,1.0981099299750925,0,4,0.48625
0,4.26894512745287e-07,3,model.20.m.1,0.9999994870759465,0.9999990722249128,1.0986117251634415,1.098611269402998,0,4,0.505
1,1.0230932437103199e-09,4,model.23.m.0,0.9999999800739857,0.9999999867280903,1.0986122667771456,1.0986122740874267,0,4,1.0
0,1.5033955384494827e-08,5,model.23.m.1,0.9999999611404253,0.9999999972668537,1.0986122459765035,1.0986122856654417,0,4,0.0
1,2.4189329870208387e-05,0,model.14.m.0,0.9998760652700489,0.9999831527722658,1.0984761324507928,1.098593780096691,0,4,0.230625
0,6.686438081753433e-06,1,model.14.m.1,0.9999862194104554,0.9999998395896186,1.098597149143091,1.0986121124392936,0,4,0.325
1,0.0001854711300678701,2,model.20.m.0,0.9999728605307584,0.9993766814907176,1.098582472913693,1.0979275032940579,0,4,0.460625
0,1.1295108906747247e-07,3,model.20.m.1,0.9999995572486241,0.9999998058183476,1.0986118022560074,1.0986120753377602,0,4,0.473125
1,1.0117246830205158e-09,4,model.23.m.0,0.9999999721708072,0.9999999760471617,1.0986122580946165,1.0986122623532273,0,4,1.0
0,1.5064375243502615e-08,5,model.23.m.1,0.9999999610559053,0.9999999999427972,1.0986122458836487,1.098612288605266,0,4,0.0
1,5.2219263227795595e-06,0,model.14.m.0,0.9999376760500536,0.9999816820482413,1.0985438188108203,1.0985921643412044,0,4,0.278125
0,9.173524954274835e-06,1,model.14.m.1,0.9999798001588053,0.9999998416274238,1.098590096874344,1.0986121146780514,0,4,0.25375
0,0.0002446436902874415,2,model.20.m.0,0.9999793087955573,0.9993441037798402,1.0985895570566417,1.0978917130205512,0,4,0.443125
0,1.2104168683736915e-07,3,model.20.m.1,0.9999995882532406,0.9999997183044764,1.0986118363180601,1.098611979193946,0,4,0.414375
1,1.0328000306442185e-09,4,model.23.m.0,0.9999999775030318,0.9999999868412024,1.098612263952664,1.098612274211693,0,4,1.0
0,1.5054438548465875e-08,5,model.23.m.1,0.9999999637568899,1.0000000026174454,1.0986122488509837,1.0986122915436674,0,4,0.0
1,4.616575573230527e-06,0,model.14.m.0,0.9999590033375283,0.9999885994621912,1.098567249230924,1.0985997638971756,0,4,0.31625
0,1.0514243819862291e-05,1,model.14.m.1,0.9999772134496314,0.9999997682895565,1.0985872550838585,1.098612034108169,0,4,0.283125
0,0.00026682397465701375,2,model.20.m.0,0.9999830352082193,0.999341903025963,1.0985936509393848,1.0978892952452974,0,4,0.39375
0,9.005565602512159e-08,3,model.20.m.1,0.9999995870736019,0.9999998019381136,1.0986118350220946,1.0986120710748875,0,4,0.483125
1,9.972756552659955e-10,4,model.23.m.0,0.9999999803175934,0.999999986738839,1.098612267044776,1.0986122740992355,0,4,1.0
0,1.5050134744323243e-08,5,model.23.m.1,0.9999999611002229,0.9999999999427972,1.0986122459323366,1.098612288605266,0,4,0.0
1,4.32182268389822e-06,0,model.14.m.0,0.999946268516688,0.9999837344398087,1.0985532586002549,1.0985944191238015,0,4,0.386875
0,8.561563628887677e-06,1,model.14.m.1,0.9999843422115297,0.9999992160008925,1.0985950868292829,1.098611427357056,0,4,0.23875
1,0.00019384145771874977,2,model.20.m.0,0.9999765384209285,0.999374193575357,1.0985865134890302,1.0979247700396695,0,4,0.426875
0,2.2968821575563875e-07,3,model.20.m.1,0.9999995768847962,0.9999994651809209,1.0986118238285474,1.0986117011092973,0,4,0.47375
1,1.0374326069292988e-09,4,model.23.m.0,0.999999972130154,0.999999984152801,1.0986122580499544,1.0986122712581823,0,4,1.0
0,1.506383787839442e-08,5,model.23.m.1,0.9999999637201722,1.0000000052907838,1.0986122488106451,1.0986122944806298,0,4,0.0
1,6.125822094314606e-06,0,model.14.m.0,0.9999809836193958,0.9999908481245661,1.098591397038692,1.0986022343052937,0,4,0.3
0,1.1496136602092647e-05,1,model.14.m.1,0.9999771620350991,0.9999992529022739,1.0985871985992215,1.098611467897367,0,4,0.2675
0,0.00028420365903506764,2,model.20.m.0,0.9999802688701854,0.9993269037629703,1.0985906118064261,1.0978728168706526,0,4,0.434375
0,1.7709794179188222e-07,3,model.20.m.1,0.9999995586987496,0.9999996548404582,1.098611803849133,1.0986119094715956,0,4,0.3425
1,9.973430058785864e-10,4,model.23.m.0,0.9999999749585438,0.9999999893684907,1.0986122611572582,1.098612276988203,0,4,1.0
0,1.5053610214058922e-08,5,model.23.m.1,0.9999999610927447,1.0000000026174454,1.098612245924121,1.0986122915436674,0,4,0.0
1,1.1714201328281171e-06,0,model.14.m.0,0.9999597685934767,0.999978546469072,1.0985680899505128,1.098588719555397,0,4,0.2775
0,8.80321092396909e-06,1,model.14.m.1,0.999979724707401,0.9999998384192881,1.0985900139825042,1.098612111153554,0,4,0.196875
0,0.00024022261906307728,2,model.20.m.0,0.9999774604883716,0.9993262266297238,1.0985875264836542,1.097872072963747,0,4,0.425625
0,1.371286721942227e-07,3,model.20.m.1,0.9999996135580738,0.9999996791221347,1.0986118641182607,1.0986119361477438,0,4,0.4225
1,1.0294894647362757e-09,4,model.23.m.0,0.9999999748908501,0.9999999948788739,1.0986122610828892,1.0986122830419778,0,4,1.0
0,1.5051445098354944e-08,5,model.23.m.1,0.9999999584067653,1.0000000052907838,1.098612242973271,1.0986122944806298,0,4,0.0
1,1.9239081948055218e-06,0,model.14.m.0,0.9999961990150992,0.9999860698731867,1.0986081128593888,1.09859698485961,0,4,0.365
0,9.980051285212713e-06,1,model.14.m.1,0.9999818257944787,0.9999988627492439,1.0985923222625873,1.0986110392704538,0,4,0.211875
0,0.0002987775569135657,2,model.20.m.0,0.999976699522105,0.9993076862014332,1.0985866904767625,1.0978517042213898,0,4,0.419375
0,1.6190315249547244e-07,3,model.20.m.1,0.9999994734164502,0.999999814680459,1.098611710156951,1.0986120850737846,0,4,0.484375
1,1.0039841738485577e-09,4,model.23.m.0,0.9999999750258225,0.9999999894777283,1.0986122612311715,1.0986122771082127,0,4,1.0
0,1.5041347576979385e-08,5,model.23.m.1,0.9999999611327118,0.9999999999427972,1.0986122459680294,1.098612288605266,0,4,0.0
1,4.32182268389822e-06,0,model.14.m.0,0.999946268516688,0.9999837344398087,1.0985532586002549,1.0985944191238015,0,4,0.386875
0,8.561563628887677e-06,1,model.14.m.1,0.9999843422115297,0.9999992160008925,1.0985950868292829,1.098611427357056,0,4,0.23875
1,0.00019384145771874977,2,model.20.m.0,0.9999765384209285,0.999374193575357,1.0985865134890302,1.0979247700396695,0,4,0.426875
0,2.2968821575563875e-07,3,model.20.m.1,0.9999995768847962,0.9999994651809209,1.0986118238285474,1.0986117011092973,0,4,0.47375
1,1.0374326069292988e-09,4,model.23.m.0,0.999999972130154,0.999999984152801,1.0986122580499544,1.0986122712581823,0,4,1.0
0,1.506383787839442e-08,5,model.23.m.1,0.9999999637201722,1.0000000052907838,1.0986122488106451,1.0986122944806298,0,4,0.0
1,1.785026925536189e-05,0,model.14.m.0,0.9999245726525485,0.9999878516415998,1.098529423257298,1.0985989423322842,0,4,0.309375
0,8.296840448413314e-06,1,model.14.m.1,0.999982887876802,0.9999996522362103,1.0985934890792792,1.0986119066105369,0,4,0.32375
0,0.0002735583852361786,2,model.20.m.0,0.9999807246332496,0.999211445986271,1.0985911125133292,1.0977459735383486,0,4,0.47375
0,1.304446572745193e-07,3,model.20.m.1,0.999999548818503,0.9999997483806232,1.0986117929945727,1.0986120122359704,0,4,0.40125
1,1.0222322683720549e-09,4,model.23.m.0,0.9999999747691191,0.9999999893985322,1.098612260949154,1.098612277021207,0,4,1.0
0,1.5055727708311915e-08,5,model.23.m.1,0.9999999637568899,0.9999999999427972,1.0986122488509837,1.098612288605266,0,4,0.0
1,1.3112492839895975e-06,0,model.14.m.0,0.9999565277430937,0.999974015605337,1.0985645295124564,1.0985837418928195,0,4,0.321875
0,6.8520618592633254e-06,1,model.14.m.1,0.9999870340846531,0.9999991305963247,1.0985980441541758,1.0986113335305483,0,4,0.233125
1,0.00023460355022771572,2,model.20.m.0,0.9999730201167121,0.9992941831001249,1.0985826482367829,1.0978368695483574,0,4,0.45375
0,1.1793175503818029e-07,3,model.20.m.1,0.9999995475273601,0.9999997801974828,1.0986117915761073,1.0986120471903633,0,4,0.40125
1,1.0029615345952261e-09,4,model.23.m.0,0.9999999777323988,0.9999999948450088,1.0986122642046494,1.098612283004773,0,4,1.0
0,1.5050239852668773e-08,5,model.23.m.1,0.999999963782342,0.9999999999427972,1.0986122488789456,1.098612288605266,0,4,0.0
0,5.203875424412442e-06,0,model.14.m.0,0.9999796117923488,0.9999828326553648,1.0985898899326403,1.0985934284123298,0,4,0.440625
0,1.0246081500779592e-05,1,model.14.m.1,0.9999837146702185,0.999997956197394,1.0985943974046868,1.0986100433214512,0,4,0.193125
0,0.00033951825911655376,2,model.20.m.0,0.9999718264115186,0.9992361382504424,1.0985813368175883,1.0977731007632023,0,4,0.50125
0,1.1731169817871421e-07,3,model.20.m.1,0.9999994873810281,0.9999998528395803,1.0986117254986079,1.0986121269958642,0,4,0.448125
1,9.83638828576749e-10,4,model.23.m.0,0.9999999778265486,0.9999999894392836,1.0986122643080836,1.098612277065977,0,4,1.0
0,1.5040744177409628e-08,5,model.23.m.1,0.9999999557856253,1.0000000026174454,1.0986122400936544,1.0986122915436674,0,4,0.0
1,3.7788011066715223e-05,0,model.14.m.0,0.9998850784788851,0.9999811066577475,1.0984860344727805,1.0985915322101372,0,4,0.315625
0,1.0508195238778163e-05,1,model.14.m.1,0.9999800563306522,0.9999993878569743,1.0985903783078832,1.0986116161602593,0,4,0.24625
0,0.00021089112053623675,2,model.20.m.0,0.9999790735984312,0.999372314342836,1.0985892986661887,1.0979227054917287,0,4,0.405
0,2.6867357903204203e-07,3,model.20.m.1,0.9999993567758039,0.9999995679560019,1.0986115820141036,1.0986118140192642,0,4,0.52875
1,1.0075151354917268e-09,4,model.23.m.0,0.999999977624518,0.9999999894652299,1.0986122640861302,1.098612277094482,0,4,1.0
0,1.5047245334620397e-08,5,model.23.m.1,0.9999999610925986,0.9999999972668537,1.0986122459239605,1.0986122856654417,0,4,0.0
1,6.748739758513612e-06,0,model.14.m.0,0.9999918983407862,0.9999783645316301,1.0986033880857389,1.0985885196766876,0,4,0.395625
0,1.209295800195338e-05,1,model.14.m.1,0.9999797956073334,0.9999987305391166,1.0985900918740412,1.0986108940227832,0,4,0.16125
0,0.0003128707624177069,2,model.20.m.0,0.9999687042480161,0.9993203721982211,1.0985779067703971,1.097865641213355,0,4,0.354375
0,2.584644942445709e-07,3,model.20.m.1,0.9999994487915924,0.999999504582032,1.0986116831037795,1.098611744395842,0,4,0.44
1,9.683944802607847e-10,4,model.23.m.0,0.9999999753215909,0.9999999894585133,1.0986122615561063,1.098612277087103,0,4,1.0
0,1.5065169660213306e-08,5,model.23.m.1,0.9999999637311283,0.9999999999414994,1.0986122488226817,1.0986122886038403,0,4,0.0
1,8.301110482068753e-06,0,model.14.m.0,0.999955776751885,0.999988800106347,1.0985637044642858,1.0985999843273109,0,4,0.390625
0,7.672769673594244e-06,1,model.14.m.1,0.9999859240252102,0.9999995518536389,1.0985968246292308,1.0986117963290103,0,4,0.33625
1,0.00017670575776196134,2,model.20.m.0,0.9999714964052109,0.9993825724539346,1.0985809742686032,1.09793397517864,0,4,0.37625
0,2.465603283294276e-07,3,model.20.m.1,0.9999995698739494,0.9999994388897552,1.098611816126345,1.0986116722254995,0,4,0.483125
1,1.0023872765428625e-09,4,model.23.m.0,0.999999977624518,0.9999999867580929,1.0986122640861302,1.0986122741203879,0,4,1.0
0,1.5051421607990018e-08,5,model.23.m.1,0.9999999610781806,1.0000000052907838,1.0986122459081207,1.0986122944806298,0,4,0.0
1,1.0615880703833598e-05,0,model.14.m.0,0.9999539480674473,0.9999842469749948,1.0985616954490904,1.0985949822012553,0,4,0.2575
0,6.576165282535433e-06,1,model.14.m.1,0.9999885064056562,0.9999995265126933,1.0985996616641227,1.098611768489136,0,4,0.27875
0,0.0002796509300139888,2,model.20.m.0,0.9999751054675657,0.9993203754504776,1.098584939228857,1.097865644786324,0,4,0.435
0,2.75347683113128e-07,3,model.20.m.1,0.9999995937503121,0.9999994025549526,1.0986118423572104,1.098611632307639,0,4,0.501875
1,1.02848852274519e-09,4,model.23.m.0,0.9999999774351661,0.999999992146854,1.098612263878106,1.0986122800405471,0,4,1.0
0,1.5067699969689995e-08,5,model.23.m.1,0.999999958377378,0.9999999999427972,1.0986122429409857,1.098612288605266,0,4,0.0
1,9.1414553693816e-05,0,model.14.m.0,0.999757004234629,0.9999995919819766,1.0983453305341788,1.0986118404144953,0,4,0.19875
1,2.984529429066814e-06,1,model.14.m.1,0.9999881196662201,0.999999311508217,1.0985992367874258,1.0986115322825762,0,4,0.353125
1,0.00015553769034662565,2,model.20.m.0,0.9999674838757053,0.9994422220477626,1.0985765660543798,1.0979995069554336,0,4,0.461875
0,1.938782042729878e-07,3,model.20.m.1,0.9999995929612283,0.9999995625107795,1.0986118414903132,1.098611808037076,0,4,0.395
1,1.0920988081312706e-09,4,model.23.m.0,0.9999999742927591,0.999999989527285,1.098612260425819,1.0986122771626563,0,4,1.0
0,1.507850213351888e-08,5,model.23.m.1,0.999999963685879,0.9999999999427972,1.0986122487729701,1.098612288605266,0,4,0.0
0,7.119878053388939e-05,0,model.14.m.0,0.9998177681222369,0.9999991979723165,1.0984120864878122,1.0986114075506408,0,4,0.26125
1,1.8775628450691452e-06,1,model.14.m.1,0.9999896841017236,0.9999986916674375,1.0986009554954947,1.098610851317879,0,4,0.39875
1,0.00015287011132423373,2,model.20.m.0,0.999971700052471,0.9995194398938065,1.0985811979979858,1.098084339430002,0,4,0.516875
0,2.075259685112406e-07,3,model.20.m.1,0.9999995093081844,0.9999996090746927,1.0986117495880512,1.0986118591927632,0,4,0.32125
1,1.0569378084360288e-09,4,model.23.m.0,0.9999999772042251,0.999999986809506,1.0986122636243913,1.098612274176871,0,4,1.0
0,1.505314931226659e-08,5,model.23.m.1,0.999999961096537,1.000000002618733,1.0986122459282872,1.098612291545082,0,4,0.0
1,7.127767562338668e-05,0,model.14.m.0,0.9997443608986873,0.9999933752094256,1.0983314404099436,1.0986050105917748,0,4,0.298125
1,3.305506483234147e-06,1,model.14.m.1,0.9999855949953688,0.9999991758210419,1.0985964631530036,1.0986113832149784,0,4,0.375
1,0.0001067301404314709,2,model.20.m.0,0.9999574585159053,0.9995286812547688,1.0985655520709052,1.0980944921027191,0,4,0.474375
0,2.8954426796115465e-07,3,model.20.m.1,0.9999994134519598,0.9999995233215432,1.0986116442792249,1.0986117649832994,0,4,0.42625
1,1.0834836938245814e-09,4,model.23.m.0,0.9999999742790278,0.9999999867902883,1.0986122604107336,1.0986122741557582,0,4,1.0
0,1.503520797002741e-08,5,model.23.m.1,0.9999999664833237,0.9999999999427972,1.0986122518462773,1.098612288605266,0,4,0.0
1,6.003151193141837e-05,0,model.14.m.0,0.9998215233527052,0.9999988684091335,1.0984162120301515,1.098611045488478,0,4,0.2175
1,2.4583947906796355e-06,1,model.14.m.1,0.9999884202928088,0.999999161601429,1.0985995670594904,1.0986113675931368,0,4,0.263125
1,0.00014844764932275042,2,model.20.m.0,0.9999662461905621,0.9994383606302759,1.0985752063182719,1.097995264754731,0,4,0.4975
0,2.476557226667431e-07,3,model.20.m.1,0.999999534803699,0.9999995051857329,1.0986117775977369,1.0986117450590753,0,4,0.421875
1,1.0793093223007896e-09,4,model.23.m.0,0.9999999744702859,0.9999999842304361,1.0986122606208522,1.0986122713434732,0,4,1.0
0,1.5073687996043853e-08,5,model.23.m.1,0.9999999610414531,0.9999999972681464,1.0986122458677714,1.0986122856668619,0,4,0.0
1,3.7496930246875246e-05,0,model.14.m.0,0.9998704534483517,0.9999970666530626,1.0984699672345144,1.0986090660571175,0,4,0.3
1,3.924470912171926e-06,1,model.14.m.1,0.9999858474145165,0.9999996217472082,1.098596740463781,1.0986118731149446,0,4,0.35875
0,0.0001752112320703564,2,model.20.m.0,0.9999782156960951,0.9995093179978691,1.0985883561641399,1.0980732193907405,0,4,0.468125
0,3.04858709287795e-07,3,model.20.m.1,0.9999995731744552,0.99999933986776,1.0986118197523211,1.0986115634387188,0,4,0.4225
1,1.061906506320472e-09,4,model.23.m.0,0.9999999718042899,0.999999992146854,1.0986122576919561,1.0986122800405471,0,4,1.0
0,1.5031311881580497e-08,5,model.23.m.1,0.9999999611516063,0.9999999972681464,1.098612245988787,1.0986122856668619,0,4,0.0
1,6.216113267410502e-05,0,model.14.m.0,0.9998053394508795,0.9999972473113539,1.098398432196727,1.0986092645305363,0,4,0.19
1,3.888201470518722e-06,1,model.14.m.1,0.9999840812735806,0.9999992557357065,1.0985948001596455,1.0986114710102108,0,4,0.333125
1,0.0001341282495143177,2,model.20.m.0,0.9999638131723291,0.9994631366573168,1.0985725333745426,1.0980224840025026,0,4,0.4925
0,2.4557900043926354e-07,3,model.20.m.1,0.9999995815790995,0.9999994242085518,1.0986118289857667,1.098611656096549,0,4,0.40875
1,1.1185230147589553e-09,4,model.23.m.0,0.9999999741421616,0.999999986881772,1.0986122602603707,1.0986122742562634,0,4,1.0
0,1.5065671103452113e-08,5,model.23.m.1,0.9999999610559053,0.9999999972681464,1.0986122458836487,1.0986122856668619,0,4,0.0
1,7.15948738562838e-05,0,model.14.m.0,0.9998125044733253,0.9999975939410828,1.0984063037784346,1.098609645342216,0,4,0.241875
1,3.976728426472668e-06,1,model.14.m.1,0.9999857698041799,0.9999996134128937,1.0985966552001116,1.098611863958764,0,4,0.298125
1,0.00010815872217750477,2,model.20.m.0,0.9999589332341915,0.9995252401088996,1.0985671722145367,1.0980907116175802,0,4,0.49875
0,3.5269655070655127e-07,3,model.20.m.1,0.9999995034062314,0.9999993074651674,1.0986117431040932,1.0986115278408324,0,4,0.405625
1,1.0713657823777286e-09,4,model.23.m.0,0.999999974429332,0.9999999921638398,1.0986122605758597,1.098612280059208,0,4,1.0
0,1.5052737162675266e-08,5,model.23.m.1,0.9999999610891435,0.9999999999427972,1.0986122459201646,1.098612288605266,0,4,0.0
1,7.03034459930247e-05,0,model.14.m.0,0.9997823134839672,0.999997985274251,1.0983731355865187,1.0986100752656436,0,4,0.3375
1,4.024983934098464e-06,1,model.14.m.1,0.9999858803574115,0.9999996701287838,1.0985967766552505,1.098611926267538,0,4,0.3575
1,0.00010732644973381186,2,model.20.m.0,0.99995699039204,0.9995201680136666,1.0985650377842742,1.098085139351428,0,4,0.54375
0,2.6242969912200966e-07,3,model.20.m.1,0.9999994717178864,0.9999995350343479,1.098611708290888,1.0986117778511306,0,4,0.3675
1,1.104010211833852e-09,4,model.23.m.0,0.9999999794739233,0.9999999894781813,1.0986122661179096,1.0986122771087103,0,4,1.0
0,1.508279203844377e-08,5,model.23.m.1,0.9999999609997589,0.9999999999427972,1.0986122458219656,1.098612288605266,0,4,0.0
1,1.5375879533871713e-06,0,model.14.m.0,0.9999777797651032,0.9999924520190795,1.098587877244995,1.098603996363516,1,2,0.2175
0,4.012512048098724e-06,1,model.14.m.1,0.999999357958233,0.9999925338567298,1.0986115833131347,1.0986040862713642,1,2,0.370625
1,8.219955390596822e-05,2,model.20.m.0,0.9995741712007342,0.999957539491632,1.0981444679163677,1.0985656410318336,1,2,0.665
1,3.0109847767292516e-07,3,model.20.m.1,0.9999997863075811,0.9999993050708987,1.0986120539029924,1.0986115252104593,1,2,0.27875
1,7.635270016657725e-09,4,model.23.m.0,0.9999999764478437,0.9999999561108023,1.0986122627934214,1.0986122404508978,1,2,1.0
0,5.0859071560674916e-09,5,model.23.m.1,1.0000000022864601,0.9999999926370604,1.0986122911800429,1.0986122805790939,1,2,0.0
1,7.302834478686122e-07,0,model.14.m.0,0.9999865914946896,0.999994151546107,1.0985975579194032,1.0986058634847933,1,2,0.256875
0,3.4638185583050856e-06,1,model.14.m.1,0.9999997431966715,0.999993383930583,1.0986120065408174,1.0986050201729456,1,2,0.365625
1,0.00012900449040570015,2,model.20.m.0,0.9994287385260759,0.9999649187044221,1.0979846937928142,1.0985737479256854,1,2,0.646875
1,3.250220197213949e-07,3,model.20.m.1,0.9999997896237582,0.999999268309788,1.0986120575461853,1.0986114848242514,1,2,0.290625
1,7.742861397124718e-09,4,model.23.m.0,0.9999999792505943,0.9999999532213059,1.0986122658725577,1.0986122372764615,1,2,1.0
0,5.1331949613901104e-09,5,model.23.m.1,1.000000002265272,0.9999999899572556,1.0986122911567653,1.0986122776350273,1,2,0.0
1,8.861878751276913e-07,0,model.14.m.0,0.9999853657309923,0.9999938005311937,1.0985962112803422,1.098605477855496,1,2,0.281875
0,3.747373541232587e-06,1,model.14.m.1,0.9999996185064257,0.9999932971421102,1.098611869554581,1.0986049248260628,1,2,0.40125
1,0.00013104276583204372,2,model.20.m.0,0.9993507448940648,0.9999467000656163,1.097899009030249,1.0985537327052106,1,2,0.63375
1,2.8423485885859727e-07,3,model.20.m.1,0.9999997967339826,0.9999993138325638,1.0986120653575653,1.0986115348361323,1,2,0.293125
1,7.696532187551163e-09,4,model.23.m.0,0.9999999819307874,0.9999999506930184,1.0986122688170508,1.0986122344988538,1,2,1.0
0,5.135634221972233e-09,5,model.23.m.1,0.9999999995911452,0.9999999899517384,1.0986122882189369,1.0986122776289662,1,2,0.0
1,1.5611150668686793e-06,0,model.14.m.0,0.9999915861198989,0.9999932568111431,1.0986030450760353,1.098604880517967,1,2,0.219375
0,4.28321778594001e-06,1,model.14.m.1,0.999997108686066,0.9999935599255343,1.0986091122350914,1.0986052135231619,1,2,0.376875
1,5.8339677889736124e-05,2,model.20.m.0,0.9996592202985682,0.9999256878531372,1.0982379039003882,1.098530648430369,1,2,0.67125
1,3.249959235125015e-07,3,model.20.m.1,0.9999997778081198,0.9999993295604646,1.0986120445653798,1.0986115521149973,1,2,0.2725
1,7.760642118057451e-09,4,model.23.m.0,0.9999999762192826,0.999999955913113,1.0986122625423214,1.098612240233714,1,2,1.0
0,5.1100949207541894e-09,5,model.23.m.1,1.0000000049404392,0.9999999952971693,1.098612294095737,1.0986122835015222,1,2,0.0
1,3.386000678191306e-06,0,model.14.m.0,0.9999872041402454,0.9999947045482793,1.0985982309793394,1.0986064710197754,1,2,0.2125
0,4.546683368891104e-06,1,model.14.m.1,0.9999971278872897,0.9999951525730072,1.0986091333297918,1.098606963225247,1,2,0.4675
0,9.328926241876411e-05,2,model.20.m.0,0.9995880118820596,0.9999744065063625,1.0981596734589552,1.0985841713414897,1,2,0.6225
1,3.077635008455227e-07,3,model.20.m.1,0.9999997666516979,0.9999993151505961,1.0986120323087976,1.0986115362841389,1,2,0.3075
1,7.693588187642762e-09,4,model.23.m.0,0.9999999762945544,0.9999999475550105,1.0986122626250159,1.0986122310514,1,2,1.0
0,5.092875749840841e-09,5,model.23.m.1,1.0000000022810176,0.9999999952884954,1.0986122911740637,1.098612283491993,1,2,0.0
1,8.561752655255559e-07,0,model.14.m.0,0.999989397650574,0.9999953094407517,1.0986006407967417,1.0986071355620788,1,2,0.23875
0,4.436453772170036e-06,1,model.14.m.1,0.9999986308372837,0.9999934631851012,1.0986107844891244,1.0986051072429333,1,2,0.371875
0,0.00015043491262465197,2,model.20.m.0,0.9994841425642863,0.9999770725170741,1.098045561350034,1.0985871002536192,1,2,0.6825
0,3.918569220211926e-07,3,model.20.m.1,0.999999773135305,0.9999992775645481,1.098612039431768,1.0986114949916446,1,2,0.2425
1,7.772776362341935e-09,4,model.23.m.0,0.9999999761624093,0.999999950458567,1.0986122624798398,1.0986122342412827,1,2,1.0
0,5.1291582767555845e-09,5,model.23.m.1,1.000000004945348,0.9999999899474064,1.0986122941011298,1.0986122776242069,1,2,0.0
1,1.7230907234912503e-06,0,model.14.m.0,0.9999852960398888,0.999996623318945,1.0985961347168396,1.098608579004808,1,2,0.254375
0,4.245331063071367e-06,1,model.14.m.1,0.9999989100389389,0.9999931466448223,1.0986110912234939,1.098604759487893,1,2,0.46625
1,0.00010099343487216753,2,model.20.m.0,0.9995101899257616,0.9999605890988684,1.098074177301438,1.0985689913678192,1,2,0.659375
1,3.3002709451520826e-07,3,model.20.m.1,0.9999997923649573,0.9999993061091944,1.0986120605577003,1.0986115263511438,1,2,0.245625
1,7.652601364148415e-09,4,model.23.m.0,0.9999999815194764,0.9999999509129112,1.0986122683651796,1.0986122347404308,1,2,1.0
0,5.107243292586649e-09,5,model.23.m.1,0.9999999996045332,0.9999999926130251,1.098612288233645,1.0986122805526883,1,2,0.0
1,1.2133974550782928e-06,0,model.14.m.0,0.9999822020453812,0.9999917556025535,1.0985927356164524,1.0986032312717624,1,2,0.23625
0,3.2234577700868307e-06,1,model.14.m.1,0.9999993329605593,0.9999942684212019,1.0986115558503833,1.0986059918852087,1,2,0.46125
1,0.00016925525636343405,2,model.20.m.0,0.9991822706486244,0.9999373924235835,1.097713921153884,1.098543507215295,1,2,0.631875
1,2.822591389457026e-07,3,model.20.m.1,0.9999997660692409,0.9999993123828433,1.0986120316689032,1.0986115332434516,1,2,0.274375
1,7.689802528277305e-09,4,model.23.m.0,0.999999976496686,0.9999999534566363,1.0986122628470802,1.0986122375349985,1,2,1.0
0,5.142957318580988e-09,5,model.23.m.1,1.0000000022624052,0.9999999926130251,1.0986122911536158,1.0986122805526883,1,2,0.0
1,6.550315325529796e-07,0,model.14.m.0,0.9999784961177158,0.9999872653166557,1.0985886642387783,1.0985982981884954,1,2,0.34
0,3.526950843740278e-06,1,model.14.m.1,0.9999994918094729,0.99999352709272,1.0986117303637517,1.0986051774526286,1,2,0.42375
1,0.0001018042632707826,2,model.20.m.0,0.9995266507306648,0.9999664955092306,1.098092261343986,1.098575480222825,1,2,0.669375
0,3.985427694127398e-07,3,model.20.m.1,0.9999997865716413,0.9999992253622239,1.0986120541930922,1.0986114376415297,1,2,0.24875
1,7.698963781260938e-09,4,model.23.m.0,0.999999973672853,0.9999999506387922,1.0986122597447825,1.0986122344392804,1,2,1.0
0,5.130163781971079e-09,5,model.23.m.1,1.0000000022606395,0.9999999926370604,1.098612291151676,1.0986122805790939,1,2,0.0
1,4.8539649673178865e-06,0,model.14.m.0,0.9999746495212051,0.9999923783813314,1.098584438320582,1.098603915464181,1,2,0.236875
0,3.4851224208457974e-06,1,model.14.m.1,0.9999992826295284,0.9999943966161369,1.0986115005560941,1.0986061327217396,1,2,0.2475
1,0.0003948684957010935,2,model.20.m.0,0.9984759343499954,0.9999409739715787,1.0969379314162777,1.0985474419479349,1,2,0.58
0,4.136706475830923e-07,3,model.20.m.1,0.9999997919106285,0.9999992509802382,1.0986120600585692,1.098611465785795,1,2,0.285
1,7.780718013155154e-09,4,model.23.m.0,0.9999999742402751,0.99999995038184,1.0986122603681594,1.0986122341569895,1,2,1.0
0,5.1410506899208315e-09,5,model.23.m.1,0.99999999958749,0.9999999926598625,1.0986122882149212,1.0986122806041445,1,2,0.0
1,3.118425747682375e-07,0,model.14.m.0,0.9999827436255926,0.999983599171131,1.098593330603128,1.09859427051597,1,2,0.245
0,2.205840647129229e-06,1,model.14.m.1,0.9999998115310451,0.9999961445812616,1.0986120816137999,1.0986080530577058,1,2,0.246875
1,0.0004882424372813208,2,model.20.m.0,0.9981035898382932,0.9999261854740615,1.0965288691601036,1.0985311951228316,1,2,0.6125
1,3.897391389128484e-07,3,model.20.m.1,0.9999997920020222,0.9999991799063858,1.0986120601589753,1.0986113877031873,1,2,0.27375
1,7.790336674874606e-09,4,model.23.m.0,0.9999999744605024,0.9999999527498651,1.0986122606101039,1.098612236758531,1,2,1.0
0,5.128626760192204e-09,5,model.23.m.1,0.9999999942446015,0.9999999899714274,1.0986122823451583,1.0986122776505967,1,2,0.0
0,6.886837748879438e-06,0,model.14.m.0,0.9999844198987748,0.9999811030353738,1.0985951721774452,1.098591528230553,1,2,0.388125
0,2.654345879065615e-06,1,model.14.m.1,0.9999996017264641,0.9999961536845167,1.098611851119909,1.0986080630586537,1,2,0.2675
1,0.000429867576590462,2,model.20.m.0,0.9978831554148311,0.999832615357382,1.0962866971936427,1.0984283978427953,1,2,0.68625
0,5.079563080665763e-07,3,model.20.m.1,0.9999997822253351,0.9999992409217059,1.0986120494181868,1.0986114547353678,1,2,0.265
1,7.829784873329716e-09,4,model.23.m.0,0.9999999823130826,0.9999999502903907,1.098612269237045,1.098612234056522,1,2,1.0
0,5.094563940973173e-09,5,model.23.m.1,0.9999999996107664,0.9999999899800673,1.098612288240493,1.0986122776600886,1,2,0.0
1,4.011157093287e-07,0,model.14.m.0,0.9999859166663558,0.9999908180829945,1.0985968165447029,1.098602201301254,1,2,0.384375
0,3.1560141861394677e-06,1,model.14.m.1,0.9999997384481703,0.9999945520076594,1.0986120013240555,1.098606303436776,1,2,0.2725
1,0.00038424405286640456,2,model.20.m.0,0.9985208459839074,0.9999430429219581,1.0969872718891978,1.0985497149222463,1,2,0.6575
1,3.578144669921237e-07,3,model.20.m.1,0.9999998074737203,0.9999992241301321,1.098612077156373,1.0986114362879384,1,2,0.32875
1,7.721037562367536e-09,4,model.23.m.0,0.9999999769929455,0.9999999530167871,1.098612263392277,1.0986122370517748,1,2,1.0
0,5.136787809545701e-09,5,model.23.m.1,0.9999999969207146,0.9999999952971693,1.098612285285169,1.0986122835015222,1,2,0.0
1,6.379982380050206e-07,0,model.14.m.0,0.9999770553942199,0.9999866263805564,1.0985870814422412,1.098597596245445,1,2,0.430625
0,2.3079624687683702e-06,1,model.14.m.1,0.9999993182605978,0.9999973641154325,1.098611539700825,1.0986093928529324,1,2,0.195625
1,0.0005422842067960279,2,model.20.m.0,0.9980814607982176,0.9999476606579347,1.09650455792474,1.098554788023736,1,2,0.6375
1,3.389151418926948e-07,3,model.20.m.1,0.9999997959603367,0.999999267566345,1.0986120645076283,1.0986114840074959,1,2,0.276875
1,7.79524770145421e-09,4,model.23.m.0,0.9999999794588387,0.9999999504833078,1.0986122661013376,1.0986122342684632,1,2,1.0
0,5.163302877643489e-09,5,model.23.m.1,0.9999999995754407,0.9999999926500278,1.0986122882016838,1.09861228059334,1,2,0.0
1,9.261518761992149e-06,0,model.14.m.0,0.9999839781647072,0.999965467111343,1.0985946868829701,1.098574350412268,1,2,0.310625
0,2.352771210316102e-06,1,model.14.m.1,0.9999988672582718,0.9999973918236916,1.0986110442241273,1.0986094232935664,1,2,0.316875
1,0.0004360805898165291,2,model.20.m.0,0.9981919381101396,0.9999129039513435,1.0966259296572367,1.0985166038787613,1,2,0.7425
1,3.366859536878719e-07,3,model.20.m.1,0.9999997882722206,0.9999991803561135,1.0986120560613695,1.0986113881972637,1,2,0.31875
1,7.861779465242918e-09,4,model.23.m.0,0.9999999793415936,0.9999999474484548,1.0986122659725306,1.0986122309343365,1,2,1.0
0,5.14456581696576e-09,5,model.23.m.1,0.9999999995851643,0.9999999899517384,1.0986122882123661,1.0986122776289662,1,2,0.0
1,7.77755634683632e-07,0,model.14.m.0,0.9999745226925731,0.9999865672556998,1.0985842989850885,1.098597531290151,1,2,0.315625
0,2.610715438794664e-06,1,model.14.m.1,0.9999982713410123,0.9999983739163153,1.0986103895421029,1.0986105022325914,1,2,0.19125
1,0.0006522081403372215,2,model.20.m.0,0.9977337135487896,0.999946027106293,1.096122518523168,1.0985529933838283,1,2,0.603125
0,4.291839070700795e-07,3,model.20.m.1,0.9999998201695752,0.9999992150601055,1.0986120911041952,1.0986114263234958,1,2,0.225625
1,7.74809768858636e-09,4,model.23.m.0,0.9999999817212604,0.9999999529446081,1.0986122685868618,1.098612236972478,1,2,1.0
0,5.1211082852240295e-09,5,model.23.m.1,0.999999996929133,0.9999999926500278,1.0986122852944176,1.09861228059334,1,2,0.0
1,4.011157093287e-07,0,model.14.m.0,0.9999859166663558,0.9999908180829945,1.0985968165447029,1.098602201301254,1,2,0.384375
0,3.1560141861394677e-06,1,model.14.m.1,0.9999997384481703,0.9999945520076594,1.0986120013240555,1.098606303436776,1,2,0.2725
1,0.00038424405286640456,2,model.20.m.0,0.9985208459839074,0.9999430429219581,1.0969872718891978,1.0985497149222463,1,2,0.6575
1,3.578144669921237e-07,3,model.20.m.1,0.9999998074737203,0.9999992241301321,1.098612077156373,1.0986114362879384,1,2,0.32875
1,7.721037562367536e-09,4,model.23.m.0,0.9999999769929455,0.9999999530167871,1.098612263392277,1.0986122370517748,1,2,1.0
0,5.136787809545701e-09,5,model.23.m.1,0.9999999969207146,0.9999999952971693,1.098612285285169,1.0986122835015222,1,2,0.0
1,6.853059124705847e-07,0,model.14.m.0,0.9999718033211964,0.9999837170551611,1.0985813114502765,1.098594400024814,1,2,0.351875
0,2.5710851326735908e-06,1,model.14.m.1,0.9999994635623887,0.9999957392977183,1.0986116993311579,1.0986076078082248,1,2,0.184375
1,0.00044393069002694133,2,model.20.m.0,0.9980258569459497,0.9998815277982496,1.0964434708493414,1.0984821336514012,1,2,0.66375
1,3.5660068675987607e-07,3,model.20.m.1,0.9999997880234521,0.9999991872371999,1.0986120557880694,1.09861139575691,1,2,0.264375
1,7.871900162610514e-09,4,model.23.m.0,0.9999999741734221,0.999999949995933,1.098612260294714,1.0986122337330273,1,2,1.0
0,5.18209092679339e-09,5,model.23.m.1,1.0000000022416924,0.9999999899462163,1.0986122911308607,1.0986122776228995,1,2,0.0
1,5.001075090389285e-06,0,model.14.m.0,0.9999687127991899,0.9999745123473732,1.0985779161648217,1.0985842876197247,1,2,0.273125
0,2.178631089587969e-06,1,model.14.m.1,0.9999988835605301,0.9999970911558067,1.0986110621339886,1.0986090929761332,1,2,0.14
1,0.000520304918853725,2,model.20.m.0,0.99787219027687,0.9999027359048732,1.0962746507583316,1.0985054331379573,1,2,0.764375
1,4.0631530762494893e-07,3,model.20.m.1,0.9999997863918632,0.9999991785367093,1.0986120539955857,1.098611386198444,1,2,0.26875
1,7.933392900721457e-09,4,model.23.m.0,0.9999999740045497,0.9999999525364737,1.0986122601091886,1.0986122365240965,1,2,1.0
0,5.167379879650394e-09,5,model.23.m.1,0.9999999995707818,0.9999999953113458,1.0986122881965654,1.0986122835170966,1,2,0.0
1,2.0552895404683086e-06,0,model.14.m.0,0.9999666750702243,0.9999822759709589,1.0985756774907391,1.0985928168320005,1,2,0.34625
0,2.424503730052573e-06,1,model.14.m.1,0.9999981814331216,0.9999982816453874,1.0986102907681894,1.098610400862616,1,2,0.13875
1,0.0006618344876071327,2,model.20.m.0,0.9976412407876425,0.9999373581810269,1.0960209268114047,1.0985434695960015,1,2,0.65625
1,3.851282434149555e-07,3,model.20.m.1,0.9999998139926308,0.9999991761891864,1.0986120843181282,1.0986113836194265,1,2,0.254375
1,7.875594705021461e-09,4,model.23.m.0,0.9999999765064069,0.9999999498025658,1.0986122628577597,1.0986122335205917,1,2,1.0
0,5.126506624378027e-09,5,model.23.m.1,1.0000000022754727,0.99999999264571,1.098612291167972,1.0986122805885965,1,2,0.0
1,7.610152558183307e-06,0,model.14.m.0,0.9999906230587708,0.9999886855197948,1.0986019870452453,1.0985998584411165,1,2,0.263125
0,2.9049260496895253e-06,1,model.14.m.1,0.9999990555692679,0.9999968970661149,1.0986112511049018,1.0986088797468128,1,2,0.199375
1,0.0004236152716995444,2,model.20.m.0,0.9981226662367839,0.9998889798848567,1.096549826725909,1.098490320605324,1,2,0.660625
0,4.066432661860276e-07,3,model.20.m.1,0.9999998156322553,0.9999992670116626,1.0986120861194397,1.0986114833981149,1,2,0.254375
1,7.745354135335465e-09,4,model.23.m.0,0.9999999763812063,0.9999999533957475,1.0986122627202128,1.0986122374681053,1,2,1.0
0,5.118299551648583e-09,5,model.23.m.1,0.9999999996121731,0.999999992617362,1.0986122882420384,1.098612280557453,1,2,0.0
1,7.676699612416962e-06,0,model.14.m.0,0.9999909495622764,0.9999871934214458,1.0986023457460088,1.0985982192035344,1,2,0.27125
0,3.16715406576109e-06,1,model.14.m.1,0.9999988916611147,0.9999968184985865,1.0986110710333903,1.0986087934315605,1,2,0.296875
1,0.00042189529076312607,2,model.20.m.0,0.9981294353765373,0.999889268969015,1.0965572633860259,1.0984906381967328,1,2,0.739375
0,4.2679934992315236e-07,3,model.20.m.1,0.9999998055542203,0.9999992817806005,1.0986120750475867,1.0986114996234515,1,2,0.255625
1,7.738912240245926e-09,4,model.23.m.0,0.9999999736047213,0.9999999530501674,1.0986122596699321,1.0986122370884468,1,2,1.0
0,5.085183767194478e-09,5,model.23.m.1,0.9999999996184791,0.9999999926500278,1.0986122882489662,1.09861228059334,1,2,0.0
1,9.335895247509945e-06,0,model.14.m.0,0.99998996290439,0.9999803968316564,1.0986012617915302,1.0985907523864706,1,2,0.22
0,3.096862057590214e-06,1,model.14.m.1,0.9999985772852584,0.9999967791216016,1.0986107256562114,1.098608750171521,1,2,0.27125
1,0.0005049469735763645,2,model.20.m.0,0.9976896628692764,0.9998506054429099,1.0960741239053307,1.0984481619718305,1,2,0.7275
0,4.7437540687855274e-07,3,model.20.m.1,0.9999998017950115,0.9999992382471449,1.0986120709176737,1.0986114517970622,1,2,0.2675
1,7.83986530399762e-09,4,model.23.m.0,0.9999999763844712,0.9999999475025987,1.0986122627237997,1.0986122309938195,1,2,1.0
0,5.104081473514334e-09,5,model.23.m.1,0.9999999996105093,0.99999999264571,1.0986122882402105,1.0986122805885965,1,2,0.0
1,4.65841568744369e-06,0,model.14.m.0,0.9999918377663236,0.9999838186957113,1.0986033215378899,1.0985945116883715,1,2,0.314375
0,3.2269818076765705e-06,1,model.14.m.1,0.9999988111944631,0.9999967791586548,1.098610982631738,1.0986087502122281,1,2,0.27125
1,0.0004588751257241738,2,model.20.m.0,0.9981365140868711,0.9999157875726178,1.0965650401441864,1.098519771860529,1,2,0.718125
0,4.2930330055145484e-07,3,model.20.m.1,0.9999998149938257,0.999999268932962,1.0986120854180532,1.098611485508878,1,2,0.311875
1,7.763496690574832e-09,4,model.23.m.0,0.9999999764975246,0.9999999529658652,1.0986122628480015,1.0986122369958313,1,2,1.0
0,5.079115372645272e-09,5,model.23.m.1,0.9999999969508643,0.9999999899702301,1.0986122853182918,1.0986122776492813,1,2,0.0
1,7.009385831231046e-06,0,model.14.m.0,0.9999628213363704,0.9999949266233333,1.09857144373137,1.0986067149941587,1,2,0.191875
1,2.565370199643889e-06,1,model.14.m.1,0.9999997648413048,0.999992546905089,1.0986120303198774,1.098604100606452,1,2,0.221875
1,0.00030695004604425896,2,model.20.m.0,0.998579232485511,0.9999040011035744,1.0970514160173517,1.098506823100798,1,2,0.800625
0,5.433185156201542e-07,3,model.20.m.1,0.9999997450326699,0.9999991191457964,1.0986120085578677,1.0986113209508572,1,2,0.199375
1,7.974990952232832e-09,4,model.23.m.0,0.9999999738827109,0.9999999498239102,1.098612259975335,1.098612233544041,1,2,1.0
0,5.217595571802244e-09,5,model.23.m.1,0.9999999968790757,0.9999999899517384,1.098612285239424,1.0986122776289662,1,2,0.0
1,7.146064817038105e-06,0,model.14.m.0,0.9999529374612512,0.9999930129204305,1.0985605851847045,1.0986046125766329,1,2,0.26625
1,2.7835670343847414e-06,1,model.14.m.1,0.9999996095897365,0.9999909704807664,1.0986118597585968,1.098602368727319,1,2,0.1725
1,0.0003878259025573258,2,model.20.m.0,0.9986006957911737,0.9999562386196565,1.0970749958687083,1.0985642118778953,1,2,0.71125
0,4.167498371360716e-07,3,model.20.m.1,0.9999997766738526,0.9999990854642944,1.0986120433192599,1.0986112839479452,1,2,0.228125
1,7.83216713859583e-09,4,model.23.m.0,0.9999999818744041,0.9999999498113925,1.0986122687551074,1.0986122335302888,1,2,1.0
0,5.229381370145913e-09,5,model.23.m.1,0.9999999995427442,0.9999999953113458,1.098612288165763,1.0986122835170966,1,2,0.0
1,7.46872282164728e-06,0,model.14.m.0,0.9999638998789977,0.9999931395602155,1.0985726286315542,1.0986047517046569,1,2,0.33625
0,3.7044140684123605e-06,1,model.14.m.1,0.9999999087678729,0.9999917683325533,1.0986121884393738,1.0986032452570966,1,2,0.25375
1,0.0002904259967522458,2,model.20.m.0,0.9985762940414992,0.9998876623403552,1.0970481878066507,1.0984888731347437,1,2,0.671875
0,5.025575610851545e-07,3,model.20.m.1,0.9999997556737753,0.9999991937031242,1.098612020248317,1.0986114028604537,1,2,0.2
1,7.828216198545818e-09,4,model.23.m.0,0.9999999738535909,0.9999999524826477,1.0986122599433434,1.0986122364649626,1,2,1.0
0,5.1832448461344165e-09,5,model.23.m.1,1.0000000022506612,0.9999999953113458,1.098612291140714,1.0986122835170966,1,2,0.0
1,7.0560248358796855e-06,0,model.14.m.0,0.9999530627127895,0.9999929920394868,1.0985607227875835,1.0986045896365715,1,2,0.27625
1,4.9263806487555035e-06,1,model.14.m.1,0.9999995741932536,0.9999876312796553,1.0986118208715856,1.098598700239944,1,2,0.180625
1,0.00030915624381996,2,model.20.m.0,0.9986346715384916,0.9999181986573632,1.0971123220422283,1.0985224207078594,1,2,0.61125
0,5.364162980799753e-07,3,model.20.m.1,0.9999997514584187,0.9999990866729255,1.0986120156172743,1.0986112852757621,1,2,0.194375
1,8.00872225308185e-09,4,model.23.m.0,0.999999982054502,0.9999999496082211,1.0986122689529652,1.0986122333070822,1,2,1.0
0,5.1781213613935e-09,5,model.23.m.1,0.9999999995817295,0.9999999952971693,1.0986122882085927,1.0986122835015222,1,2,0.0
1,5.828050642530682e-06,0,model.14.m.0,0.9999618088831395,0.9999943338834325,1.0985703314378088,1.0986060638028197,1,2,0.25875
0,3.875112246025164e-06,1,model.14.m.1,0.9999996955638422,0.999992567437653,1.0986119542108057,1.098604123163779,1,2,0.1925
1,0.00032147106394992157,2,model.20.m.0,0.9988554470421003,0.9999625068716018,1.0973548687235297,1.098571098256511,1,2,0.666875
0,4.6126016322579585e-07,3,model.20.m.1,0.9999997649348181,0.9999990962497879,1.0986120304226124,1.0986112957970209,1,2,0.19875
1,7.99550939589418e-09,4,model.23.m.0,0.9999999767094337,0.99999994962753,1.0986122630808075,1.0986122333282953,1,2,1.0
0,5.210485436231488e-09,5,model.23.m.1,1.0000000022284643,0.9999999953113458,1.098612291116328,1.0986122835170966,1,2,0.0
1,2.719763874205533e-06,0,model.14.m.0,0.9999640784234607,0.9999886210363665,1.0985728247826954,1.0985997875988298,1,2,0.29
0,4.409077458650582e-06,1,model.14.m.1,0.9999998542656683,0.9999911307493223,1.098612128562582,1.098602544800324,1,2,0.166875
1,0.00045779149450670764,2,model.20.m.0,0.9983481097551806,0.9999490308916278,1.0967975017456202,1.0985562933793096,1,2,0.663125
1,3.882268712870939e-07,3,model.20.m.1,0.9999997768477937,0.9999991072342337,1.0986120435103537,1.098611307864668,1,2,0.270625
1,7.978726876108498e-09,4,model.23.m.0,0.9999999795521655,0.9999999468951837,1.0986122662038675,1.098612230326506,1,2,1.0
0,5.232659451303772e-09,5,model.23.m.1,0.9999999995427442,0.9999999926272136,1.098612288165763,1.098612280568276,1,2,0.0
1,6.011414220607366e-06,0,model.14.m.0,0.9999627621989415,0.9999930489933867,1.098571378762264,1.0986046522068258,1,2,0.37875
0,2.825695470822832e-06,1,model.14.m.1,0.9999999115950807,0.9999940931865908,1.098612191545379,1.0986057993703116,1,2,0.248125
1,0.0003083772666168964,2,model.20.m.0,0.9986020824714887,0.9999104309523213,1.0970765192927427,1.0985138870116458,1,2,0.564375
0,4.114113869697981e-07,3,model.20.m.1,0.9999997746198946,0.9999990962658877,1.0986120410627565,1.0986112958147083,1,2,0.21625
1,8.01551979934842e-09,4,model.23.m.0,0.9999999737389205,0.999999946901081,1.098612259817365,1.0986122303329848,1,2,1.0
0,5.194368004103317e-09,5,model.23.m.1,0.99999999955881,0.99999999264571,1.098612288183413,1.0986122805885965,1,2,0.0
1,1.2087215193714934e-05,0,model.14.m.0,0.9999522405026081,0.9999891425664044,1.0985598194973745,1.0986003605581383,1,2,0.31
0,4.529809595863463e-06,1,model.14.m.1,0.9999997833611703,0.999990726945575,1.0986120506660293,1.098602101176565,1,2,0.261875
1,0.00028840575216496165,2,model.20.m.0,0.9987153476910149,0.9999209720581962,1.0972009538547929,1.098525467600096,1,2,0.606875
0,4.226073371600323e-07,3,model.20.m.1,0.999999783587861,0.9999991414759616,1.0986120509150745,1.098611345483051,1,2,0.2175
1,7.881393832002466e-09,4,model.23.m.0,0.9999999767094337,0.9999999524210331,1.0986122630808075,1.0986122363972721,1,2,1.0
0,5.187016096396463e-09,5,model.23.m.1,1.0000000049190108,0.9999999953113458,1.0986122940721954,1.0986122835170966,1,2,0.0
1,2.035019247892861e-06,0,model.14.m.0,0.9999777797651032,0.9999883974116415,1.098587877244995,1.0985995419219587,1,3,0.275
0,5.831993816932373e-06,1,model.14.m.1,0.999999357958233,0.9999893295298077,1.0986115833131347,1.0986005659584306,1,3,0.3675
1,0.0002226618825060733,2,model.20.m.0,0.9995741712007342,0.9999297272817863,1.0981444679163677,1.0985350861963221,1,3,0.3025
0,9.797790232857044e-07,3,model.20.m.1,0.9999997863075811,0.9999972015141334,1.0986120539029924,1.098609214217147,1,3,0.475
1,7.649654492543367e-09,4,model.23.m.0,0.9999999764478437,0.9999999997038881,1.0986122627934214,1.0986122883427976,1,3,0.67
0,2.149753758003756e-10,5,model.23.m.1,1.0000000022864601,0.9999999998121774,1.0986122911800429,1.0986122884617655,1,3,0.0
0,4.987768133215425e-06,0,model.14.m.0,0.9999865914946896,0.9999962440230049,1.0985975579194032,1.098608162305627,1,3,0.400625
0,6.4015574316967304e-06,1,model.14.m.1,0.9999997431966715,0.999986794071336,1.0986120065408174,1.0985977804725962,1,3,0.344375
1,0.00018431790294500938,2,model.20.m.0,0.9994287385260759,0.9998751906881167,1.0979846937928142,1.0984751716243346,1,3,0.464375
0,1.7111911188736543e-06,3,model.20.m.1,0.9999997896237582,0.9999948229321916,1.0986120575461853,1.0986066010777962,1,3,0.488125
1,7.211115575059447e-09,4,model.23.m.0,0.9999999792505943,0.9999999996164476,1.0986122658725577,1.0986122882467344,1,3,0.6725
0,2.2050369343830186e-10,5,model.23.m.1,1.000000002265272,1.0000000024888118,1.0986122911567653,1.098612291402349,1,3,0.0
1,4.851704453496294e-06,0,model.14.m.0,0.9999853657309923,0.9999898728014459,1.0985962112803422,1.0986011628033285,1,3,0.28875
0,4.791320899666352e-06,1,model.14.m.1,0.9999996185064257,0.9999897985231558,1.098611869554581,1.0986010812002862,1,3,0.401875
1,0.0001830084249000775,2,model.20.m.0,0.9993507448940648,0.9998451459419169,1.097899009030249,1.0984421640969495,1,3,0.4275
0,1.3140795268337213e-06,3,model.20.m.1,0.9999997967339826,0.9999962909639606,1.0986120653575653,1.0986082138755378,1,3,0.453125
1,7.3117185200946035e-09,4,model.23.m.0,0.9999999819307874,0.9999999996404607,1.0986122688170508,1.0986122882731155,1,3,0.695
0,2.2052296919809945e-10,5,model.23.m.1,0.9999999995911452,0.9999999998121774,1.0986122882189369,1.0986122884617655,1,3,0.0
0,1.3213699966377595e-05,0,model.14.m.0,0.9999915861198989,0.9999582761590303,1.0986030450760353,1.09856645034369,1,3,0.26625
0,7.713922090763349e-06,1,model.14.m.1,0.999997108686066,0.9999904367464464,1.0986091122350914,1.098601782360236,1,3,0.31375
1,0.00018077944375512195,2,model.20.m.0,0.9996592202985682,0.9998306265157237,1.0982379039003882,1.0984262128769093,1,3,0.40625
0,9.054962269382623e-07,3,model.20.m.1,0.9999997778081198,0.9999973227240454,1.0986120445653798,1.098609347379846,1,3,0.494375
1,7.49786732885072e-09,4,model.23.m.0,0.9999999762192826,0.9999999996524103,1.0986122625423214,1.0986122882862435,1,3,0.7475
0,2.2325797879357487e-10,5,model.23.m.1,1.0000000049404392,0.999999999819126,1.098612294095737,1.0986122884693994,1,3,0.0
0,5.165912662592699e-06,0,model.14.m.0,0.9999872041402454,0.9999603743603499,1.0985982309793394,1.0985687554534438,1,3,0.305625
0,5.5889849838283885e-06,1,model.14.m.1,0.9999971278872897,0.9999921987355651,1.0986091333297918,1.0986037181031345,1,3,0.194375
1,0.0001843450132290209,2,model.20.m.0,0.9995880118820596,0.9998394873745486,1.0981596734589552,1.0984359475253025,1,3,0.45
0,9.423323568552724e-07,3,model.20.m.1,0.9999997666516979,0.999997433106409,1.0986120323087976,1.098609468647267,1,3,0.35
1,7.942822028973685e-09,4,model.23.m.0,0.9999999762945544,1.000000002425826,1.0986122626250159,1.098612291333152,1,3,0.5925
0,2.1616899016013507e-10,5,model.23.m.1,1.0000000022810176,1.0000000051700475,1.0986122911740637,1.0986122943479875,1,3,0.0
0,9.593366471722314e-06,0,model.14.m.0,0.999989397650574,0.9999972310477656,1.0986006407967417,1.0986092466631583,1,3,0.355
0,1.0402619992670118e-05,1,model.14.m.1,0.9999986308372837,0.9999828999499132,1.0986107844891244,1.0985935023429476,1,3,0.258125
1,0.0001822089449773378,2,model.20.m.0,0.9994841425642863,0.9998207528592012,1.098045561350034,1.0984153655565196,1,3,0.478125
1,5.046815176926699e-07,3,model.20.m.1,0.999999773135305,0.9999979337706264,1.098612039431768,1.0986100186831287,1,3,0.43375
1,7.881747063389748e-09,4,model.23.m.0,0.9999999761624093,1.0000000024131948,1.0986122624798398,1.0986122913192753,1,3,0.635
0,2.1785466240664033e-10,5,model.23.m.1,1.000000004945348,1.0000000024911329,1.0986122941011298,1.098612291404899,1,3,0.0
1,5.405328776214959e-06,0,model.14.m.0,0.9999852960398888,0.9999931260578077,1.0985961347168396,1.0986047368707457,1,3,0.380625
0,6.547113660181395e-06,1,model.14.m.1,0.9999989100389389,0.9999888856403096,1.0986110912234939,1.0986000782959733,1,3,0.184375
1,0.00021011969662133043,2,model.20.m.0,0.9995101899257616,0.9999082883770896,1.098074177301438,1.0985115331521667,1,3,0.41375
0,1.148305058937878e-06,3,model.20.m.1,0.9999997923649573,0.9999964501496434,1.0986120605577003,1.0986083887588851,1,3,0.395
1,7.148448289205731e-09,4,model.23.m.0,0.9999999815194764,1.0000000075746702,1.0986122683651796,1.0986122969897356,1,3,0.6625
0,2.166952005423691e-10,5,model.23.m.1,0.9999999996045332,0.9999999998145082,1.098612288233645,1.0986122884643261,1,3,0.0
0,1.1017158416829615e-05,0,model.14.m.0,0.9999822020453812,0.9999900301396032,1.0985927356164524,1.0986013356569615,1,3,0.331875
0,6.453413302274092e-06,1,model.14.m.1,0.9999993329605593,0.9999882986004853,1.0986115558503833,1.0985994333668083,1,3,0.364375
1,0.0002481384336619778,2,model.20.m.0,0.9991822706486244,0.9998946844059347,1.097713921153884,1.0984965876622812,1,3,0.415
0,1.6330826226061202e-06,3,model.20.m.1,0.9999997660692409,0.999995527704165,1.0986120316689032,1.098607375348947,1,3,0.500625
1,6.976012588625125e-09,4,model.23.m.0,0.999999976496686,1.000000002208535,1.0986122628470802,1.0986122910944334,1,3,0.735
0,2.221008765267725e-10,5,model.23.m.1,1.0000000022624052,1.0000000024888118,1.0986122911536158,1.098612291402349,1,3,0.0
0,1.2891690870426849e-05,0,model.14.m.0,0.9999784961177158,0.9999744122316181,1.0985886642387783,1.0985841776313259,1,3,0.34625
0,5.590767874618253e-06,1,model.14.m.1,0.9999994918094729,0.9999894830610228,1.0986117303637517,1.0986007346297102,1,3,0.29625
1,0.00017883715976550318,2,model.20.m.0,0.9995266507306648,0.999765511580666,1.098092261343986,1.098354676809079,1,3,0.4275
1,6.494881189851592e-07,3,model.20.m.1,0.9999997865716413,0.9999976668648697,1.0986120541930922,1.0986097254571845,1,3,0.475625
1,7.196880504847965e-09,4,model.23.m.0,0.999999973672853,0.9999999969171095,1.0986122597447825,1.0986122852812084,1,3,0.76
0,2.2428007403703148e-10,5,model.23.m.1,1.0000000022606395,0.9999999998121774,1.098612291151676,1.0986122884617655,1,3,0.0
0,7.642801706964411e-06,0,model.14.m.0,0.9999746495212051,0.9999932433159047,1.098584438320582,1.098604865691932,1,3,0.218125
1,4.663247867018434e-06,1,model.14.m.1,0.9999992826295284,0.9999848723488476,1.0986115005560941,1.098595669244655,1,3,0.358125
1,0.00022786120426777787,2,model.20.m.0,0.9984759343499954,0.9996822873928367,1.0969379314162777,1.0982632456936154,1,3,0.510625
1,2.0275767902086256e-06,3,model.20.m.1,0.9999997919106285,0.9999935211307374,1.0986120600585692,1.0986051709027211,1,3,0.41875
1,7.1720357304270045e-09,4,model.23.m.0,0.9999999742402751,1.0000000023089244,1.0986122603681594,1.0986122912047225,1,3,0.6925
0,2.196551928154605e-10,5,model.23.m.1,0.99999999958749,0.9999999998121774,1.0986122882149212,1.0986122884617655,1,3,0.0
0,1.324855495466918e-05,0,model.14.m.0,0.9999827436255926,0.9999853793876384,1.098593330603128,1.0985962262837015,1,3,0.215
0,8.52717682353648e-06,1,model.14.m.1,0.9999998115310451,0.9999808096857898,1.0986120816137999,1.0985912059530951,1,3,0.320625
1,0.0005855004516725059,2,model.20.m.0,0.9981035898382932,0.9998965374821274,1.0965288691601036,1.0984986234745584,1,3,0.42
0,2.289729189119884e-06,3,model.20.m.1,0.9999997920020222,0.9999930598040809,1.0986120601589753,1.0986046640835874,1,3,0.44
1,6.634144595079025e-09,4,model.23.m.0,0.9999999744605024,0.999999996798117,1.0986122606101039,1.0986122851504818,1,3,0.7225
0,2.1703832450995565e-10,5,model.23.m.1,0.9999999942446015,0.9999999998145082,1.0986122823451583,1.0986122884643261,1,3,0.0
0,1.1456060962949607e-05,0,model.14.m.0,0.9999844198987748,0.9999814723873276,1.0985951721774452,1.0985919340051482,1,3,0.246875
0,6.578648061885165e-06,1,model.14.m.1,0.9999996017264641,0.9999823786766595,1.098611851119909,1.0985929296657453,1,3,0.308125
1,0.0005305717166789337,2,model.20.m.0,0.9978831554148311,0.9998252706214028,1.0962866971936427,1.0984203288255916,1,3,0.4675
1,1.8257323517971566e-06,3,model.20.m.1,0.9999997822253351,0.9999937803663231,1.0986120494181868,1.0986054557021214,1,3,0.486875
1,6.804626461255319e-09,4,model.23.m.0,0.9999999823130826,1.000000002192035,1.098612269237045,1.0986122910763063,1,3,0.7275
0,2.1357857631733513e-10,5,model.23.m.1,0.9999999996107664,0.999999999809832,1.098612288240493,1.098612288459189,1,3,0.0
0,4.971278946447972e-06,0,model.14.m.0,0.9999859166663558,0.9999946229715916,1.0985968165447029,1.0986063813986238,1,3,0.235
0,3.649145377688503e-06,1,model.14.m.1,0.9999997384481703,0.9999891378363478,1.0986120013240555,1.09860035536164,1,3,0.359375
1,0.00028989203378753883,2,model.20.m.0,0.9985208459839074,0.9997775473391096,1.0969872718891978,1.0983678994412087,1,3,0.544375
0,1.8928310334150988e-06,3,model.20.m.1,0.9999998074737203,0.9999944210287118,1.098612077156373,1.0986061595416945,1,3,0.406875
1,6.84642892223163e-09,4,model.23.m.0,0.9999999769929455,0.9999999968717121,1.098612263392277,1.0986122852313343,1,3,0.7225
0,2.1814971652263373e-10,5,model.23.m.1,0.9999999969207146,1.000000005160773,1.098612285285169,1.0986122943377983,1,3,0.0
0,1.2259378969666553e-05,0,model.14.m.0,0.9999770553942199,0.9999854338394037,1.0985870814422412,1.09859628610508,1,3,0.326875
1,5.450566915665505e-06,1,model.14.m.1,0.9999993182605978,0.9999821742216406,1.098611539700825,1.098592705048949,1,3,0.409375
1,0.00036196300020018,2,model.20.m.0,0.9980814607982176,0.9997473581517891,1.09650455792474,1.0983347332290334,1,3,0.46375
0,1.943789707634807e-06,3,model.20.m.1,0.9999997959603367,0.9999943576752027,1.0986120645076283,1.0986060899407508,1,3,0.47625
1,7.160555103407338e-09,4,model.23.m.0,0.9999999794588387,1.0000000023003,1.0986122661013376,1.0986122911952476,1,3,0.6775
0,2.2745000581134465e-10,5,model.23.m.1,0.9999999995754407,1.0000000051536642,1.0986122882016838,1.0986122943299885,1,3,0.0
0,3.579692903229602e-05,0,model.14.m.0,0.9999839781647072,0.9999105443479334,1.0985946868829701,1.0985140115894585,1,3,0.335
1,6.481878850387885e-06,1,model.14.m.1,0.9999988672582718,0.9999790804562987,1.0986110442241273,1.0985893062003262,1,3,0.340625
1,0.0002734440427110101,2,model.20.m.0,0.9981919381101396,0.9996256322742193,1.0966259296572367,1.0982010036840864,1,3,0.52625
0,1.3835869508847158e-06,3,model.20.m.1,0.9999997882722206,0.9999961092970672,1.0986120560613695,1.0986080142940562,1,3,0.375625
1,7.284434409132994e-09,4,model.23.m.0,0.9999999793415936,0.9999999996450473,1.0986122659725306,1.0986122882781544,1,3,0.66
0,2.2710207076226274e-10,5,model.23.m.1,0.9999999995851643,0.9999999998003054,1.0986122882123661,1.0986122884487228,1,3,0.0
0,4.1057811174773074e-05,0,model.14.m.0,0.9999745226925731,0.9999058271862743,1.0985842989850885,1.0985088292576923,1,3,0.156875
1,7.274251936882843e-06,1,model.14.m.1,0.9999982713410123,0.9999765309515738,1.0986103895421029,1.0985865052831054,1,3,0.44375
1,0.00015517178898368157,2,model.20.m.0,0.9977337135487896,0.999094251005695,1.096122518523168,1.0976172216925175,1,3,0.51125
1,1.454208830752214e-06,3,model.20.m.1,0.9999998201695752,0.999995117713089,1.0986120911041952,1.0986069249277126,1,3,0.57375
1,7.176626825932753e-09,4,model.23.m.0,0.9999999817212604,0.9999999995891578,1.0986122685868618,1.0986122882167535,1,3,0.675
0,2.1644818409834014e-10,5,model.23.m.1,0.999999996929133,1.0000000024769882,1.0986122852944176,1.0986122913893595,1,3,0.0
0,4.971278946447972e-06,0,model.14.m.0,0.9999859166663558,0.9999946229715916,1.0985968165447029,1.0986063813986238,1,3,0.235
0,3.649145377688503e-06,1,model.14.m.1,0.9999997384481703,0.9999891378363478,1.0986120013240555,1.09860035536164,1,3,0.359375
1,0.00028989203378753883,2,model.20.m.0,0.9985208459839074,0.9997775473391096,1.0969872718891978,1.0983678994412087,1,3,0.544375
0,1.8928310334150988e-06,3,model.20.m.1,0.9999998074737203,0.9999944210287118,1.098612077156373,1.0986061595416945,1,3,0.406875
1,6.84642892223163e-09,4,model.23.m.0,0.9999999769929455,0.9999999968717121,1.098612263392277,1.0986122852313343,1,3,0.7225
0,2.1814971652263373e-10,5,model.23.m.1,0.9999999969207146,1.000000005160773,1.098612285285169,1.0986122943377983,1,3,0.0
0,3.084174679769019e-05,0,model.14.m.0,0.9999718033211964,0.9999398396961507,1.0985813114502765,1.098546195819011,1,3,0.376875
1,5.481285518508356e-06,1,model.14.m.1,0.9999994635623887,0.9999830080106376,1.0986116993311579,1.0985936210597873,1,3,0.345
1,0.0002385199793462459,2,model.20.m.0,0.9980258569459497,0.9995241549983412,1.0964434708493414,1.0980895195017861,1,3,0.55625
0,2.0004397117463378e-06,3,model.20.m.1,0.9999997880234521,0.9999941069814667,1.0986120557880694,1.0986058145255317,1,3,0.441875
1,7.0033013981530315e-09,4,model.23.m.0,0.9999999741734221,1.0000000022632605,1.098612260294714,1.0986122911545555,1,3,0.675
0,2.3121479525292911e-10,5,model.23.m.1,1.0000000022416924,1.0000000051560483,1.0986122911308607,1.0986122943326078,1,3,0.0
0,3.805710126935757e-05,0,model.14.m.0,0.9999687127991899,0.9999122623426764,1.0985779161648217,1.0985158989995951,1,3,0.241875
1,6.640018808104167e-06,1,model.14.m.1,0.9999988835605301,0.9999784733631402,1.0986110621339886,1.098588639240322,1,3,0.42875
1,0.0001369193771211024,2,model.20.m.0,0.99787219027687,0.9991198617196669,1.0962746507583316,1.0976453579376086,1,3,0.561875
0,1.5053957205165831e-06,3,model.20.m.1,0.9999997863918632,0.9999951928895846,1.0986120539955857,1.0986070075175345,1,3,0.536875
1,6.794498243556523e-09,4,model.23.m.0,0.9999999740045497,0.9999999968179399,1.0986122601091886,1.0986122851722595,1,3,0.745
0,2.3128012220057688e-10,5,model.23.m.1,0.9999999995707818,1.0000000024769882,1.0986122881965654,1.0986122913893595,1,3,0.0
0,6.873668899968105e-05,0,model.14.m.0,0.9999666750702243,0.9998513313493632,1.0985756774907391,1.0984489594615805,1,3,0.189375
1,5.664397282457639e-06,1,model.14.m.1,0.9999981814331216,0.9999805214300123,1.0986102907681894,1.0985908892717555,1,3,0.434375
1,0.0001499049909981487,2,model.20.m.0,0.9976412407876425,0.9990205095179857,1.0960209268114047,1.0975362083879354,1,3,0.53625
0,1.4010982808943776e-06,3,model.20.m.1,0.9999998139926308,0.9999956196145722,1.0986120843181282,1.0986074763228497,1,3,0.4775
1,7.2191122817311944e-09,4,model.23.m.0,0.9999999765064069,0.9999999996166419,1.0986122628577597,1.0986122882469478,1,3,0.65
0,2.1883875733888625e-10,5,model.23.m.1,1.0000000022754727,0.9999999998003054,1.098612291167972,1.0986122884487228,1,3,0.0
0,1.470276240272191e-05,0,model.14.m.0,0.9999906230587708,0.9999315682769445,1.0986019870452453,1.0985371087362263,1,3,0.328125
0,1.0615948213581471e-05,1,model.14.m.1,0.9999990555692679,0.9999732853684822,1.0986112511049018,1.098582939645637,1,3,0.2525
1,0.0003668880823537331,2,model.20.m.0,0.9981226662367839,0.9997381924554524,1.096549826725909,1.0983246636824038,1,3,0.449375
1,1.6720355360069783e-06,3,model.20.m.1,0.9999998156322553,0.9999945145701945,1.0986120861194397,1.0986062623075168,1,3,0.43625
1,7.15177415290076e-09,4,model.23.m.0,0.9999999763812063,0.9999999995717556,1.0986122627202128,1.0986122881976352,1,3,0.6375
0,2.1115683858319585e-10,5,model.23.m.1,0.9999999996121731,0.999999999809832,1.0986122882420384,1.098612288459189,1,3,0.0
0,1.867652086599375e-05,0,model.14.m.0,0.9999909495622764,0.9999131994915818,1.0986023457460088,1.0985169285628988,1,3,0.3375
0,1.0455541743127091e-05,1,model.14.m.1,0.9999988916611147,0.9999740819203032,1.0986110710333903,1.0985838147472562,1,3,0.2825
1,0.0003776045951845278,2,model.20.m.0,0.9981294353765373,0.9997475411352661,1.0965572633860259,1.09833493425693,1,3,0.4675
1,1.1430393743258474e-06,3,model.20.m.1,0.9999998055542203,0.9999960695920654,1.0986120750475867,1.0986079706736533,1,3,0.48875
1,7.2456137918325346e-09,4,model.23.m.0,0.9999999736047213,0.9999999995983352,1.0986122596699321,1.0986122882268359,1,3,0.66
0,2.1276551645636754e-10,5,model.23.m.1,0.9999999996184791,1.0000000051536642,1.0986122882489662,1.0986122943299885,1,3,0.0
0,2.9146602150103673e-05,0,model.14.m.0,0.99998996290439,0.9998805363253914,1.0986012617915302,1.0984810444071353,1,3,0.38125
1,1.1352527422751729e-05,1,model.14.m.1,0.9999985772852584,0.9999686586421421,1.0986107256562114,1.0985778566672235,1,3,0.325
1,0.00026098745792634166,2,model.20.m.0,0.9976896628692764,0.9993901095235508,1.0960741239053307,1.097942255495941,1,3,0.5825
1,1.5156870843126508e-06,3,model.20.m.1,0.9999998017950115,0.999994795747144,1.0986120709176737,1.0986065712119688,1,3,0.480625
1,7.01218445763098e-09,4,model.23.m.0,0.9999999763844712,1.0000000022052848,1.0986122627237997,1.098612291090863,1,3,0.695
0,2.1385676923835588e-10,5,model.23.m.1,0.9999999996105093,1.0000000024817612,1.0986122882402105,1.0986122913946033,1,3,0.0
0,7.090672980219868e-05,0,model.14.m.0,0.9999918377663236,0.9998072883090172,1.0986033215378899,1.098400573236226,1,3,0.320625
0,9.550114897889802e-06,1,model.14.m.1,0.9999988111944631,0.9999774549551155,1.098610982631738,1.098587520404751,1,3,0.22375
1,0.00026041955220066195,2,model.20.m.0,0.9981365140868711,0.9995713044187021,1.0965650401441864,1.0981413184343982,1,3,0.49125
1,1.3961325784274284e-06,3,model.20.m.1,0.9999998149938257,0.9999953693715751,1.0986120854180532,1.0986072014028179,1,3,0.456875
1,6.844642897839285e-09,4,model.23.m.0,0.9999999764975246,1.0000000021571225,1.0986122628480015,1.098612291037951,1,3,0.6675
0,2.0694326324037144e-10,5,model.23.m.1,0.9999999969508643,0.999999999809832,1.0986122853182918,1.098612288459189,1,3,0.0
0,1.5114190032661148e-05,0,model.14.m.0,0.9999628213363704,0.9999985433871885,1.09857144373137,1.0986106884153752,1,3,0.285
1,6.147321803934595e-06,1,model.14.m.1,0.9999997648413048,0.9999807541568355,1.0986120303198774,1.0985911449483035,1,3,0.326875
1,5.873973258612808e-05,2,model.20.m.0,0.998579232485511,0.9988341202979948,1.0970514160173517,1.097331438900378,1,3,0.573125
1,2.3463947120247507e-06,3,model.20.m.1,0.9999997450326699,0.9999917504240965,1.0986120085578677,1.098603225582646,1,3,0.333125
1,7.007616883942185e-09,4,model.23.m.0,0.9999999738827109,0.9999999995486253,1.098612259975335,1.098612288172224,1,3,0.725
0,2.244479594328126e-10,5,model.23.m.1,0.9999999968790757,1.0000000025047537,1.098612285239424,1.098612291419863,1,3,0.0
0,4.45833731925223e-05,0,model.14.m.0,0.9999529374612512,0.9999852761533014,1.0985605851847045,1.0985961128691901,1,3,0.343125
1,7.108924856249826e-06,1,model.14.m.1,0.9999996095897365,0.9999766187668003,1.0986118597585968,1.0985866017579924,1,3,0.453125
1,9.601879866591835e-05,2,model.20.m.0,0.9986006957911737,0.9993226683531662,1.0970749958687083,1.0978681637973944,1,3,0.573125
1,1.9228170217988616e-06,3,model.20.m.1,0.9999997766738526,0.9999935651548664,1.0986120433192599,1.0986052192681703,1,3,0.38
1,7.2570516133002106e-09,4,model.23.m.0,0.9999999818744041,0.9999999996218366,1.0986122687551074,1.0986122882526548,1,3,0.6775
0,2.3140529697262058e-10,5,model.23.m.1,0.9999999995427442,1.000000002498009,1.098612288165763,1.098612291412453,1,3,0.0
1,1.3425459949464977e-05,0,model.14.m.0,0.9999638998789977,0.9999999572252362,1.0985726286315542,1.0986122416752286,1,3,0.3775
0,9.476187478579389e-06,1,model.14.m.1,0.9999999087678729,0.9999756039178201,1.0986121884393738,1.0985854868324316,1,3,0.47125
1,2.7318018466078843e-05,2,model.20.m.0,0.9985762940414992,0.9982173311053857,1.0970481878066507,1.0966538267138601,1,3,0.69875
1,1.5178027994015332e-06,3,model.20.m.1,0.9999997556737753,0.9999943867291289,1.098612020248317,1.0986061218597512,1,3,0.30125
1,6.76246783904203e-09,4,model.23.m.0,0.9999999738535909,0.9999999967825761,1.0986122599433434,1.0986122851334084,1,3,0.745
0,2.206922130072996e-10,5,model.23.m.1,1.0000000022506612,0.9999999971402019,1.098612291140714,1.0986122855263005,1,3,0.0
0,4.273088614071489e-05,0,model.14.m.0,0.9999530627127895,0.9999752519942652,1.0985607227875835,1.0985851002048894,1,3,0.26125
1,7.0779008453030845e-06,1,model.14.m.1,0.9999995741932536,0.9999786573962087,1.0986118208715856,1.0985888414213125,1,3,0.4225
1,6.199244761909259e-05,2,model.20.m.0,0.9986346715384916,0.9979026578200951,1.0971123220422283,1.0963081227757243,1,3,0.61625
1,1.644643611984969e-06,3,model.20.m.1,0.9999997514584187,0.9999938579217135,1.0986120156172743,1.0986055409054263,1,3,0.260625
1,7.171768013893655e-09,4,model.23.m.0,0.999999982054502,1.0000000022882314,1.0986122689529652,1.0986122911819889,1,3,0.665
0,2.1647332316504126e-10,5,model.23.m.1,0.9999999995817295,0.9999999998214132,1.0986122882085927,1.098612288471912,1,3,0.0
0,3.35001678120634e-05,0,model.14.m.0,0.9999618088831395,0.9999908382955316,1.0985703314378088,1.0986022235069957,1,3,0.286875
0,4.797464910352147e-06,1,model.14.m.1,0.9999996955638422,0.9999873901423569,1.0986119542108057,1.0985984353235447,1,3,0.41625
1,5.7515158398568195e-05,2,model.20.m.0,0.9988554470421003,0.9990146236419526,1.0973548687235297,1.097529742092196,1,3,0.539375
1,1.9082201996861855e-06,3,model.20.m.1,0.9999997649348181,0.9999934574321674,1.0986120304226124,1.0986051009226894,1,3,0.333125
1,6.987753022182986e-09,4,model.23.m.0,0.9999999767094337,0.9999999995614215,1.0986122630808075,1.098612288186282,1,3,0.7275
0,2.301409533339685e-10,5,model.23.m.1,1.0000000022284643,1.0000000024911329,1.098612291116328,1.098612291404899,1,3,0.0
0,2.2294243444343528e-05,0,model.14.m.0,0.9999640784234607,0.999940503978493,1.0985728247826954,1.0985469256077554,1,3,0.36
0,4.710728702577067e-06,1,model.14.m.1,0.9999998542656683,0.9999886648069379,1.098612128562582,1.0985998356857174,1,3,0.496875
1,4.0333892058889466e-05,2,model.20.m.0,0.9983481097551806,0.9988264587675751,1.0967975017456202,1.0973230218489092,1,3,0.6525
0,2.3337784022885145e-06,3,model.20.m.1,0.9999997768477937,0.9999926992032753,1.0986120435103537,1.098604267923111,1,3,0.356875
1,7.0984187886709836e-09,4,model.23.m.0,0.9999999795521655,0.9999999942633603,1.0986122662038675,1.098612282365767,1,3,0.7125
0,2.3166330061262177e-10,5,model.23.m.1,0.9999999995427442,1.0000000051723297,1.098612288165763,1.0986122943504948,1,3,0.0
0,3.0592257272410835e-05,0,model.14.m.0,0.9999627621989415,0.9999902027197939,1.098571378762264,1.0986015252556798,1,3,0.323125
0,3.965929901515741e-06,1,model.14.m.1,0.9999999115950807,0.9999894143946799,1.098612191545379,1.098600659192022,1,3,0.455625
1,3.5404230857380686e-05,2,model.20.m.0,0.9986020824714887,0.9989072285469447,1.0970765192927427,1.0974117565210775,1,3,0.621875
1,1.929770994582808e-06,3,model.20.m.1,0.9999997746198946,0.9999936584045819,1.0986120410627565,1.0986053217134537,1,3,0.319375
1,7.069687951578147e-09,4,model.23.m.0,0.9999999737389205,1.0000000022271616,1.098612259817365,1.0986122911148968,1,3,0.6475
0,2.2717190973160076e-10,5,model.23.m.1,0.99999999955881,1.0000000024957314,1.098612288183413,1.098612291409951,1,3,0.0
0,3.0635801087547284e-05,0,model.14.m.0,0.9999522405026081,0.9999911312457044,1.0985598194973745,1.0986025453456554,1,3,0.3775
0,5.272528350552938e-06,1,model.14.m.1,0.9999997833611703,0.9999863709208148,1.0986120506660293,1.0985973155942337,1,3,0.496875
1,3.219027030164519e-05,2,model.20.m.0,0.9987153476910149,0.9985569376095498,1.0972009538547929,1.0970269225926463,1,3,0.625625
1,1.525143412813468e-06,3,model.20.m.1,0.999999783587861,0.9999946694583546,1.0986120509150745,1.0986064324695528,1,3,0.289375
1,6.954927421914494e-09,4,model.23.m.0,0.9999999767094337,0.9999999968742295,1.0986122630808075,1.0986122852340998,1,3,0.6925
0,2.2311205903438217e-10,5,model.23.m.1,1.0000000049190108,0.999999999819126,1.0986122940721954,1.0986122884693994,1,3,0.0
1,2.7591689370391e-06,0,model.14.m.0,0.9999777797651032,0.9999882654248046,1.098587877244995,1.0985993969195977,1,4,0.42875
0,2.9326449694151203e-07,1,model.14.m.1,0.999999357958233,0.9999991520833925,1.0986115833131347,1.098611357136505,1,4,0.58
1,9.913041603698417e-05,2,model.20.m.0,0.9995741712007342,0.9995316810396394,1.0981444679163677,1.0980977877032414,1,4,0.424375
0,8.677773956590804e-07,3,model.20.m.1,0.9999997863075811,0.9999989399341241,1.0986120539029924,1.0986111240667118,1,4,0.311875
1,1.230000501726485e-09,4,model.23.m.0,0.9999999764478437,0.9999999894759545,1.0986122627934214,1.098612277106264,1,4,1.0
1,7.744120938021125e-11,5,model.23.m.1,1.0000000022864601,1.0000000026161426,1.0986122911800429,1.0986122915422363,1,4,1.0
1,4.380846352383314e-06,0,model.14.m.0,0.9999865914946896,0.9999964982614644,1.0985975579194032,1.098608441615123,1,4,0.300625
0,2.194401761618748e-07,1,model.14.m.1,0.9999997431966715,0.999999715265053,1.0986120065408174,1.098611975854798,1,4,0.48125
1,5.484380825369068e-05,2,model.20.m.0,0.9994287385260759,0.9995632318479591,1.0979846937928142,1.0981324498089788,1,4,0.5675
0,6.368435702710351e-07,3,model.20.m.1,0.9999997896237582,0.9999992907410359,1.0986120575461853,1.098611509467496,1,4,0.36375
1,1.210289098192756e-09,4,model.23.m.0,0.9999999792505943,0.9999999840849545,1.0986122658725577,1.0986122711836452,1,4,1.0
1,8.458507833751836e-11,5,model.23.m.1,1.000000002265272,0.9999999999427972,1.0986122911567653,1.098612288605266,1,4,1.0
1,2.95307521977711e-06,0,model.14.m.0,0.9999853657309923,0.9999956352999323,1.0985962112803422,1.098607493554979,1,4,0.293125
1,1.403709702511765e-07,1,model.14.m.1,0.9999996185064257,0.9999995661509229,1.098611869554581,1.0986118120361823,1,4,0.4475
1,5.0461786399283796e-05,2,model.20.m.0,0.9993507448940648,0.9995064221522755,1.097899009030249,1.0980700379791852,1,4,0.50625
0,7.262913599162413e-07,3,model.20.m.1,0.9999997967339826,0.9999991765504376,1.0986120653575653,1.0986113840163014,1,4,0.383125
1,1.210557435230679e-09,4,model.23.m.0,0.9999999819307874,0.9999999814270232,1.0986122688170508,1.0986122682636092,1,4,1.0
1,8.396620916004104e-11,5,model.23.m.1,0.9999999995911452,0.9999999972668537,1.0986122882189369,1.0986122856654417,1,4,1.0
1,2.4207617758243804e-06,0,model.14.m.0,0.9999915861198989,0.9999824035898605,1.0986030450760353,1.098592957035694,1,4,0.348125
1,4.127895622591291e-07,1,model.14.m.1,0.999997108686066,0.9999989709093781,1.0986091122350914,1.0986111580965063,1,4,0.488125
1,0.00012699705760998623,2,model.20.m.0,0.9996592202985682,0.9994931779166845,1.0982379039003882,1.098055487699211,1,4,0.416875
0,1.1817412169236145e-06,3,model.20.m.1,0.9999997778081198,0.9999984073132867,1.0986120445653798,1.0986105389229146,1,4,0.3125
1,1.2798604437746336e-09,4,model.23.m.0,0.9999999762192826,0.99999998695996,1.0986122625423214,1.0986122743421616,1,4,1.0
1,8.183699374008704e-11,5,model.23.m.1,1.0000000049404392,0.9999999999401873,1.098612294095737,1.0986122886023988,1,4,1.0
1,6.156725667782591e-06,0,model.14.m.0,0.9999872041402454,0.9999939590295966,1.0985982309793394,1.0986056519837892,1,4,0.371875
0,1.1154407216786802e-06,1,model.14.m.1,0.9999971278872897,0.9999993728379307,1.0986091333297918,1.0986115996601535,1,4,0.426875
1,0.00011564741981326572,2,model.20.m.0,0.9995880118820596,0.9995459590655974,1.0981596734589552,1.0981134737180167,1,4,0.41625
0,1.0138135935297446e-06,3,model.20.m.1,0.9999997666516979,0.9999987363727361,1.0986120323087976,1.0986109004316693,1,4,0.308125
1,1.240566357489903e-09,4,model.23.m.0,0.9999999762945544,0.9999999893985322,1.0986122626250159,1.098612277021207,1,4,1.0
1,7.870591970662597e-11,5,model.23.m.1,1.0000000022810176,0.9999999972668537,1.0986122911740637,1.0986122856654417,1,4,1.0
1,2.8562261882970024e-06,0,model.14.m.0,0.999989397650574,0.9999996747164057,1.0986006407967417,1.0986119313075557,1,4,0.300625
0,1.6193227934068984e-06,1,model.14.m.1,0.9999986308372837,0.9999988492096371,1.0986107844891244,1.0986110243956755,1,4,0.42125
1,7.315929158195584e-05,2,model.20.m.0,0.9994841425642863,0.9996637643857591,1.098045561350034,1.098242896090417,1,4,0.42
0,9.462199071623727e-07,3,model.20.m.1,0.999999773135305,0.9999987293252297,1.098612039431768,1.0986108926891922,1,4,0.280625
1,1.2333814003293181e-09,4,model.23.m.0,0.9999999761624093,0.9999999893796973,1.0986122624798398,1.0986122770005147,1,4,1.0
1,8.279370505768359e-11,5,model.23.m.1,1.000000004945348,0.9999999972668537,1.0986122941011298,1.0986122856654417,1,4,1.0
1,3.9271477234408794e-06,0,model.14.m.0,0.9999852960398888,0.9999891697878579,1.0985961347168396,1.0986003904639616,1,4,0.341875
0,5.619549832321621e-07,1,model.14.m.1,0.9999989100389389,0.9999993310277102,1.0986110912234939,1.0986115537269314,1,4,0.42625
1,7.340818275854686e-05,2,model.20.m.0,0.9995101899257616,0.9995494286850463,1.098074177301438,1.0981172854845802,1,4,0.43625
0,9.025610333123087e-07,3,model.20.m.1,0.9999997923649573,0.9999988576326578,1.0986120605577003,1.0986110336493096,1,4,0.23625
1,1.2545332823135604e-09,4,model.23.m.0,0.9999999815194764,0.9999999894245221,1.0986122683651796,1.0986122770497597,1,4,1.0
1,7.928979294009948e-11,5,model.23.m.1,0.9999999996045332,1.0000000026161426,1.098612288233645,1.0986122915422363,1,4,1.0
1,8.944301780231488e-07,0,model.14.m.0,0.9999822020453812,0.999980607183082,1.0985927356164524,1.0985909834811318,1,4,0.401875
1,8.620807347094447e-08,1,model.14.m.1,0.9999993329605593,0.9999995570499279,1.0986115558503833,1.0986118020377174,1,4,0.456875
1,5.057761230849915e-05,2,model.20.m.0,0.9991822706486244,0.9994947087215457,1.097713921153884,1.098057169460243,1,4,0.479375
0,7.178799646891656e-07,3,model.20.m.1,0.9999997660692409,0.9999992452077274,1.0986120316689032,1.0986114594440437,1,4,0.29375
1,1.2454224301350876e-09,4,model.23.m.0,0.999999976496686,0.9999999922445287,1.0986122628470802,1.0986122801478537,1,4,1.0
1,8.417187321333362e-11,5,model.23.m.1,1.0000000022624052,1.0000000052907838,1.0986122911536158,1.0986122944806298,1,4,1.0
1,4.425715364336357e-06,0,model.14.m.0,0.9999784961177158,0.9999961305881699,1.0985886642387783,1.0986080376847234,1,4,0.315625
0,3.036184947653251e-07,1,model.14.m.1,0.9999994918094729,0.9999992504908446,1.0986117303637517,1.0986114652481411,1,4,0.395625
1,0.00011123330481979492,2,model.20.m.0,0.9995266507306648,0.9995427334117787,1.098092261343986,1.0981099299750925,1,4,0.495
0,7.442746662068167e-07,3,model.20.m.1,0.9999997865716413,0.9999990722249128,1.0986120541930922,1.098611269402998,1,4,0.355625
1,1.2245549277263974e-09,4,model.23.m.0,0.999999973672853,0.9999999867280903,1.0986122597447825,1.0986122740874267,1,4,1.0
1,8.497764270534639e-11,5,model.23.m.1,1.0000000022606395,0.9999999972668537,1.098612291151676,1.0986122856654417,1,4,1.0
1,5.9288598127822125e-06,0,model.14.m.0,0.9999746495212051,0.9999831527722658,1.098584438320582,1.098593780096691,1,4,0.264375
0,5.565550642569503e-07,1,model.14.m.1,0.9999992826295284,0.9999998395896186,1.0986115005560941,1.0986121124392936,1,4,0.3625
1,8.802491781596697e-05,2,model.20.m.0,0.9984759343499954,0.9993766814907176,1.0969379314162777,1.0979275032940579,1,4,0.481875
0,2.573181834696955e-07,3,model.20.m.1,0.9999997919106285,0.9999998058183476,1.0986120600585692,1.0986120753377602,1,4,0.276875
1,1.1693469328188161e-09,4,model.23.m.0,0.9999999742402751,0.9999999760471617,1.0986122603681594,1.0986122623532273,1,4,1.0
1,8.608195844172927e-11,5,model.23.m.1,0.99999999958749,0.9999999999427972,1.0986122882149212,1.098612288605266,1,4,1.0
1,1.2006556865927115e-06,0,model.14.m.0,0.9999827436255926,0.9999816820482413,1.098593330603128,1.0985921643412044,1,4,0.281875
1,1.292067915522436e-08,1,model.14.m.1,0.9999998115310451,0.9999998416274238,1.0986120816137999,1.0986121146780514,1,4,0.383125
1,0.00013487412798150928,2,model.20.m.0,0.9981035898382932,0.9993441037798402,1.0965288691601036,1.0978917130205512,1,4,0.5675
0,3.330702840698934e-07,3,model.20.m.1,0.9999997920020222,0.9999997183044764,1.0986120601589753,1.098611979193946,1,4,0.29125
1,1.1738915849041321e-09,4,model.23.m.0,0.9999999744605024,0.9999999868412024,1.0986122606101039,1.098612274211693,1,4,1.0
1,8.359528127095108e-11,5,model.23.m.1,0.9999999942446015,1.0000000026174454,1.0986122823451583,1.0986122915436674,1,4,1.0
1,1.0537750428497958e-06,0,model.14.m.0,0.9999844198987748,0.9999885994621912,1.0985951721774452,1.0985997638971756,1,4,0.3725
1,1.824487309312692e-07,1,model.14.m.1,0.9999996017264641,0.9999997682895565,1.098611851119909,1.098612034108169,1,4,0.36
1,0.00017265807514251288,2,model.20.m.0,0.9978831554148311,0.999341903025963,1.0962866971936427,1.0978892952452974,1,4,0.60375
0,2.2132055059946143e-07,3,model.20.m.1,0.9999997822253351,0.9999998019381136,1.0986120494181868,1.0986120710748875,1,4,0.2925
1,1.179510031224689e-09,4,model.23.m.0,0.9999999823130826,0.999999986738839,1.098612269237045,1.0986122740992355,1,4,1.0
1,7.91596182884222e-11,5,model.23.m.1,0.9999999996107664,0.9999999999427972,1.098612288240493,1.098612288605266,1,4,1.0
1,1.6589248597356168e-06,0,model.14.m.0,0.9999859166663558,0.9999837344398087,1.0985968165447029,1.0985944191238015,1,4,0.340625
1,3.0535787838948476e-07,1,model.14.m.1,0.9999997384481703,0.9999992160008925,1.0986120013240555,1.098611427357056,1,4,0.45625
1,8.436941233250832e-05,2,model.20.m.0,0.9985208459839074,0.999374193575357,1.0969872718891978,1.0979247700396695,1,4,0.465625
0,5.119796603384937e-07,3,model.20.m.1,0.9999998074737203,0.9999994651809209,1.098612077156373,1.0986117011092973,1,4,0.2725
1,1.1884947532334343e-09,4,model.23.m.0,0.9999999769929455,0.999999984152801,1.098612263392277,1.0986122712581823,1,4,1.0
1,8.24670326239375e-11,5,model.23.m.1,0.9999999969207146,1.0000000052907838,1.098612285285169,1.0986122944806298,1,4,1.0
1,2.7354233742628855e-06,0,model.14.m.0,0.9999770553942199,0.9999908481245661,1.0985870814422412,1.0986022343052937,1,4,0.3825
0,5.643135449949976e-07,1,model.14.m.1,0.9999993182605978,0.9999992529022739,1.098611539700825,1.098611467897367,1,4,0.366875
1,0.00013041301718884324,2,model.20.m.0,0.9980814607982176,0.9993269037629703,1.09650455792474,1.0978728168706526,1,4,0.598125
0,4.031555630958482e-07,3,model.20.m.1,0.9999997959603367,0.9999996548404582,1.0986120645076283,1.0986119094715956,1,4,0.271875
1,1.1948098503713163e-09,4,model.23.m.0,0.9999999794588387,0.9999999893684907,1.0986122661013376,1.098612276988203,1,4,1.0
1,8.911165388953065e-11,5,model.23.m.1,0.9999999995754407,1.0000000026174454,1.0986122882016838,1.0986122915436674,1,4,1.0
1,7.822800332297526e-07,0,model.14.m.0,0.9999839781647072,0.999978546469072,1.0985946868829701,1.098588719555397,1,4,0.35125
0,4.167564523014641e-07,1,model.14.m.1,0.9999988672582718,0.9999998384192881,1.0986110442241273,1.098612111153554,1,4,0.36625
1,0.00012319054999477083,2,model.20.m.0,0.9981919381101396,0.9993262266297238,1.0966259296572367,1.097872072963747,1,4,0.48
0,4.0044232048714453e-07,3,model.20.m.1,0.9999997882722206,0.9999996791221347,1.0986120560613695,1.0986119361477438,1,4,0.289375
1,1.2293831840908092e-09,4,model.23.m.0,0.9999999793415936,0.9999999948788739,1.0986122659725306,1.0986122830419778,1,4,1.0
1,8.494218381484998e-11,5,model.23.m.1,0.9999999995851643,1.0000000052907838,1.0986122882123661,1.0986122944806298,1,4,1.0
1,1.2555065371225093e-06,0,model.14.m.0,0.9999745226925731,0.9999860698731867,1.0985842989850885,1.09859698485961,1,4,0.220625
0,1.027020637914516e-06,1,model.14.m.1,0.9999982713410123,0.9999988627492439,1.0986103895421029,1.0986110392704538,1,4,0.419375
1,0.00019043884013729287,2,model.20.m.0,0.9977337135487896,0.9993076862014332,1.096122518523168,1.0978517042213898,1,4,0.5875
0,2.4677101425841705e-07,3,model.20.m.1,0.9999998201695752,0.999999814680459,1.0986120911041952,1.0986120850737846,1,4,0.331875
1,1.2617090881920165e-09,4,model.23.m.0,0.9999999817212604,0.9999999894777283,1.0986122685868618,1.0986122771082127,1,4,1.0
1,8.167129534398871e-11,5,model.23.m.1,0.999999996929133,0.9999999999427972,1.0986122852944176,1.098612288605266,1,4,1.0
1,1.6589248597356168e-06,0,model.14.m.0,0.9999859166663558,0.9999837344398087,1.0985968165447029,1.0985944191238015,1,4,0.340625
1,3.0535787838948476e-07,1,model.14.m.1,0.9999997384481703,0.9999992160008925,1.0986120013240555,1.098611427357056,1,4,0.45625
1,8.436941233250832e-05,2,model.20.m.0,0.9985208459839074,0.999374193575357,1.0969872718891978,1.0979247700396695,1,4,0.465625
0,5.119796603384937e-07,3,model.20.m.1,0.9999998074737203,0.9999994651809209,1.098612077156373,1.0986117011092973,1,4,0.2725
1,1.1884947532334343e-09,4,model.23.m.0,0.9999999769929455,0.999999984152801,1.098612263392277,1.0986122712581823,1,4,1.0
1,8.24670326239375e-11,5,model.23.m.1,0.9999999969207146,1.0000000052907838,1.098612285285169,1.0986122944806298,1,4,1.0
1,2.561948289911444e-06,0,model.14.m.0,0.9999718033211964,0.9999878516415998,1.0985813114502765,1.0985989423322842,1,4,0.389375
0,3.232105355675531e-07,1,model.14.m.1,0.9999994635623887,0.9999996522362103,1.0986116993311579,1.0986119066105369,1,4,0.389375
1,0.00011544022146119993,2,model.20.m.0,0.9980258569459497,0.999211445986271,1.0964434708493414,1.0977459735383486,1,4,0.635
0,3.3441460031070116e-07,3,model.20.m.1,0.9999997880234521,0.9999997483806232,1.0986120557880694,1.0986120122359704,1,4,0.266875
1,1.1839281592818155e-09,4,model.23.m.0,0.9999999741734221,0.9999999893985322,1.098612260294714,1.098612277021207,1,4,1.0
1,9.137195268161291e-11,5,model.23.m.1,1.0000000022416924,0.9999999999427972,1.0986122911308607,1.098612288605266,1,4,1.0
1,2.0845178097583035e-06,0,model.14.m.0,0.9999687127991899,0.999974015605337,1.0985779161648217,1.0985837418928195,1,4,0.33625
0,5.543597449173356e-07,1,model.14.m.1,0.9999988835605301,0.9999991305963247,1.0986110621339886,1.0986113335305483,1,4,0.435
1,0.00016269223914573314,2,model.20.m.0,0.99787219027687,0.9992941831001249,1.0962746507583316,1.0978368695483574,1,4,0.57125
0,2.9243624728200674e-07,3,model.20.m.1,0.9999997863918632,0.9999997801974828,1.0986120539955857,1.0986120471903633,1,4,0.293125
1,1.2121743501998366e-09,4,model.23.m.0,0.9999999740045497,0.9999999948450088,1.0986122601091886,1.098612283004773,1,4,1.0
1,9.014615384643178e-11,5,model.23.m.1,0.9999999995707818,0.9999999999427972,1.0986122881965654,1.098612288605266,1,4,1.0
1,1.2414810066684664e-06,0,model.14.m.0,0.9999666750702243,0.9999828326553648,1.0985756774907391,1.0985934284123298,1,4,0.26125
0,1.4176530640266612e-06,1,model.14.m.1,0.9999981814331216,0.999997956197394,1.0986102907681894,1.0986100433214512,1,4,0.4325
1,0.00018743317533911365,2,model.20.m.0,0.9976412407876425,0.9992361382504424,1.0960209268114047,1.0977731007632023,1,4,0.594375
0,2.2069572116670064e-07,3,model.20.m.1,0.9999998139926308,0.9999998528395803,1.0986120843181282,1.0986121269958642,1,4,0.366875
1,1.2416100686639254e-09,4,model.23.m.0,0.9999999765064069,0.9999999894392836,1.0986122628577597,1.098612277065977,1,4,1.0
1,8.238864549126941e-11,5,model.23.m.1,1.0000000022754727,1.0000000026174454,1.098612291167972,1.0986122915436674,1,4,1.0
1,7.617957956503583e-06,0,model.14.m.0,0.9999906230587708,0.9999811066577475,1.0986019870452453,1.0985915322101372,1,4,0.30625
1,4.538104158172216e-07,1,model.14.m.1,0.9999990555692679,0.9999993878569743,1.0986112511049018,1.0986116161602593,1,4,0.31
1,0.00014551271596802433,2,model.20.m.0,0.9981226662367839,0.999372314342836,1.096549826725909,1.0979227054917287,1,4,0.478125
0,4.1578723657580217e-07,3,model.20.m.1,0.9999998156322553,0.9999995679560019,1.0986120861194397,1.0986118140192642,1,4,0.32375
1,1.2485374773867911e-09,4,model.23.m.0,0.9999999763812063,0.9999999894652299,1.0986122627202128,1.098612277094482,1,4,1.0
1,7.898230822660523e-11,5,model.23.m.1,0.9999999996121731,0.9999999972668537,1.0986122882420384,1.0986122856654417,1,4,1.0
1,9.40969199957173e-06,0,model.14.m.0,0.9999909495622764,0.9999783645316301,1.0986023457460088,1.0985885196766876,1,4,0.368125
1,7.79595526757235e-07,1,model.14.m.1,0.9999988916611147,0.9999987305391166,1.0986110710333903,1.0986108940227832,1,4,0.38
1,0.0001298761209373641,2,model.20.m.0,0.9981294353765373,0.9993203721982211,1.0965572633860259,1.097865641213355,1,4,0.514375
0,4.552503760901896e-07,3,model.20.m.1,0.9999998055542203,0.999999504582032,1.0986120750475867,1.098611744395842,1,4,0.3525
1,1.257584965193802e-09,4,model.23.m.0,0.9999999736047213,0.9999999894585133,1.0986122596699321,1.098612277087103,1,4,1.0
1,7.654942908228721e-11,5,model.23.m.1,0.9999999996184791,0.9999999999414994,1.0986122882489662,1.0986122886038403,1,4,1.0
1,4.768299172513391e-06,0,model.14.m.0,0.99998996290439,0.999988800106347,1.0986012617915302,1.0985999843273109,1,4,0.340625
0,8.798287463937696e-07,1,model.14.m.1,0.9999985772852584,0.9999995518536389,1.0986107256562114,1.0986117963290103,1,4,0.326875
1,0.00022169120592143115,2,model.20.m.0,0.9976896628692764,0.9993825724539346,1.0960741239053307,1.09793397517864,1,4,0.495
0,4.895431308148742e-07,3,model.20.m.1,0.9999998017950115,0.9999994388897552,1.0986120709176737,1.0986116722254995,1,4,0.246875
1,1.2409651392381708e-09,4,model.23.m.0,0.9999999763844712,0.9999999867580929,1.0986122627237997,1.0986122741203879,1,4,1.0
1,7.854549495608022e-11,5,model.23.m.1,0.9999999996105093,1.0000000052907838,1.0986122882402105,1.0986122944806298,1,4,1.0
1,3.4024120071388794e-06,0,model.14.m.0,0.9999918377663236,0.9999842469749948,1.0986033215378899,1.0985949822012553,1,4,0.27375
1,7.234548502780337e-07,1,model.14.m.1,0.9999988111944631,0.9999995265126933,1.098610982631738,1.098611768489136,1,4,0.335
1,0.00013430101804112385,2,model.20.m.0,0.9981365140868711,0.9993203754504776,1.0965650401441864,1.097865644786324,1,4,0.55625
0,5.297118110086761e-07,3,model.20.m.1,0.9999998149938257,0.9999994025549526,1.0986120854180532,1.098611632307639,1,4,0.274375
1,1.235313887930419e-09,4,model.23.m.0,0.9999999764975246,0.999999992146854,1.0986122628480015,1.0986122800405471,1,4,1.0
1,7.536111457782081e-11,5,model.23.m.1,0.9999999969508643,0.9999999999427972,1.0986122853182918,1.098612288605266,1,4,1.0
1,1.2539647701392625e-05,0,model.14.m.0,0.9999628213363704,0.9999995919819766,1.09857144373137,1.0986118404144953,1,4,0.328125
1,1.4884786604362214e-07,1,model.14.m.1,0.9999997648413048,0.999999311508217,1.0986120303198774,1.0986115322825762,1,4,0.339375
1,0.0001050209766913033,2,model.20.m.0,0.998579232485511,0.9994422220477626,1.0970514160173517,1.0979995069554336,1,4,0.49875
0,4.170121088741853e-07,3,model.20.m.1,0.9999997450326699,0.9999995625107795,1.0986120085578677,1.098611808037076,1,4,0.275
1,1.214346631899957e-09,4,model.23.m.0,0.9999999738827109,0.999999989527285,1.098612259975335,1.0986122771626563,1,4,1.0
1,9.588215823919964e-11,5,model.23.m.1,0.9999999968790757,0.9999999999427972,1.098612285239424,1.098612288605266,1,4,1.0
0,1.5371871354164304e-05,0,model.14.m.0,0.9999529374612512,0.9999991979723165,1.0985605851847045,1.0986114075506408,1,4,0.33625
1,1.8193824364240994e-07,1,model.14.m.1,0.9999996095897365,0.9999986916674375,1.0986118597585968,1.098610851317879,1,4,0.29875
1,0.00010915035904088538,2,model.20.m.0,0.9986006957911737,0.9995194398938065,1.0970749958687083,1.098084339430002,1,4,0.56875
0,4.1850347134726984e-07,3,model.20.m.1,0.9999997766738526,0.9999996090746927,1.0986120433192599,1.0986118591927632,1,4,0.240625
1,1.2080614375979757e-09,4,model.23.m.0,0.9999999818744041,0.999999986809506,1.0986122687551074,1.098612274176871,1,4,1.0
1,9.940428754922574e-11,5,model.23.m.1,0.9999999995427442,1.000000002618733,1.098612288165763,1.098612291545082,1,4,1.0
1,5.964756610253097e-06,0,model.14.m.0,0.9999638998789977,0.9999933752094256,1.0985726286315542,1.0986050105917748,1,4,0.359375
0,2.8854310275741913e-07,1,model.14.m.1,0.9999999087678729,0.9999991758210419,1.0986121884393738,1.0986113832149784,1,4,0.318125
1,0.00011021006459175373,2,model.20.m.0,0.9985762940414992,0.9995286812547688,1.0970481878066507,1.0980944921027191,1,4,0.39875
0,4.6037916739929323e-07,3,model.20.m.1,0.9999997556737753,0.9999995233215432,1.098612020248317,1.0986117649832994,1,4,0.19875
1,1.2122764342176164e-09,4,model.23.m.0,0.9999999738535909,0.9999999867902883,1.0986122599433434,1.0986122741557582,1,4,1.0
1,9.011884638110316e-11,5,model.23.m.1,1.0000000022506612,0.9999999999427972,1.098612291140714,1.098612288605266,1,4,1.0
1,1.3922014742572702e-05,0,model.14.m.0,0.9999530627127895,0.9999988684091335,1.0985607227875835,1.098611045488478,1,4,0.348125
1,1.7370906992430384e-07,1,model.14.m.1,0.9999995741932536,0.999999161601429,1.0986118208715856,1.0986113675931368,1,4,0.313125
1,8.984799669242564e-05,2,model.20.m.0,0.9986346715384916,0.9994383606302759,1.0971123220422283,1.097995264754731,1,4,0.44875
0,4.5528858529920687e-07,3,model.20.m.1,0.9999997514584187,0.9999995051857329,1.0986120156172743,1.0986117450590753,1,4,0.21625
1,1.2014998111591123e-09,4,model.23.m.0,0.999999982054502,0.9999999842304361,1.0986122689529652,1.0986122713434732,1,4,1.0
1,8.857056022637064e-11,5,model.23.m.1,0.9999999995817295,0.9999999972681464,1.0986122882085927,1.0986122856668619,1,4,1.0
1,9.16976655333137e-06,0,model.14.m.0,0.9999618088831395,0.9999970666530626,1.0985703314378088,1.0986090660571175,1,4,0.44
0,2.084276072350909e-07,1,model.14.m.1,0.9999996955638422,0.9999996217472082,1.0986119542108057,1.0986118731149446,1,4,0.295
1,7.754037208266868e-05,2,model.20.m.0,0.9988554470421003,0.9995093179978691,1.0973548687235297,1.0980732193907405,1,4,0.490625
0,5.925969796275263e-07,3,model.20.m.1,0.9999997649348181,0.99999933986776,1.0986120304226124,1.0986115634387188,1,4,0.195625
1,1.1879104200398946e-09,4,model.23.m.0,0.9999999767094337,0.999999992146854,1.0986122630808075,1.0986122800405471,1,4,1.0
1,9.606710015871566e-11,5,model.23.m.1,1.0000000022284643,0.9999999972681464,1.098612291116328,1.0986122856668619,1,4,1.0
1,7.4678930943058e-06,0,model.14.m.0,0.9999640784234607,0.9999972473113539,1.0985728247826954,1.0986092645305363,1,4,0.288125
0,4.491123402594758e-07,1,model.14.m.1,0.9999998542656683,0.9999992557357065,1.098612128562582,1.0986114710102108,1,4,0.411875
1,0.00013066934005518814,2,model.20.m.0,0.9983481097551806,0.9994631366573168,1.0967975017456202,1.0980224840025026,1,4,0.570625
0,5.547684103956039e-07,3,model.20.m.1,0.9999997768477937,0.9999994242085518,1.0986120435103537,1.098611656096549,1,4,0.23875
1,1.1901275035843377e-09,4,model.23.m.0,0.9999999795521655,0.999999986881772,1.0986122662038675,1.0986122742562634,1,4,1.0
1,9.917940197250221e-11,5,model.23.m.1,0.9999999995427442,0.9999999972681464,1.098612288165763,1.0986122856668619,1,4,1.0
1,1.0009494363902413e-05,0,model.14.m.0,0.9999627621989415,0.9999975939410828,1.098571378762264,1.098609645342216,1,4,0.34
0,1.9906506240074148e-07,1,model.14.m.1,0.9999999115950807,0.9999996134128937,1.098612191545379,1.098611863958764,1,4,0.390625
1,0.00010508180025743956,2,model.20.m.0,0.9986020824714887,0.9995252401088996,1.0970765192927427,1.0980907116175802,1,4,0.4975
0,6.363228368806673e-07,3,model.20.m.1,0.9999997746198946,0.9999993074651674,1.0986120410627565,1.0986115278408324,1,4,0.198125
1,1.2159181501666822e-09,4,model.23.m.0,0.9999999737389205,0.9999999921638398,1.098612259817365,1.098612280059208,1,4,1.0
1,9.412295275035505e-11,5,model.23.m.1,0.99999999955881,0.9999999999427972,1.098612288183413,1.098612288605266,1,4,1.0
1,1.283264995382465e-05,0,model.14.m.0,0.9999522405026081,0.999997985274251,1.0985598194973745,1.0986100752656436,1,4,0.445
0,1.8954555226417233e-07,1,model.14.m.1,0.9999997833611703,0.9999996701287838,1.0986120506660293,1.098611926267538,1,4,0.35875
1,8.818825438255773e-05,2,model.20.m.0,0.9987153476910149,0.9995201680136666,1.0972009538547929,1.098085139351428,1,4,0.488125
0,4.6192631135908693e-07,3,model.20.m.1,0.999999783587861,0.9999995350343479,1.0986120509150745,1.0986117778511306,1,4,0.24125
1,1.1887919368944422e-09,4,model.23.m.0,0.9999999767094337,0.9999999894781813,1.0986122630808075,1.0986122771087103,1,4,1.0
1,9.159259867335873e-11,5,model.23.m.1,1.0000000049190108,0.9999999999427972,1.0986122940721954,1.098612288605266,1,4,1.0
1,1.0921565063846164e-06,0,model.14.m.0,0.9999924520190795,0.9999883974116415,1.098603996363516,1.0985995419219587,2,3,0.40125
0,9.790899722037107e-06,1,model.14.m.1,0.9999925338567298,0.9999893295298077,1.0986040862713642,1.0986005659584306,2,3,0.3575
1,4.2756757063304985e-05,2,model.20.m.0,0.999957539491632,0.9999297272817863,1.0985656410318336,1.0985350861963221,2,3,0.3825
0,2.3243226404706283e-06,3,model.20.m.1,0.9999993050708987,0.9999972015141334,1.0986115252104593,1.098609214217147,2,3,0.154375
1,1.6628401207693306e-08,4,model.23.m.0,0.9999999561108023,0.9999999997038881,1.0986122404508978,1.0986122883427976,2,3,0.67
0,4.954230415795831e-09,5,model.23.m.1,0.9999999926370604,0.9999999998121774,1.0986122805790939,1.0986122884617655,2,3,0.0
0,1.986161260485167e-06,0,model.14.m.0,0.999994151546107,0.9999962440230049,1.0986058634847933,1.098608162305627,2,3,0.32125
0,7.579790898666047e-06,1,model.14.m.1,0.999993383930583,0.999986794071336,1.0986050201729456,1.0985977804725962,2,3,0.314375
1,4.640583649886086e-05,2,model.20.m.0,0.9999649187044221,0.9998751906881167,1.0985737479256854,1.0984751716243346,2,3,0.374375
0,3.5271984509104037e-06,3,model.20.m.1,0.999999268309788,0.9999948229321916,1.0986114848242514,1.0986066010777962,2,3,0.1725
1,1.6460637419443103e-08,4,model.23.m.0,0.9999999532213059,0.9999999996164476,1.0986122372764615,1.0986122882467344,2,3,0.6725
0,4.952050144196235e-09,5,model.23.m.1,0.9999999899572556,1.0000000024888118,1.0986122776350273,1.098612291402349,2,3,0.0
1,4.490728622078016e-06,0,model.14.m.0,0.9999938005311937,0.9999898728014459,1.098605477855496,1.0986011628033285,2,3,0.32875
0,8.871269104880283e-06,1,model.14.m.1,0.9999932971421102,0.9999897985231558,1.0986049248260628,1.0986010812002862,2,3,0.29
1,4.184380239377161e-05,2,model.20.m.0,0.9999467000656163,0.9998451459419169,1.0985537327052106,1.0984421640969495,2,3,0.424375
0,2.795024604649091e-06,3,model.20.m.1,0.9999993138325638,0.9999962909639606,1.0986115348361323,1.0986082138755378,2,3,0.176875
1,1.6456329060863606e-08,4,model.23.m.0,0.9999999506930184,0.9999999996404607,1.0986122344988538,1.0986122882731155,2,3,0.695
0,4.958597748574253e-09,5,model.23.m.1,0.9999999899517384,0.9999999998121774,1.0986122776289662,1.0986122884617655,2,3,0.0
0,2.2705554332061353e-05,0,model.14.m.0,0.9999932568111431,0.9999582761590303,1.098604880517967,1.09856645034369,2,3,0.474375
0,1.0196695776957603e-05,1,model.14.m.1,0.9999935599255343,0.9999904367464464,1.0986052135231619,1.098601782360236,2,3,0.353125
1,4.0585261536265726e-05,2,model.20.m.0,0.9999256878531372,0.9998306265157237,1.098530648430369,1.0984262128769093,2,3,0.483125
0,2.2563706082941214e-06,3,model.20.m.1,0.9999993295604646,0.9999973227240454,1.0986115521149973,1.098609347379846,2,3,0.17
1,1.65315507947516e-08,4,model.23.m.0,0.999999955913113,0.9999999996524103,1.098612240233714,1.0986122882862435,2,3,0.7475
0,4.941166271249302e-09,5,model.23.m.1,0.9999999952971693,0.999999999819126,1.0986122835015222,1.0986122884693994,2,3,0.0
0,1.6518381205838522e-05,0,model.14.m.0,0.9999947045482793,0.9999603743603499,1.0986064710197754,1.0985687554534438,2,3,0.48125
0,8.052426546931846e-06,1,model.14.m.1,0.9999951525730072,0.9999921987355651,1.098606963225247,1.0986037181031345,2,3,0.289375
0,7.041872720327637e-05,2,model.20.m.0,0.9999744065063625,0.9998394873745486,1.0985841713414897,1.0984359475253025,2,3,0.409375
0,2.2340136050414566e-06,3,model.20.m.1,0.9999993151505961,0.999997433106409,1.0986115362841389,1.098609468647267,2,3,0.17625
1,1.7030000922078784e-08,4,model.23.m.0,0.9999999475550105,1.000000002425826,1.0986122310514,1.098612291333152,2,3,0.5925
0,4.943333954427636e-09,5,model.23.m.1,0.9999999952884954,1.0000000051700475,1.098612283491993,1.0986122943479875,2,3,0.0
0,5.611576202440024e-06,0,model.14.m.0,0.9999953094407517,0.9999972310477656,1.0986071355620788,1.0986092466631583,2,3,0.368125
0,9.805087244735421e-06,1,model.14.m.1,0.9999934631851012,0.9999828999499132,1.0986051072429333,1.0985935023429476,2,3,0.315625
0,9.713517347802246e-05,2,model.20.m.0,0.9999770725170741,0.9998207528592012,1.0985871002536192,1.0984153655565196,2,3,0.396875
0,1.7859264025103924e-06,3,model.20.m.1,0.9999992775645481,0.9999979337706264,1.0986114949916446,1.0986100186831287,2,3,0.209375
1,1.689514838824896e-08,4,model.23.m.0,0.999999950458567,1.0000000024131948,1.0986122342412827,1.0986122913192753,2,3,0.635
0,4.9498733672187635e-09,5,model.23.m.1,0.9999999899474064,1.0000000024911329,1.0986122776242069,1.098612291404899,2,3,0.0
1,1.8077646652823651e-06,0,model.14.m.0,0.999996623318945,0.9999931260578077,1.098608579004808,1.0986047368707457,2,3,0.375625
0,9.586981273745974e-06,1,model.14.m.1,0.9999931466448223,0.9999888856403096,1.098604759487893,1.0986000782959733,2,3,0.2825
1,3.945594592363416e-05,2,model.20.m.0,0.9999605890988684,0.9999082883770896,1.0985689913678192,1.0985115331521667,2,3,0.40625
0,2.6965700353366443e-06,3,model.20.m.1,0.9999993061091944,0.9999964501496434,1.0986115263511438,1.0986083887588851,2,3,0.153125
1,1.6140891583035582e-08,4,model.23.m.0,0.9999999509129112,1.0000000075746702,1.0986122347404308,1.0986122969897356,2,3,0.6625
0,4.958595593557016e-09,5,model.23.m.1,0.9999999926130251,0.9999999998145082,1.0986122805526883,1.0986122884643261,2,3,0.0
0,9.510798617971784e-06,0,model.14.m.0,0.9999917556025535,0.9999900301396032,1.0986032312717624,1.0986013356569615,2,3,0.350625
0,9.013123658496356e-06,1,model.14.m.1,0.9999942684212019,0.9999882986004853,1.0986059918852087,1.0985994333668083,2,3,0.216875
1,3.431130734986559e-05,2,model.20.m.0,0.9999373924235835,0.9998946844059347,1.098543507215295,1.0984965876622812,2,3,0.38875
0,3.2272633897932265e-06,3,model.20.m.1,0.9999993123828433,0.999995527704165,1.0986115332434516,1.098607375348947,2,3,0.17
1,1.617462290542105e-08,4,model.23.m.0,0.9999999534566363,1.000000002208535,1.0986122375349985,1.0986122910944334,2,3,0.735
0,4.960777629169326e-09,5,model.23.m.1,0.9999999926130251,1.0000000024888118,1.0986122805526883,1.098612291402349,2,3,0.0
0,1.320062410214008e-05,0,model.14.m.0,0.9999872653166557,0.9999744122316181,1.0985982981884954,1.0985841776313259,2,3,0.396875
0,8.595080146768692e-06,1,model.14.m.1,0.99999352709272,0.9999894830610228,1.0986051774526286,1.0986007346297102,2,3,0.283125
1,7.380021306037713e-05,2,model.20.m.0,0.9999664955092306,0.999765511580666,1.098575480222825,1.098354676809079,2,3,0.410625
0,2.0625812836835085e-06,3,model.20.m.1,0.9999992253622239,0.9999976668648697,1.0986114376415297,1.0986097254571845,2,3,0.189375
1,1.6380587438737183e-08,4,model.23.m.0,0.9999999506387922,0.9999999969171095,1.0986122344392804,1.0986122852812084,2,3,0.76
0,4.954230415795831e-09,5,model.23.m.1,0.9999999926370604,0.9999999998121774,1.0986122805790939,1.0986122884617655,2,3,0.0
0,6.931473821373147e-06,0,model.14.m.0,0.9999923783813314,0.9999932433159047,1.098603915464181,1.098604865691932,2,3,0.29375
0,6.471741951646821e-06,1,model.14.m.1,0.9999943966161369,0.9999848723488476,1.0986061327217396,1.098595669244655,2,3,0.31
1,6.553214414764638e-05,2,model.20.m.0,0.9999409739715787,0.9996822873928367,1.0985474419479349,1.0982632456936154,2,3,0.399375
0,4.2721659676755726e-06,3,model.20.m.1,0.9999992509802382,0.9999935211307374,1.098611465785795,1.0986051709027211,2,3,0.188125
1,1.6548365107907522e-08,4,model.23.m.0,0.99999995038184,1.0000000023089244,1.0986122341569895,1.0986122912047225,2,3,0.6925
0,4.943342156866925e-09,5,model.23.m.1,0.9999999926598625,0.9999999998121774,1.0986122806041445,1.0986122884617655,2,3,0.0
0,1.549445078896758e-05,0,model.14.m.0,0.999983599171131,0.9999853793876384,1.09859427051597,1.0985962262837015,2,3,0.318125
0,7.932549628741816e-06,1,model.14.m.1,0.9999961445812616,0.9999808096857898,1.0986080530577058,1.0985912059530951,2,3,0.3875
1,4.415638150202282e-05,2,model.20.m.0,0.9999261854740615,0.9998965374821274,1.0985311951228316,1.0984986234745584,2,3,0.3575
0,4.568119815989474e-06,3,model.20.m.1,0.9999991799063858,0.9999930598040809,1.0986113877031873,1.0986046640835874,2,3,0.17625
1,1.6208948554252415e-08,4,model.23.m.0,0.9999999527498651,0.999999996798117,1.098612236758531,1.0986122851504818,2,3,0.7225
0,4.943333816017741e-09,5,model.23.m.1,0.9999999899714274,0.9999999998145082,1.0986122776505967,1.0986122884643261,2,3,0.0
0,2.641966709440827e-05,0,model.14.m.0,0.9999811030353738,0.9999814723873276,1.098591528230553,1.0985919340051482,2,3,0.31625
0,9.047723553271914e-06,1,model.14.m.1,0.9999961536845167,0.9999823786766595,1.0986080630586537,1.0985929296657453,2,3,0.2975
1,2.9853616883667073e-05,2,model.20.m.0,0.999832615357382,0.9998252706214028,1.0984283978427953,1.0984203288255916,2,3,0.40875
0,4.259654067679305e-06,3,model.20.m.1,0.9999992409217059,0.9999937803663231,1.0986114547353678,1.0986054557021214,2,3,0.14375
1,1.625180283741534e-08,4,model.23.m.0,0.9999999502903907,1.000000002192035,1.098612234056522,1.0986122910763063,2,3,0.7275
0,4.9520555741167525e-09,5,model.23.m.1,0.9999999899800673,0.999999999809832,1.0986122776600886,1.098612288459189,2,3,0.0
0,4.6587030414943465e-06,0,model.14.m.0,0.9999908180829945,0.9999946229715916,1.098602201301254,1.0986063813986238,2,3,0.27125
0,8.080085762614882e-06,1,model.14.m.1,0.9999945520076594,0.9999891378363478,1.098606303436776,1.09860035536164,2,3,0.15875
1,5.077622403405909e-05,2,model.20.m.0,0.9999430429219581,0.9997775473391096,1.0985497149222463,1.0983678994412087,2,3,0.43625
0,3.892407288577236e-06,3,model.20.m.1,0.9999992241301321,0.9999944210287118,1.0986114362879384,1.0986061595416945,2,3,0.191875
1,1.635364678679297e-08,4,model.23.m.0,0.9999999530167871,0.9999999968717121,1.0986122370517748,1.0986122852313343,2,3,0.7225
0,4.96514502609619e-09,5,model.23.m.1,0.9999999952971693,1.000000005160773,1.0986122835015222,1.0986122943377983,2,3,0.0
0,1.0586860644661803e-05,0,model.14.m.0,0.9999866263805564,0.9999854338394037,1.098597596245445,1.09859628610508,2,3,0.435
0,1.0183541910564525e-05,1,model.14.m.1,0.9999973641154325,0.9999821742216406,1.0986093928529324,1.098592705048949,2,3,0.18375
1,5.8692615632577414e-05,2,model.20.m.0,0.9999476606579347,0.9997473581517891,1.098554788023736,1.0983347332290334,2,3,0.415625
0,3.891370026742164e-06,3,model.20.m.1,0.999999267566345,0.9999943576752027,1.0986114840074959,1.0986060899407508,2,3,0.1675
1,1.6519574178162192e-08,4,model.23.m.0,0.9999999504833078,1.0000000023003,1.0986122342684632,1.0986122911952476,2,3,0.6775
0,4.9716992620680695e-09,5,model.23.m.1,0.9999999926500278,1.0000000051536642,1.09861228059334,1.0986122943299885,2,3,0.0
0,7.929712242201554e-05,0,model.14.m.0,0.999965467111343,0.9999105443479334,1.098574350412268,1.0985140115894585,2,3,0.2825
0,7.856706443657628e-06,1,model.14.m.1,0.9999973918236916,0.9999790804562987,1.0986094232935664,1.0985893062003262,2,3,0.23625
1,6.233731570137177e-05,2,model.20.m.0,0.9999129039513435,0.9996256322742193,1.0985166038787613,1.0982010036840864,2,3,0.489375
0,3.063845634045082e-06,3,model.20.m.1,0.9999991803561135,0.9999961092970672,1.0986113881972637,1.0986080142940562,2,3,0.203125
1,1.6693946996506356e-08,4,model.23.m.0,0.9999999474484548,0.9999999996450473,1.0986122309343365,1.0986122882781544,2,3,0.66
0,4.991392931364038e-09,5,model.23.m.1,0.9999999899517384,0.9999999998003054,1.0986122776289662,1.0986122884487228,2,3,0.0
0,3.954026609209103e-05,0,model.14.m.0,0.9999865672556998,0.9999058271862743,1.098597531290151,1.0985088292576923,2,3,0.3275
0,1.1383616920833005e-05,1,model.14.m.1,0.9999983739163153,0.9999765309515738,1.0986105022325914,1.0985865052831054,2,3,0.23
1,0.0002322015192023324,2,model.20.m.0,0.999946027106293,0.999094251005695,1.0985529933838283,1.0976172216925175,2,3,0.480625
0,3.4540884840169456e-06,3,model.20.m.1,0.9999992150601055,0.999995117713089,1.0986114263234958,1.0986069249277126,2,3,0.1875
1,1.650944346475705e-08,4,model.23.m.0,0.9999999529446081,0.9999999995891578,1.098612236972478,1.0986122882167535,2,3,0.675
0,4.976070518621216e-09,5,model.23.m.1,0.9999999926500278,1.0000000024769882,1.09861228059334,1.0986122913893595,2,3,0.0
0,4.6587030414943465e-06,0,model.14.m.0,0.9999908180829945,0.9999946229715916,1.098602201301254,1.0986063813986238,2,3,0.27125
0,8.080085762614882e-06,1,model.14.m.1,0.9999945520076594,0.9999891378363478,1.098606303436776,1.09860035536164,2,3,0.15875
1,5.077622403405909e-05,2,model.20.m.0,0.9999430429219581,0.9997775473391096,1.0985497149222463,1.0983678994412087,2,3,0.43625
0,3.892407288577236e-06,3,model.20.m.1,0.9999992241301321,0.9999944210287118,1.0986114362879384,1.0986061595416945,2,3,0.191875
1,1.635364678679297e-08,4,model.23.m.0,0.9999999530167871,0.9999999968717121,1.0986122370517748,1.0986122852313343,2,3,0.7225
0,4.96514502609619e-09,5,model.23.m.1,0.9999999952971693,1.000000005160773,1.0986122835015222,1.0986122943377983,2,3,0.0
0,2.5403617982955513e-05,0,model.14.m.0,0.9999837170551611,0.9999398396961507,1.098594400024814,1.098546195819011,2,3,0.394375
0,6.269621425444865e-06,1,model.14.m.1,0.9999957392977183,0.9999830080106376,1.0986076078082248,1.0985936210597873,2,3,0.26875
1,6.238949418996287e-05,2,model.20.m.0,0.9998815277982496,0.9995241549983412,1.0984821336514012,1.0980895195017861,2,3,0.44875
0,4.044222309644574e-06,3,model.20.m.1,0.9999991872371999,0.9999941069814667,1.09861139575691,1.0986058145255317,2,3,0.2325
1,1.661807312563849e-08,4,model.23.m.0,0.999999949995933,1.0000000022632605,1.0986122337330273,1.0986122911545555,2,3,0.675
0,4.978259217744437e-09,5,model.23.m.1,0.9999999899462163,1.0000000051560483,1.0986122776228995,1.0986122943326078,2,3,0.0
0,6.1289163080043e-05,0,model.14.m.0,0.9999745123473732,0.9999122623426764,1.0985842876197247,1.0985158989995951,2,3,0.334375
0,6.630215265632125e-06,1,model.14.m.1,0.9999970911558067,0.9999784733631402,1.0986090929761332,1.098588639240322,2,3,0.2925
1,0.00017036403800151111,2,model.20.m.0,0.9999027359048732,0.9991198617196669,1.0985054331379573,1.0976453579376086,2,3,0.539375
0,3.475868457493219e-06,3,model.20.m.1,0.9999991785367093,0.9999951928895846,1.098611386198444,1.0986070075175345,2,3,0.183125
1,1.6442739127434932e-08,4,model.23.m.0,0.9999999525364737,0.9999999968179399,1.0986122365240965,1.0986122851722595,2,3,0.745
0,4.982633134787543e-09,5,model.23.m.1,0.9999999953113458,1.0000000024769882,1.0986122835170966,1.0986122913893595,2,3,0.0
0,7.713883468096685e-05,0,model.14.m.0,0.9999822759709589,0.9998513313493632,1.0985928168320005,1.0984489594615805,2,3,0.36125
0,7.827442294123762e-06,1,model.14.m.1,0.9999982816453874,0.9999805214300123,1.098610400862616,1.0985908892717555,2,3,0.29375
1,0.0002409797716262476,2,model.20.m.0,0.9999373581810269,0.9990205095179857,1.0985434695960015,1.0975362083879354,2,3,0.483125
0,3.255362427024937e-06,3,model.20.m.1,0.9999991761891864,0.9999956196145722,1.0986113836194265,1.0986074763228497,2,3,0.19
1,1.6753678696891582e-08,4,model.23.m.0,0.9999999498025658,0.9999999996166419,1.0986122335205917,1.0986122882469478,2,3,0.65
0,4.982633161408136e-09,5,model.23.m.1,0.99999999264571,0.9999999998003054,1.0986122805885965,1.0986122884487228,2,3,0.0
0,4.3419713160956964e-05,0,model.14.m.0,0.9999886855197948,0.9999315682769445,1.0985998584411165,1.0985371087362263,2,3,0.22875
0,1.030067116489404e-05,1,model.14.m.1,0.9999968970661149,0.9999732853684822,1.0986088797468128,1.098582939645637,2,3,0.270625
1,3.4957756309973156e-05,2,model.20.m.0,0.9998889798848567,0.9997381924554524,1.098490320605324,1.0983246636824038,2,3,0.428125
0,3.724097461087466e-06,3,model.20.m.1,0.9999992670116626,0.9999945145701945,1.0986114833981149,1.0986062623075168,2,3,0.173125
1,1.6256657787045185e-08,4,model.23.m.0,0.9999999533957475,0.9999999995717556,1.0986122374681053,1.0986122881976352,2,3,0.6375
0,4.969513568698559e-09,5,model.23.m.1,0.999999992617362,0.999999999809832,1.098612280557453,1.098612288459189,2,3,0.0
0,4.9784963240681096e-05,0,model.14.m.0,0.9999871934214458,0.9999131994915818,1.0985982192035344,1.0985169285628988,2,3,0.33
0,1.058644967562956e-05,1,model.14.m.1,0.9999968184985865,0.9999740819203032,1.0986087934315605,1.0985838147472562,2,3,0.24375
1,3.5570232803336464e-05,2,model.20.m.0,0.999889268969015,0.9997475411352661,1.0984906381967328,1.09833493425693,2,3,0.475
0,2.9654594156121165e-06,3,model.20.m.1,0.9999992817806005,0.9999960695920654,1.0986114996234515,1.0986079706736533,2,3,0.176875
1,1.6483821660790985e-08,4,model.23.m.0,0.9999999530501674,0.9999999995983352,1.0986122370884468,1.0986122882268359,2,3,0.66
0,4.9716992620680695e-09,5,model.23.m.1,0.9999999926500278,1.0000000051536642,1.09861228059334,1.0986122943299885,2,3,0.0
0,7.041187427571079e-05,0,model.14.m.0,0.9999803968316564,0.9998805363253914,1.0985907523864706,1.0984810444071353,2,3,0.265625
0,1.0413669640242477e-05,1,model.14.m.1,0.9999967791216016,0.9999686586421421,1.098608750171521,1.0985778566672235,2,3,0.24375
1,7.383176001373002e-05,2,model.20.m.0,0.9998506054429099,0.9993901095235508,1.0984481619718305,1.097942255495941,2,3,0.5725
0,3.685299403774901e-06,3,model.20.m.1,0.9999992382471449,0.999994795747144,1.0986114517970622,1.0986065712119688,2,3,0.1875
1,1.6375165136656036e-08,4,model.23.m.0,0.9999999475025987,1.0000000022052848,1.0986122309938195,1.098612291090863,2,3,0.695
0,4.9651448049396165e-09,5,model.23.m.1,0.99999999264571,1.0000000024817612,1.0986122805885965,1.0986122913946033,2,3,0.0
0,0.0001116751036093353,0,model.14.m.0,0.9999838186957113,0.9998072883090172,1.0985945116883715,1.098400573236226,2,3,0.33875
0,7.904376566873967e-06,1,model.14.m.1,0.9999967791586548,0.9999774549551155,1.0986087502122281,1.098587520404751,2,3,0.24625
1,7.720863101104251e-05,2,model.20.m.0,0.9999157875726178,0.9995713044187021,1.098519771860529,1.0981413184343982,2,3,0.479375
0,3.372747724449273e-06,3,model.20.m.1,0.999999268932962,0.9999953693715751,1.098611485508878,1.0986072014028179,2,3,0.199375
1,1.6215423728793596e-08,4,model.23.m.0,0.9999999529658652,1.0000000021571225,1.0986122369958313,1.098612291037951,2,3,0.6675
0,4.956419569491266e-09,5,model.23.m.1,0.9999999899702301,0.999999999809832,1.0986122776492813,1.098612288459189,2,3,0.0
0,3.49550296974675e-06,0,model.14.m.0,0.9999949266233333,0.9999985433871885,1.0986067149941587,1.0986106884153752,2,3,0.34
1,3.3359708232498998e-06,1,model.14.m.1,0.999992546905089,0.9999807541568355,1.098604100606452,1.0985911449483035,2,3,0.3675
1,0.00024937777412326794,2,model.20.m.0,0.9999040011035744,0.9988341202979948,1.098506823100798,1.097331438900378,2,3,0.568125
0,5.029644872052929e-06,3,model.20.m.1,0.9999991191457964,0.9999917504240965,1.0986113209508572,1.098603225582646,2,3,0.179375
1,1.654843645645559e-08,4,model.23.m.0,0.9999999498239102,0.9999999995486253,1.098612233544041,1.098612288172224,2,3,0.725
0,4.908591927438099e-09,5,model.23.m.1,0.9999999899517384,1.0000000025047537,1.0986122776289662,1.098612291419863,2,3,0.0
0,1.6559051142102355e-05,0,model.14.m.0,0.9999930129204305,0.9999852761533014,1.0986046125766329,1.0985961128691901,2,3,0.33375
1,3.3209468849148118e-06,1,model.14.m.1,0.9999909704807664,0.9999766187668003,1.098602368727319,1.0985866017579924,2,3,0.38625
1,0.0001829219524667454,2,model.20.m.0,0.9999562386196565,0.9993226683531662,1.0985642118778953,1.0978681637973944,2,3,0.519375
0,4.03845298612061e-06,3,model.20.m.1,0.9999990854642944,0.9999935651548664,1.0986112839479452,1.0986052192681703,2,3,0.22375
1,1.6728780652033244e-08,4,model.23.m.0,0.9999999498113925,0.9999999996218366,1.0986122335302888,1.0986122882526548,2,3,0.6775
0,4.923774780078221e-09,5,model.23.m.1,0.9999999953113458,1.000000002498009,1.0986122835170966,1.098612291412453,2,3,0.0
1,2.5621316650568956e-06,0,model.14.m.0,0.9999931395602155,0.9999999572252362,1.0986047517046569,1.0986122416752286,2,3,0.395
0,5.349374492560476e-06,1,model.14.m.1,0.9999917683325533,0.9999756039178201,1.0986032452570966,1.0985854868324316,2,3,0.314375
1,0.0004029377110769711,2,model.20.m.0,0.9998876623403552,0.9982173311053857,1.0984888731347437,1.0966538267138601,2,3,0.5825
0,3.7176454785388152e-06,3,model.20.m.1,0.9999991937031242,0.9999943867291289,1.0986114028604537,1.0986061218597512,2,3,0.225625
1,1.635730229921087e-08,4,model.23.m.0,0.9999999524826477,0.9999999967825761,1.0986122364649626,1.0986122851334084,2,3,0.745
0,4.9455208922587454e-09,5,model.23.m.1,0.9999999953113458,0.9999999971402019,1.0986122835170966,1.0986122855263005,2,3,0.0
0,1.8942043520024345e-05,0,model.14.m.0,0.9999929920394868,0.9999752519942652,1.0986045896365715,1.0985851002048894,2,3,0.355
1,2.8491064280064624e-06,1,model.14.m.1,0.9999876312796553,0.9999786573962087,1.098598700239944,1.0985888414213125,2,3,0.41875
1,0.0005503118222154376,2,model.20.m.0,0.9999181986573632,0.9979026578200951,1.0985224207078594,1.0963081227757243,2,3,0.523125
0,3.91210811721528e-06,3,model.20.m.1,0.9999990866729255,0.9999938579217135,1.0986112852757621,1.0986055409054263,2,3,0.171875
1,1.6776885406283057e-08,4,model.23.m.0,0.9999999496082211,1.0000000022882314,1.0986122333070822,1.0986122911819889,2,3,0.665
0,4.9346398860998256e-09,5,model.23.m.1,0.9999999952971693,0.9999999998214132,1.0986122835015222,1.098612288471912,2,3,0.0
0,1.1421461027818363e-05,0,model.14.m.0,0.9999943338834325,0.9999908382955316,1.0986060638028197,1.0986022235069957,2,3,0.41625
1,3.4368357373513656e-06,1,model.14.m.1,0.999992567437653,0.9999873901423569,1.098604123163779,1.0985984353235447,2,3,0.383125
1,0.0003023986975775922,2,model.20.m.0,0.9999625068716018,0.9990146236419526,1.098571098256511,1.097529742092196,2,3,0.470625
0,4.17000576629072e-06,3,model.20.m.1,0.9999990962497879,0.9999934574321674,1.0986112957970209,1.0986051009226894,2,3,0.230625
1,1.665850126640828e-08,4,model.23.m.0,0.99999994962753,0.9999999995614215,1.0986122333282953,1.098612288186282,2,3,0.7275
0,4.943342321727892e-09,5,model.23.m.1,0.9999999953113458,1.0000000024911329,1.0986122835170966,1.098612291404899,2,3,0.0
0,1.9575962111542103e-05,0,model.14.m.0,0.9999886210363665,0.999940503978493,1.0985997875988298,1.0985469256077554,2,3,0.401875
1,3.904326407398989e-06,1,model.14.m.1,0.9999911307493223,0.9999886648069379,1.098602544800324,1.0985998356857174,2,3,0.249375
1,0.00032156834173074607,2,model.20.m.0,0.9999490308916278,0.9988264587675751,1.0985562933793096,1.0973230218489092,2,3,0.575
0,4.585355390036448e-06,3,model.20.m.1,0.9999991072342337,0.9999926992032753,1.098611307864668,1.098604267923111,2,3,0.215
1,1.6806444022476517e-08,4,model.23.m.0,0.9999999468951837,0.9999999942633603,1.098612230326506,1.098612282365767,2,3,0.7125
0,4.930285369444438e-09,5,model.23.m.1,0.9999999926272136,1.0000000051723297,1.098612280568276,1.0986122943504948,2,3,0.0
0,9.564061178715663e-06,0,model.14.m.0,0.9999930489933867,0.9999902027197939,1.0986046522068258,1.0986015252556798,2,3,0.370625
0,4.535208394188092e-06,1,model.14.m.1,0.9999940931865908,0.9999894143946799,1.0986057993703116,1.098600659192022,2,3,0.325
1,0.0002329451172252664,2,model.20.m.0,0.9999104309523213,0.9989072285469447,1.0985138870116458,1.0974117565210775,2,3,0.52875
0,4.066864600039402e-06,3,model.20.m.1,0.9999990962658877,0.9999936584045819,1.0986112958147083,1.0986053217134537,2,3,0.2125
1,1.6642367899962374e-08,4,model.23.m.0,0.999999946901081,1.0000000022271616,1.0986122303329848,1.0986122911148968,2,3,0.6475
0,4.92594627316208e-09,5,model.23.m.1,0.99999999264571,1.0000000024957314,1.0986122805885965,1.098612291409951,2,3,0.0
0,4.9441151900288195e-06,0,model.14.m.0,0.9999891425664044,0.9999911312457044,1.0986003605581383,1.0986025453456554,2,3,0.4
1,3.6309576382907867e-06,1,model.14.m.1,0.999990726945575,0.9999863709208148,1.098602101176565,1.0985973155942337,2,3,0.331875
1,0.00035107891731339224,2,model.20.m.0,0.9999209720581962,0.9985569376095498,1.098525467600096,1.0970269225926463,2,3,0.51
0,3.485836991688209e-06,3,model.20.m.1,0.9999991414759616,0.9999946694583546,1.098611345483051,1.0986064324695528,2,3,0.20875
1,1.6573411502441502e-08,4,model.23.m.0,0.9999999524210331,0.9999999968742295,1.0986122363972721,1.0986122852340998,2,3,0.6925
0,4.934639694441535e-09,5,model.23.m.1,0.9999999953113458,0.999999999819126,1.0986122835170966,1.0986122884693994,2,3,0.0
1,1.2631824363374675e-06,0,model.14.m.0,0.9999924520190795,0.9999882654248046,1.098603996363516,1.0985993969195977,2,4,0.350625
1,2.23932262057355e-06,1,model.14.m.1,0.9999925338567298,0.9999991520833925,1.0986040862713642,1.098611357136505,2,4,0.483125
1,0.00010568956438505948,2,model.20.m.0,0.999957539491632,0.9995316810396394,1.0985656410318336,1.0980977877032414,2,4,0.486875
0,9.99073620717929e-07,3,model.20.m.1,0.9999993050708987,0.9999989399341241,1.0986115252104593,1.0986111240667118,2,4,0.229375
1,1.3330810788913041e-08,4,model.23.m.0,0.9999999561108023,0.9999999894759545,1.0986122404508978,1.098612277106264,2,4,1.0
0,4.0430881157300125e-09,5,model.23.m.1,0.9999999926370604,1.0000000026161426,1.0986122805790939,1.0986122915422363,2,4,0.0
1,2.7932361893822733e-06,0,model.14.m.0,0.999994151546107,0.9999964982614644,1.0986058634847933,1.098608441615123,2,4,0.33625
1,1.9567776057487598e-06,1,model.14.m.1,0.999993383930583,0.999999715265053,1.0986050201729456,1.098611975854798,2,4,0.42625
1,0.0001074140681700008,2,model.20.m.0,0.9999649187044221,0.9995632318479591,1.0985737479256854,1.0981324498089788,2,4,0.616875
0,8.969191655575906e-07,3,model.20.m.1,0.999999268309788,0.9999992907410359,1.0986114848242514,1.098611509467496,2,4,0.19625
1,1.3447488466103647e-08,4,model.23.m.0,0.9999999532213059,0.9999999840849545,1.0986122372764615,1.0986122711836452,2,4,1.0
0,4.043562296654793e-09,5,model.23.m.1,0.9999999899572556,0.9999999999427972,1.0986122776350273,1.098612288605266,2,4,0.0
1,6.608653449068118e-07,0,model.14.m.0,0.9999938005311937,0.9999956352999323,1.098605477855496,1.098607493554979,2,4,0.405625
0,2.6540883968067527e-06,1,model.14.m.1,0.9999932971421102,0.9999995661509229,1.0986049248260628,1.0986118120361823,2,4,0.475625
1,9.928081276739829e-05,2,model.20.m.0,0.9999467000656163,0.9995064221522755,1.0985537327052106,1.0980700379791852,2,4,0.564375
0,8.825629647567711e-07,3,model.20.m.1,0.9999993138325638,0.9999991765504376,1.0986115348361323,1.0986113840163014,2,4,0.225625
1,1.338299436626942e-08,4,model.23.m.0,0.9999999506930184,0.9999999814270232,1.0986122344988538,1.0986122682636092,2,4,1.0
0,4.0466606865457675e-09,5,model.23.m.1,0.9999999899517384,0.9999999972668537,1.0986122776289662,1.0986122856654417,2,4,0.0
1,1.071271720447497e-06,0,model.14.m.0,0.9999932568111431,0.9999824035898605,1.098604880517967,1.098592957035694,2,4,0.433125
0,2.144975480920336e-06,1,model.14.m.1,0.9999935599255343,0.9999989709093781,1.0986052135231619,1.0986111580965063,2,4,0.4375
1,8.376484890766016e-05,2,model.20.m.0,0.9999256878531372,0.9994931779166845,1.098530648430369,1.098055487699211,2,4,0.444375
0,1.1763081071777684e-06,3,model.20.m.1,0.9999993295604646,0.9999984073132867,1.0986115521149973,1.0986105389229146,2,4,0.224375
1,1.3516299099210322e-08,4,model.23.m.0,0.999999955913113,0.99999998695996,1.098612240233714,1.0986122743421616,2,4,1.0
0,4.049767661715362e-09,5,model.23.m.1,0.9999999952971693,0.9999999999401873,1.0986122835015222,1.0986122886023988,2,4,0.0
1,4.1713506640514235e-07,0,model.14.m.0,0.9999947045482793,0.9999939590295966,1.0986064710197754,1.0986056519837892,2,4,0.326875
1,1.1912648878697725e-06,1,model.14.m.1,0.9999951525730072,0.9999993728379307,1.098606963225247,1.0986115996601535,2,4,0.410625
0,0.0001428021601629192,2,model.20.m.0,0.9999744065063625,0.9995459590655974,1.0985841713414897,1.0981134737180167,2,4,0.494375
0,1.0562252202358916e-06,3,model.20.m.1,0.9999993151505961,0.9999987363727361,1.0986115362841389,1.0986109004316693,2,4,0.253125
1,1.3453945642920951e-08,4,model.23.m.0,0.9999999475550105,0.9999999893985322,1.0986122310514,1.098612277021207,2,4,1.0
0,4.0513708034002484e-09,5,model.23.m.1,0.9999999952884954,0.9999999972668537,1.098612283491993,1.0986122856654417,2,4,0.0
1,1.1007484989225644e-06,0,model.14.m.0,0.9999953094407517,0.9999996747164057,1.0986071355620788,1.0986119313075557,2,4,0.288125
1,8.843443683761412e-07,1,model.14.m.1,0.9999934631851012,0.9999988492096371,1.0986051072429333,1.0986110243956755,2,4,0.525625
0,0.00012891020566775115,2,model.20.m.0,0.9999770725170741,0.9996637643857591,1.0985871002536192,1.098242896090417,2,4,0.50875
0,1.204792567830441e-06,3,model.20.m.1,0.9999992775645481,0.9999987293252297,1.0986114949916446,1.0986108926891922,2,4,0.2475
1,1.3435495406614206e-08,4,model.23.m.0,0.999999950458567,0.9999999893796973,1.0986122342412827,1.0986122770005147,2,4,1.0
0,4.04811978857332e-09,5,model.23.m.1,0.9999999899474064,0.9999999972668537,1.0986122776242069,1.0986122856654417,2,4,0.0
1,1.8958384901397827e-06,0,model.14.m.0,0.999996623318945,0.9999891697878579,1.098608579004808,1.0986003904639616,2,4,0.38125
1,1.7190904649295368e-06,1,model.14.m.1,0.9999931466448223,0.9999993310277102,1.098604759487893,1.0986115537269314,2,4,0.541875
1,0.00010074231942171848,2,model.20.m.0,0.9999605890988684,0.9995494286850463,1.0985689913678192,1.0981172854845802,2,4,0.491875
0,1.0437520899931176e-06,3,model.20.m.1,0.9999993061091944,0.9999988576326578,1.0986115263511438,1.0986110336493096,2,4,0.309375
1,1.333934414321542e-08,4,model.23.m.0,0.9999999509129112,0.9999999894245221,1.0986122347404308,1.0986122770497597,2,4,1.0
0,4.052352490164886e-09,5,model.23.m.1,0.9999999926130251,1.0000000026161426,1.0986122805526883,1.0986122915422363,2,4,0.0
1,9.327416733610938e-07,0,model.14.m.0,0.9999917556025535,0.999980607183082,1.0986032312717624,1.0985909834811318,2,4,0.436875
0,2.261297069080968e-06,1,model.14.m.1,0.9999942684212019,0.9999995570499279,1.0986059918852087,1.0986118020377174,2,4,0.3425
1,9.36692744476172e-05,2,model.20.m.0,0.9999373924235835,0.9994947087215457,1.098543507215295,1.098057169460243,2,4,0.470625
0,8.290277757213812e-07,3,model.20.m.1,0.9999993123828433,0.9999992452077274,1.0986115332434516,1.0986114594440437,2,4,0.290625
1,1.342660390849937e-08,4,model.23.m.0,0.9999999534566363,0.9999999922445287,1.0986122375349985,1.0986122801478537,2,4,1.0
0,4.0526816394360485e-09,5,model.23.m.1,0.9999999926130251,1.0000000052907838,1.0986122805526883,1.0986122944806298,2,4,0.0
1,1.7035551252391596e-06,0,model.14.m.0,0.9999872653166557,0.9999961305881699,1.0985982981884954,1.0986080376847234,2,4,0.36
1,1.8683030282804094e-06,1,model.14.m.1,0.99999352709272,0.9999992504908446,1.0986051774526286,1.0986114652481411,2,4,0.3775
1,0.00011999979988736118,2,model.20.m.0,0.9999664955092306,0.9995427334117787,1.098575480222825,1.0981099299750925,2,4,0.531875
0,1.0319330273616948e-06,3,model.20.m.1,0.9999992253622239,0.9999990722249128,1.0986114376415297,1.098611269402998,2,4,0.195625
1,1.3373976752487332e-08,4,model.23.m.0,0.9999999506387922,0.9999999867280903,1.0986122344392804,1.0986122740874267,2,4,1.0
0,4.042430778126237e-09,5,model.23.m.1,0.9999999926370604,0.9999999972668537,1.0986122805790939,1.0986122856654417,2,4,0.0
1,7.824471584991867e-07,0,model.14.m.0,0.9999923783813314,0.9999831527722658,1.098603915464181,1.098593780096691,2,4,0.5025
1,2.310782695705662e-06,1,model.14.m.1,0.9999943966161369,0.9999998395896186,1.0986061327217396,1.0986121124392936,2,4,0.346875
1,0.0001308740655450991,2,model.20.m.0,0.9999409739715787,0.9993766814907176,1.0985474419479349,1.0979275032940579,2,4,0.48125
0,5.974355160850769e-07,3,model.20.m.1,0.9999992509802382,0.9999998058183476,1.098611465785795,1.0986120753377602,2,4,0.26625
1,1.3473587752437118e-08,4,model.23.m.0,0.99999995038184,0.9999999760471617,1.0986122341569895,1.0986122623532273,2,4,1.0
0,4.033506714358024e-09,5,model.23.m.1,0.9999999926598625,0.9999999999427972,1.0986122806041445,1.098612288605266,2,4,0.0
1,2.93583613227883e-07,0,model.14.m.0,0.999983599171131,0.9999816820482413,1.09859427051597,1.0985921643412044,2,4,0.615
0,1.9955007680258117e-06,1,model.14.m.1,0.9999961445812616,0.9999998416274238,1.0986080530577058,1.0986121146780514,2,4,0.365
1,0.00012574652543193162,2,model.20.m.0,0.9999261854740615,0.9993441037798402,1.0985311951228316,1.0978917130205512,2,4,0.574375
0,7.22706576527577e-07,3,model.20.m.1,0.9999991799063858,0.9999997183044764,1.0986113877031873,1.098611979193946,2,4,0.269375
1,1.3579375901533167e-08,4,model.23.m.0,0.9999999527498651,0.9999999868412024,1.098612236758531,1.098612274211693,2,4,1.0
0,4.038530708938297e-09,5,model.23.m.1,0.9999999899714274,1.0000000026174454,1.0986122776505967,1.0986122915436674,2,4,0.0
0,2.5903494005303054e-06,0,model.14.m.0,0.9999811030353738,0.9999885994621912,1.098591528230553,1.0985997638971756,2,4,0.500625
0,1.9524157481853546e-06,1,model.14.m.1,0.9999961536845167,0.9999997682895565,1.0986080630586537,1.098612034108169,2,4,0.284375
1,6.614373811140539e-05,2,model.20.m.0,0.999832615357382,0.999341903025963,1.0984283978427953,1.0978892952452974,2,4,0.579375
0,6.087350745662303e-07,3,model.20.m.1,0.9999992409217059,0.9999998019381136,1.0986114547353678,1.0986120710748875,2,4,0.2625
1,1.3594489974903565e-08,4,model.23.m.0,0.9999999502903907,0.999999986738839,1.098612234056522,1.0986122740992355,2,4,1.0
0,4.035290164451224e-09,5,model.23.m.1,0.9999999899800673,0.9999999999427972,1.0986122776600886,1.098612288605266,2,4,0.0
1,8.87947060115667e-07,0,model.14.m.0,0.9999908180829945,0.9999837344398087,1.098602201301254,1.0985944191238015,2,4,0.355625
0,3.454702748324347e-06,1,model.14.m.1,0.9999945520076594,0.9999992160008925,1.098606303436776,1.098611427357056,2,4,0.21375
1,0.00013514391551821083,2,model.20.m.0,0.9999430429219581,0.999374193575357,1.0985497149222463,1.0979247700396695,2,4,0.493125
0,7.990672890795312e-07,3,model.20.m.1,0.9999992241301321,0.9999994651809209,1.0986114362879384,1.0986117011092973,2,4,0.20625
1,1.3493550321163193e-08,4,model.23.m.0,0.9999999530167871,0.999999984152801,1.0986122370517748,1.0986122712581823,2,4,1.0
0,4.04943628288704e-09,5,model.23.m.1,0.9999999952971693,1.0000000052907838,1.0986122835015222,1.0986122944806298,2,4,0.0
1,7.852336152659668e-07,0,model.14.m.0,0.9999866263805564,0.9999908481245661,1.098597596245445,1.0986022343052937,2,4,0.353125
0,1.728934588797026e-06,1,model.14.m.1,0.9999973641154325,0.9999992529022739,1.0986093928529324,1.098611467897367,2,4,0.32875
1,0.00015422534054373863,2,model.20.m.0,0.9999476606579347,0.9993269037629703,1.098554788023736,1.0978728168706526,2,4,0.575625
0,6.400070565351732e-07,3,model.20.m.1,0.999999267566345,0.9999996548404582,1.0986114840074959,1.0986119094715956,2,4,0.243125
1,1.3551220020901217e-08,4,model.23.m.0,0.9999999504833078,0.9999999893684907,1.0986122342684632,1.098612276988203,2,4,1.0
0,4.037733734158459e-09,5,model.23.m.1,0.9999999926500278,1.0000000026174454,1.09861228059334,1.0986122915436674,2,4,0.0
1,5.167506793153057e-06,0,model.14.m.0,0.999965467111343,0.999978546469072,1.098574350412268,1.098588719555397,2,4,0.56375
0,1.5744301013879448e-06,1,model.14.m.1,0.9999973918236916,0.9999998384192881,1.0986094232935664,1.098612111153554,2,4,0.298125
1,0.00011840639790975174,2,model.20.m.0,0.9999129039513435,0.9993262266297238,1.0985166038787613,1.097872072963747,2,4,0.523125
0,7.0948087697879e-07,3,model.20.m.1,0.9999991803561135,0.9999996791221347,1.0986113881972637,1.0986119361477438,2,4,0.2625
1,1.3683763531466633e-08,4,model.23.m.0,0.9999999474484548,0.9999999948788739,1.0986122309343365,1.0986122830419778,2,4,1.0
0,4.047651017530236e-09,5,model.23.m.1,0.9999999899517384,1.0000000052907838,1.0986122776289662,1.0986122944806298,2,4,0.0
1,2.728570932185553e-07,0,model.14.m.0,0.9999865672556998,0.9999860698731867,1.098597531290151,1.09859698485961,2,4,0.503125
0,1.4824063888600886e-06,1,model.14.m.1,0.9999983739163153,0.9999988627492439,1.0986105022325914,1.0986110392704538,2,4,0.261875
1,0.0001595034303688962,2,model.20.m.0,0.999946027106293,0.9993076862014332,1.0985529933838283,1.0978517042213898,2,4,0.588125
0,5.781738140016237e-07,3,model.20.m.1,0.9999992150601055,0.999999814680459,1.0986114263234958,1.0986120850737846,2,4,0.231875
1,1.3587396172102465e-08,4,model.23.m.0,0.9999999529446081,0.9999999894777283,1.098612236972478,1.0986122771082127,2,4,1.0
0,4.037403623771293e-09,5,model.23.m.1,0.9999999926500278,0.9999999999427972,1.09861228059334,1.098612288605266,2,4,0.0
1,8.87947060115667e-07,0,model.14.m.0,0.9999908180829945,0.9999837344398087,1.098602201301254,1.0985944191238015,2,4,0.355625
0,3.454702748324347e-06,1,model.14.m.1,0.9999945520076594,0.9999992160008925,1.098606303436776,1.098611427357056,2,4,0.21375
1,0.00013514391551821083,2,model.20.m.0,0.9999430429219581,0.999374193575357,1.0985497149222463,1.0979247700396695,2,4,0.493125
0,7.990672890795312e-07,3,model.20.m.1,0.9999992241301321,0.9999994651809209,1.0986114362879384,1.0986117011092973,2,4,0.20625
1,1.3493550321163193e-08,4,model.23.m.0,0.9999999530167871,0.999999984152801,1.0986122370517748,1.0986122712581823,2,4,1.0
0,4.04943628288704e-09,5,model.23.m.1,0.9999999952971693,1.0000000052907838,1.0986122835015222,1.0986122944806298,2,4,0.0
1,1.408917399549418e-06,0,model.14.m.0,0.9999837170551611,0.9999878516415998,1.098594400024814,1.0985989423322842,2,4,0.465625
0,2.6693397356424887e-06,1,model.14.m.1,0.9999957392977183,0.9999996522362103,1.0986076078082248,1.0986119066105369,2,4,0.25875
1,0.0001231577391893016,2,model.20.m.0,0.9998815277982496,0.999211445986271,1.0984821336514012,1.0977459735383486,2,4,0.6025
0,6.771653120331533e-07,3,model.20.m.1,0.9999991872371999,0.9999997483806232,1.09861139575691,1.0986120122359704,2,4,0.295
1,1.3644802510259275e-08,4,model.23.m.0,0.999999949995933,0.9999999893985322,1.0986122337330273,1.098612277021207,2,4,1.0
0,4.0484475499178945e-09,5,model.23.m.1,0.9999999899462163,0.9999999999427972,1.0986122776228995,1.098612288605266,2,4,0.0
1,6.388852656459619e-07,0,model.14.m.0,0.9999745123473732,0.999974015605337,1.0985842876197247,1.0985837418928195,2,4,0.4975
0,2.748825241767047e-06,1,model.14.m.1,0.9999970911558067,0.9999991305963247,1.0986090929761332,1.0986113335305483,2,4,0.211875
1,0.00011886488602145476,2,model.20.m.0,0.9999027359048732,0.9992941831001249,1.0985054331379573,1.0978368695483574,2,4,0.5975
0,6.548955541643795e-07,3,model.20.m.1,0.9999991785367093,0.9999997801974828,1.098611386198444,1.0986120471903633,2,4,0.319375
1,1.3730452157747502e-08,4,model.23.m.0,0.9999999525364737,0.9999999948450088,1.0986122365240965,1.098612283004773,2,4,1.0
0,4.042430426696502e-09,5,model.23.m.1,0.9999999953113458,0.9999999999427972,1.0986122835170966,1.098612288605266,2,4,0.0
1,2.662566840010947e-07,0,model.14.m.0,0.9999822759709589,0.9999828326553648,1.0985928168320005,1.0985934284123298,2,4,0.56625
0,2.582294530167694e-06,1,model.14.m.1,0.9999982816453874,0.999997956197394,1.098610400862616,1.0986100433214512,2,4,0.17125
1,0.0001708008614918937,2,model.20.m.0,0.9999373581810269,0.9992361382504424,1.0985434695960015,1.0977731007632023,2,4,0.611875
0,6.037274137005099e-07,3,model.20.m.1,0.9999991761891864,0.9999998528395803,1.0986113836194265,1.0986121269958642,2,4,0.245
1,1.3750196978050254e-08,4,model.23.m.0,0.9999999498025658,0.9999999894392836,1.0986122335205917,1.098612277065977,2,4,1.0
0,4.039187950002763e-09,5,model.23.m.1,0.99999999264571,1.0000000026174454,1.0986122805885965,1.0986122915436674,2,4,0.0
1,8.163569897797786e-07,0,model.14.m.0,0.9999886855197948,0.9999811066577475,1.0985998584411165,1.0985915322101372,2,4,0.3575
0,2.064756189997473e-06,1,model.14.m.1,0.9999968970661149,0.9999993878569743,1.0986088797468128,1.0986116161602593,2,4,0.22375
1,8.856462579878233e-05,2,model.20.m.0,0.9998889798848567,0.999372314342836,1.098490320605324,1.0979227054917287,2,4,0.455625
0,7.046799017668435e-07,3,model.20.m.1,0.9999992670116626,0.9999995679560019,1.0986114833981149,1.0986118140192642,2,4,0.266875
1,1.3496114332730682e-08,4,model.23.m.0,0.9999999533957475,0.9999999894652299,1.0986122374681053,1.098612277094482,2,4,1.0
0,4.0502361303397315e-09,5,model.23.m.1,0.999999992617362,0.9999999972668537,1.098612280557453,1.0986122856654417,2,4,0.0
1,5.758830404591276e-07,0,model.14.m.0,0.9999871934214458,0.9999783645316301,1.0985982192035344,1.0985885196766876,2,4,0.438125
0,2.3281230105028615e-06,1,model.14.m.1,0.9999968184985865,0.9999987305391166,1.0986087934315605,1.0986108940227832,2,4,0.24875
1,0.00010081077935722048,2,model.20.m.0,0.999889268969015,0.9993203721982211,1.0984906381967328,1.097865641213355,2,4,0.543125
0,7.253633265021889e-07,3,model.20.m.1,0.9999992817806005,0.999999504582032,1.0986114996234515,1.098611744395842,2,4,0.339375
1,1.3522563139042746e-08,4,model.23.m.0,0.9999999530501674,0.9999999894585133,1.0986122370884468,1.098612277087103,2,4,1.0
0,4.038396158171366e-09,5,model.23.m.1,0.9999999926500278,0.9999999999414994,1.09861228059334,1.0986122886038403,2,4,0.0
1,7.739163707702276e-07,0,model.14.m.0,0.9999803968316564,0.999988800106347,1.0985907523864706,1.0985999843273109,2,4,0.475625
0,1.9305618013824638e-06,1,model.14.m.1,0.9999967791216016,0.9999995518536389,1.098608750171521,1.0986117963290103,2,4,0.2375
1,6.561849805868276e-05,2,model.20.m.0,0.9998506054429099,0.9993825724539346,1.0984481619718305,1.09793397517864,2,4,0.476875
0,7.652263515164524e-07,3,model.20.m.1,0.9999992382471449,0.9999994388897552,1.0986114517970622,1.0986116722254995,2,4,0.251875
1,1.3628803284711222e-08,4,model.23.m.0,0.9999999475025987,0.9999999867580929,1.0986122309938195,1.0986122741203879,2,4,1.0
0,4.0405116356600865e-09,5,model.23.m.1,0.99999999264571,1.0000000052907838,1.0986122805885965,1.0986122944806298,2,4,0.0
1,1.682183614509463e-07,0,model.14.m.0,0.9999838186957113,0.9999842469749948,1.0985945116883715,1.0985949822012553,2,4,0.494375
0,1.6579733834319501e-06,1,model.14.m.1,0.9999967791586548,0.9999995265126933,1.0986087502122281,1.098611768489136,2,4,0.326875
1,0.00012507920852831023,2,model.20.m.0,0.9999157875726178,0.9993203754504776,1.098519771860529,1.097865644786324,2,4,0.48625
0,7.153789308925326e-07,3,model.20.m.1,0.999999268932962,0.9999994025549526,1.098611485508878,1.098611632307639,2,4,0.2525
1,1.3548263390091082e-08,4,model.23.m.0,0.9999999529658652,0.999999992146854,1.0986122369958313,1.0986122800405471,2,4,1.0
0,4.039187955056585e-09,5,model.23.m.1,0.9999999899702301,0.9999999999427972,1.0986122776492813,1.098612288605266,2,4,0.0
1,1.7331886813339695e-06,0,model.14.m.0,0.9999949266233333,0.9999995919819766,1.0986067149941587,1.0986118404144953,2,4,0.3775
1,1.4995146818282644e-06,1,model.14.m.1,0.999992546905089,0.999999311508217,1.098604100606452,1.0986115322825762,2,4,0.51375
1,8.351997594856588e-05,2,model.20.m.0,0.9999040011035744,0.9994422220477626,1.098506823100798,1.0979995069554336,2,4,0.5925
0,8.634583802565304e-07,3,model.20.m.1,0.9999991191457964,0.9999995625107795,1.0986113209508572,1.098611808037076,2,4,0.268125
1,1.3722539782656847e-08,4,model.23.m.0,0.9999999498239102,0.999999989527285,1.098612233544041,1.0986122771626563,2,4,1.0
0,4.0460039757256205e-09,5,model.23.m.1,0.9999999899517384,0.9999999999427972,1.0986122776289662,1.098612288605266,2,4,0.0
0,1.8717676618003885e-06,0,model.14.m.0,0.9999930129204305,0.9999991979723165,1.0986046125766329,1.0986114075506408,2,4,0.42
1,1.544626851733875e-06,1,model.14.m.1,0.9999909704807664,0.9999986916674375,1.098602368727319,1.098610851317879,2,4,0.4625
1,0.00011216606052355743,2,model.20.m.0,0.9999562386196565,0.9995194398938065,1.0985642118778953,1.098084339430002,2,4,0.591875
0,8.801787586246613e-07,3,model.20.m.1,0.9999990854642944,0.9999996090746927,1.0986112839479452,1.0986118591927632,2,4,0.2425
1,1.355984190891175e-08,4,model.23.m.0,0.9999999498113925,0.999999986809506,1.0986122335302888,1.098612274176871,2,4,1.0
0,4.0417747301195354e-09,5,model.23.m.1,0.9999999953113458,1.000000002618733,1.0986122835170966,1.098612291545082,2,4,0.0
1,1.4738632519723237e-07,0,model.14.m.0,0.9999931395602155,0.9999933752094256,1.0986047517046569,1.0986050105917748,2,4,0.470625
0,2.449865430006863e-06,1,model.14.m.1,0.9999917683325533,0.9999991758210419,1.0986032452570966,1.0986113832149784,2,4,0.54875
1,5.350339223731825e-05,2,model.20.m.0,0.9998876623403552,0.9995286812547688,1.0984888731347437,1.0980944921027191,2,4,0.493125
0,7.834505420424446e-07,3,model.20.m.1,0.9999991937031242,0.9999995233215432,1.0986114028604537,1.0986117649832994,2,4,0.33
1,1.3582825199778673e-08,4,model.23.m.0,0.9999999524826477,0.9999999867902883,1.0986122364649626,1.0986122741557582,2,4,1.0
0,4.042430426696502e-09,5,model.23.m.1,0.9999999953113458,0.9999999999427972,1.0986122835170966,1.098612288605266,2,4,0.0
1,1.160982597992808e-06,0,model.14.m.0,0.9999929920394868,0.9999988684091335,1.0986045896365715,1.098611045488478,2,4,0.37
1,3.25446876409287e-06,1,model.14.m.1,0.9999876312796553,0.999999161601429,1.098598700239944,1.0986113675931368,2,4,0.375
1,9.648116189080527e-05,2,model.20.m.0,0.9999181986573632,0.9994383606302759,1.0985224207078594,1.097995264754731,2,4,0.48
0,9.197522287813489e-07,3,model.20.m.1,0.9999990866729255,0.9999995051857329,1.0986112852757621,1.0986117450590753,2,4,0.2825
1,1.3762335921470241e-08,4,model.23.m.0,0.9999999496082211,0.9999999842304361,1.0986122333070822,1.0986122713434732,2,4,1.0
0,4.047465857953322e-09,5,model.23.m.1,0.9999999952971693,0.9999999972681464,1.0986122835015222,1.0986122856668619,2,4,0.0
1,4.549652259860313e-07,0,model.14.m.0,0.9999943338834325,0.9999970666530626,1.0986060638028197,1.0986090660571175,2,4,0.379375
1,2.349688787373614e-06,1,model.14.m.1,0.999992567437653,0.9999996217472082,1.098604123163779,1.0986118731149446,2,4,0.429375
1,0.00013102009417088694,2,model.20.m.0,0.9999625068716018,0.9995093179978691,1.098571098256511,1.0980732193907405,2,4,0.48625
0,1.0030501573743108e-06,3,model.20.m.1,0.9999990962497879,0.99999933986776,1.0986112957970209,1.0986115634387188,2,4,0.245625
1,1.373737455985894e-08,4,model.23.m.0,0.99999994962753,0.999999992146854,1.0986122333282953,1.0986122800405471,2,4,1.0
0,4.0421031993625785e-09,5,model.23.m.1,0.9999999953113458,0.9999999972681464,1.0986122835170966,1.0986122856668619,2,4,0.0
1,1.1845809251322792e-06,0,model.14.m.0,0.9999886210363665,0.9999972473113539,1.0985997875988298,1.0986092645305363,2,4,0.35125
1,2.406771508403567e-06,1,model.14.m.1,0.9999911307493223,0.9999992557357065,1.098602544800324,1.0986114710102108,2,4,0.34625
1,0.00012017122916926958,2,model.20.m.0,0.9999490308916278,0.9994631366573168,1.0985562933793096,1.0980224840025026,2,4,0.58
0,9.54143925683713e-07,3,model.20.m.1,0.9999991072342337,0.9999994242085518,1.098611307864668,1.098611656096549,2,4,0.2975
1,1.3767959540477435e-08,4,model.23.m.0,0.9999999468951837,0.999999986881772,1.098612230326506,1.0986122742562634,2,4,1.0
0,4.045350477118684e-09,5,model.23.m.1,0.9999999926272136,0.9999999972681464,1.098612280568276,1.0986122856668619,2,4,0.0
1,2.405935514161636e-06,0,model.14.m.0,0.9999930489933867,0.9999975939410828,1.0986046522068258,1.098609645342216,2,4,0.343125
0,1.6936842092034804e-06,1,model.14.m.1,0.9999940931865908,0.9999996134128937,1.0986057993703116,1.098611863958764,2,4,0.480625
1,6.564954127605965e-05,2,model.20.m.0,0.9999104309523213,0.9995252401088996,1.0985138870116458,1.0980907116175802,2,4,0.526875
0,1.0137712923763875e-06,3,model.20.m.1,0.9999990962658877,0.9999993074651674,1.0986112958147083,1.0986115278408324,2,4,0.27875
1,1.3751025454191229e-08,4,model.23.m.0,0.999999946901081,0.9999999921638398,1.0986122303329848,1.098612280059208,2,4,1.0
0,4.038858800642238e-09,5,model.23.m.1,0.99999999264571,0.9999999999427972,1.0986122805885965,1.098612288605266,2,4,0.0
1,1.7176319018710631e-06,0,model.14.m.0,0.9999891425664044,0.999997985274251,1.0986003605581383,1.0986100752656436,2,4,0.448125
1,2.9209220175483623e-06,1,model.14.m.1,0.999990726945575,0.9999996701287838,1.098602101176565,1.098611926267538,2,4,0.4775
1,7.490605380682815e-05,2,model.20.m.0,0.9999209720581962,0.9995201680136666,1.098525467600096,1.098085139351428,2,4,0.51625
0,8.581678570004729e-07,3,model.20.m.1,0.9999991414759616,0.9999995350343479,1.098611345483051,1.0986117778511306,2,4,0.291875
1,1.3612922699737556e-08,4,model.23.m.0,0.9999999524210331,0.9999999894781813,1.0986122363972721,1.0986122771087103,2,4,1.0
0,4.042430426696502e-09,5,model.23.m.1,0.9999999953113458,0.9999999999427972,1.0986122835170966,1.098612288605266,2,4,0.0
1,4.633472275268488e-06,0,model.14.m.0,0.9999883974116415,0.9999882654248046,1.0985995419219587,1.0985993969195977,3,4,0.291875
0,6.908111693046761e-06,1,model.14.m.1,0.9999893295298077,0.9999991520833925,1.0986005659584306,1.098611357136505,3,4,0.371875
1,0.00013423351224127873,2,model.20.m.0,0.9999297272817863,0.9995316810396394,1.0985350861963221,1.0980977877032414,3,4,0.364375
0,1.636051553581485e-06,3,model.20.m.1,0.9999972015141334,0.9999989399341241,1.098609214217147,1.0986111240667118,3,4,0.505
1,4.300942559686689e-09,4,model.23.m.0,0.9999999997038881,0.9999999894759545,1.0986122883427976,1.098612277106264,3,4,0.67
0,1.3946495520309238e-10,5,model.23.m.1,0.9999999998121774,1.0000000026161426,1.0986122884617655,1.0986122915422363,3,4,0.0
0,4.941993430067815e-06,0,model.14.m.0,0.9999962440230049,0.9999964982614644,1.098608162305627,1.098608441615123,3,4,0.361875
0,6.373525321011952e-06,1,model.14.m.1,0.999986794071336,0.999999715265053,1.0985977804725962,1.098611975854798,3,4,0.373125
1,7.035915593327238e-05,2,model.20.m.0,0.9998751906881167,0.9995632318479591,1.0984751716243346,1.0981324498089788,3,4,0.369375
0,2.4401980814121977e-06,3,model.20.m.1,0.9999948229321916,0.9999992907410359,1.0986066010777962,1.098611509467496,3,4,0.550625
1,3.992317009087246e-09,4,model.23.m.0,0.9999999996164476,0.9999999840849545,1.0986122882467344,1.0986122711836452,3,4,0.6725
0,1.3737377234925783e-10,5,model.23.m.1,1.0000000024888118,0.9999999999427972,1.098612291402349,1.098612288605266,3,4,0.0
1,6.9177013093001786e-06,0,model.14.m.0,0.9999898728014459,0.9999956352999323,1.0986011628033285,1.098607493554979,3,4,0.32375
0,5.848535418969498e-06,1,model.14.m.1,0.9999897985231558,0.9999995661509229,1.0986010812002862,1.0986118120361823,3,4,0.360625
1,6.896723634401088e-05,2,model.20.m.0,0.9998451459419169,0.9995064221522755,1.0984421640969495,1.0980700379791852,3,4,0.36625
0,1.915976817691744e-06,3,model.20.m.1,0.9999962909639606,0.9999991765504376,1.0986082138755378,1.0986113840163014,3,4,0.49
1,4.073762420873728e-09,4,model.23.m.0,0.9999999996404607,0.9999999814270232,1.0986122882731155,1.0986122682636092,3,4,0.695
0,1.3881146170715246e-10,5,model.23.m.1,0.9999999998121774,0.9999999972668537,1.0986122884617655,1.0986122856654417,3,4,0.0
0,2.6684073482004895e-05,0,model.14.m.0,0.9999582761590303,0.9999824035898605,1.09856645034369,1.098592957035694,3,4,0.42375
0,6.59471669737095e-06,1,model.14.m.1,0.9999904367464464,0.9999989709093781,1.098601782360236,1.0986111580965063,3,4,0.381875
1,7.225383502461487e-05,2,model.20.m.0,0.9998306265157237,0.9994931779166845,1.0984262128769093,1.098055487699211,3,4,0.31125
0,1.9597439787979806e-06,3,model.20.m.1,0.9999973227240454,0.9999984073132867,1.098609347379846,1.0986105389229146,3,4,0.513125
1,4.063450895198489e-09,4,model.23.m.0,0.9999999996524103,0.99999998695996,1.0986122882862435,1.0986122743421616,3,4,0.7475
0,1.3658337223661519e-10,5,model.23.m.1,0.999999999819126,0.9999999999401873,1.0986122884693994,1.0986122886023988,3,4,0.0
0,2.1932777473728795e-05,0,model.14.m.0,0.9999603743603499,0.9999939590295966,1.0985687554534438,1.0986056519837892,3,4,0.32375
0,5.088380533246531e-06,1,model.14.m.1,0.9999921987355651,0.9999993728379307,1.0986037181031345,1.0986115996601535,3,4,0.27375
1,5.6843829783703986e-05,2,model.20.m.0,0.9998394873745486,0.9995459590655974,1.0984359475253025,1.0981134737180167,3,4,0.365
0,1.6078552764712445e-06,3,model.20.m.1,0.999997433106409,0.9999987363727361,1.098609468647267,1.0986109004316693,3,4,0.491875
1,4.510412534846875e-09,4,model.23.m.0,1.000000002425826,0.9999999893985322,1.098612291333152,1.098612277021207,3,4,0.5925
0,1.3489818941908762e-10,5,model.23.m.1,1.0000000051700475,0.9999999972668537,1.0986122943479875,1.0986122856654417,3,4,0.0
0,1.981881002615282e-06,0,model.14.m.0,0.9999972310477656,0.9999996747164057,1.0986092466631583,1.0986119313075557,3,4,0.33
0,7.08033345805714e-06,1,model.14.m.1,0.9999828999499132,0.9999988492096371,1.0985935023429476,1.0986110243956755,3,4,0.3675
1,3.640349986088918e-05,2,model.20.m.0,0.9998207528592012,0.9996637643857591,1.0984153655565196,1.098242896090417,3,4,0.29375
0,1.5924475893459248e-06,3,model.20.m.1,0.9999979337706264,0.9999987293252297,1.0986100186831287,1.0986108926891922,3,4,0.44625
1,4.4175148214264175e-09,4,model.23.m.0,1.0000000024131948,0.9999999893796973,1.0986122913192753,1.0986122770005147,3,4,0.635
0,1.3684671032897017e-10,5,model.23.m.1,1.0000000024911329,0.9999999972668537,1.098612291404899,1.0986122856654417,3,4,0.0
1,4.100247634012137e-07,0,model.14.m.0,0.9999931260578077,0.9999891697878579,1.0986047368707457,1.0986003904639616,3,4,0.4275
0,6.576881402954799e-06,1,model.14.m.1,0.9999888856403096,0.9999993310277102,1.0986000782959733,1.0986115537269314,3,4,0.399375
1,0.00010333145224869023,2,model.20.m.0,0.9999082883770896,0.9995494286850463,1.0985115331521667,1.0981172854845802,3,4,0.26
0,2.1090290690287525e-06,3,model.20.m.1,0.9999964501496434,0.9999988576326578,1.0986083887588851,1.0986110336493096,3,4,0.431875
1,3.846310147012236e-09,4,model.23.m.0,1.0000000075746702,0.9999999894245221,1.0986122969897356,1.0986122770497597,3,4,0.6625
0,1.3828196877705684e-10,5,model.23.m.1,0.9999999998145082,1.0000000026161426,1.0986122884643261,1.0986122915422363,3,4,0.0
0,1.5407173756652346e-05,0,model.14.m.0,0.9999900301396032,0.999980607183082,1.0986013356569615,1.0985909834811318,3,4,0.375
0,6.589291915287286e-06,1,model.14.m.1,0.9999882986004853,0.9999995570499279,1.0985994333668083,1.0986118020377174,3,4,0.435625
1,9.766179563429778e-05,2,model.20.m.0,0.9998946844059347,0.9994947087215457,1.0984965876622812,1.098057169460243,3,4,0.35125
0,2.2002458657210922e-06,3,model.20.m.1,0.999995527704165,0.9999992452077274,1.098607375348947,1.0986114594440437,3,4,0.4825
1,3.746241399359928e-09,4,model.23.m.0,1.000000002208535,0.9999999922445287,1.0986122910944334,1.0986122801478537,3,4,0.735
0,1.39002702593957e-10,5,model.23.m.1,1.0000000024888118,1.0000000052907838,1.098612291402349,1.0986122944806298,3,4,0.0
0,1.4492364221235077e-05,0,model.14.m.0,0.9999744122316181,0.9999961305881699,1.0985841776313259,1.0986080376847234,3,4,0.399375
0,6.575939653577099e-06,1,model.14.m.1,0.9999894830610228,0.9999992504908446,1.0986007346297102,1.0986114652481411,3,4,0.3675
1,3.260992325649357e-05,2,model.20.m.0,0.999765511580666,0.9995427334117787,1.098354676809079,1.0981099299750925,3,4,0.33875
0,1.4288875265305067e-06,3,model.20.m.1,0.9999976668648697,0.9999990722249128,1.0986097254571845,1.098611269402998,3,4,0.539375
1,3.921610279076513e-09,4,model.23.m.0,0.9999999969171095,0.9999999867280903,1.0986122852812084,1.0986122740874267,3,4,0.76
0,1.3881146170715246e-10,5,model.23.m.1,0.9999999998121774,0.9999999972668537,1.0986122884617655,1.0986122856654417,3,4,0.0
0,1.217702628449036e-05,0,model.14.m.0,0.9999932433159047,0.9999831527722658,1.098604865691932,1.098593780096691,3,4,0.406875
0,7.2726725640761625e-06,1,model.14.m.1,0.9999848723488476,0.9999998395896186,1.098595669244655,1.0986121124392936,3,4,0.30375
1,3.2912514176282266e-05,2,model.20.m.0,0.9996822873928367,0.9993766814907176,1.0982632456936154,1.0979275032940579,3,4,0.44625
0,2.4885495050361263e-06,3,model.20.m.1,0.9999935211307374,0.9999998058183476,1.0986051709027211,1.0986120753377602,3,4,0.4
1,4.067394898963458e-09,4,model.23.m.0,1.0000000023089244,0.9999999760471617,1.0986122912047225,1.0986122623532273,3,4,0.6925
0,1.3816036911381955e-10,5,model.23.m.1,0.9999999998121774,0.9999999999427972,1.0986122884617655,1.098612288605266,3,4,0.0
0,1.8854704619354352e-05,0,model.14.m.0,0.9999853793876384,0.9999816820482413,1.0985962262837015,1.0985921643412044,3,4,0.380625
0,8.86971961983605e-06,1,model.14.m.1,0.9999808096857898,0.9999998416274238,1.0985912059530951,1.0986121146780514,3,4,0.38125
1,0.00015855182497047403,2,model.20.m.0,0.9998965374821274,0.9993441037798402,1.0984986234745584,1.0978917130205512,3,4,0.445
0,2.6699113349465376e-06,3,model.20.m.1,0.9999930598040809,0.9999997183044764,1.0986046640835874,1.098611979193946,3,4,0.48125
1,3.7000489449099622e-09,4,model.23.m.0,0.999999996798117,0.9999999868412024,1.0986122851504818,1.098612274211693,3,4,0.7225
0,1.373055709914919e-10,5,model.23.m.1,0.9999999998145082,1.0000000026174454,1.0986122884643261,1.0986122915436674,3,4,0.0
0,1.4917681248315063e-05,0,model.14.m.0,0.9999814723873276,0.9999885994621912,1.0985919340051482,1.0985997638971756,3,4,0.363125
0,8.421736772581956e-06,1,model.14.m.1,0.9999823786766595,0.9999997682895565,1.0985929296657453,1.098612034108169,3,4,0.449375
1,9.869735252384949e-05,2,model.20.m.0,0.9998252706214028,0.999341903025963,1.0984203288255916,1.0978892952452974,3,4,0.479375
0,2.2850597812083134e-06,3,model.20.m.1,0.9999937803663231,0.9999998019381136,1.0986054557021214,1.0986120710748875,3,4,0.404375
1,3.814159502792065e-09,4,model.23.m.0,1.000000002192035,0.999999986738839,1.0986122910763063,1.0986122740992355,3,4,0.7275
0,1.393453041835136e-10,5,model.23.m.1,0.999999999809832,0.9999999999427972,1.098612288459189,1.098612288605266,3,4,0.0
0,9.45296966952438e-06,0,model.14.m.0,0.9999946229715916,0.9999837344398087,1.0986063813986238,1.0985944191238015,3,4,0.27625
0,6.0294550847163906e-06,1,model.14.m.1,0.9999891378363478,0.9999992160008925,1.09860035536164,1.098611427357056,3,4,0.480625
1,6.155877724366672e-05,2,model.20.m.0,0.9997775473391096,0.999374193575357,1.0983678994412087,1.0979247700396695,3,4,0.405
0,2.4273411884097958e-06,3,model.20.m.1,0.9999944210287118,0.9999994651809209,1.0986061595416945,1.0986117011092973,3,4,0.425625
1,3.802679347922963e-09,4,model.23.m.0,0.9999999968717121,0.999999984152801,1.0986122852313343,1.0986122712581823,3,4,0.7225
0,1.4058501494881246e-10,5,model.23.m.1,1.000000005160773,1.0000000052907838,1.0986122943377983,1.0986122944806298,3,4,0.0
0,1.2428356639750322e-05,0,model.14.m.0,0.9999854338394037,0.9999908481245661,1.09859628610508,1.0986022343052937,3,4,0.39625
0,9.468432271558336e-06,1,model.14.m.1,0.9999821742216406,0.9999992529022739,1.098592705048949,1.098611467897367,3,4,0.378125
1,5.920728606376743e-05,2,model.20.m.0,0.9997473581517891,0.9993269037629703,1.0983347332290334,1.0978728168706526,3,4,0.408125
0,2.3542190427215676e-06,3,model.20.m.1,0.9999943576752027,0.9999996548404582,1.0986060899407508,1.0986119094715956,3,4,0.45125
1,4.031838277844555e-09,4,model.23.m.0,1.0000000023003,0.9999999893684907,1.0986122911952476,1.098612276988203,3,4,0.6775
0,1.4286216870477538e-10,5,model.23.m.1,1.0000000051536642,1.0000000026174454,1.0986122943299885,1.0986122915436674,3,4,0.0
0,4.711973654623262e-05,0,model.14.m.0,0.9999105443479334,0.999978546469072,1.0985140115894585,1.098588719555397,3,4,0.23625
0,9.250809982789046e-06,1,model.14.m.1,0.9999790804562987,0.9999998384192881,1.0985893062003262,1.098612111153554,3,4,0.41875
1,2.989757179656702e-05,2,model.20.m.0,0.9996256322742193,0.9993262266297238,1.0982010036840864,1.097872072963747,3,4,0.423125
0,1.5764058156441502e-06,3,model.20.m.1,0.9999961092970672,0.9999996791221347,1.0986080142940562,1.0986119361477438,3,4,0.4375
1,4.048253179293901e-09,4,model.23.m.0,0.9999999996450473,0.9999999948788739,1.0986122882781544,1.0986122830419778,3,4,0.66
0,1.4579950464297874e-10,5,model.23.m.1,0.9999999998003054,1.0000000052907838,1.0986122884487228,1.0986122944806298,3,4,0.0
0,4.610604852741475e-05,0,model.14.m.0,0.9999058271862743,0.9999860698731867,1.0985088292576923,1.09859698485961,3,4,0.3975
0,1.2974347740101567e-05,1,model.14.m.1,0.9999765309515738,0.9999988627492439,1.0985865052831054,1.0986110392704538,3,4,0.43125
1,8.185193957883883e-06,2,model.20.m.0,0.999094251005695,0.9993076862014332,1.0976172216925175,1.0978517042213898,3,4,0.555625
0,2.008445312481617e-06,3,model.20.m.1,0.999995117713089,0.999999814680459,1.0986069249277126,1.0986120850737846,3,4,0.398125
1,3.893366664199137e-09,4,model.23.m.0,0.9999999995891578,0.9999999894777283,1.0986122882167535,1.0986122771082127,3,4,0.675
0,1.433368876864834e-10,5,model.23.m.1,1.0000000024769882,0.9999999999427972,1.0986122913893595,1.098612288605266,3,4,0.0
0,9.45296966952438e-06,0,model.14.m.0,0.9999946229715916,0.9999837344398087,1.0986063813986238,1.0985944191238015,3,4,0.27625
0,6.0294550847163906e-06,1,model.14.m.1,0.9999891378363478,0.9999992160008925,1.09860035536164,1.098611427357056,3,4,0.480625
1,6.155877724366672e-05,2,model.20.m.0,0.9997775473391096,0.999374193575357,1.0983678994412087,1.0979247700396695,3,4,0.405
0,2.4273411884097958e-06,3,model.20.m.1,0.9999944210287118,0.9999994651809209,1.0986061595416945,1.0986117011092973,3,4,0.425625
1,3.802679347922963e-09,4,model.23.m.0,0.9999999968717121,0.999999984152801,1.0986122852313343,1.0986122712581823,3,4,0.7225
0,1.4058501494881246e-10,5,model.23.m.1,1.000000005160773,1.0000000052907838,1.0986122943377983,1.0986122944806298,3,4,0.0
0,3.4742664533493826e-05,0,model.14.m.0,0.9999398396961507,0.9999878516415998,1.098546195819011,1.0985989423322842,3,4,0.30875
0,8.292643722525772e-06,1,model.14.m.1,0.9999830080106376,0.9999996522362103,1.0985936210597873,1.0986119066105369,3,4,0.45625
1,2.2324884352679898e-05,2,model.20.m.0,0.9995241549983412,0.999211445986271,1.0980895195017861,1.0977459735383486,3,4,0.530625
0,2.2875462687874207e-06,3,model.20.m.1,0.9999941069814667,0.9999997483806232,1.0986058145255317,1.0986120122359704,3,4,0.465625
1,3.9067149147181636e-09,4,model.23.m.0,1.0000000022632605,0.9999999893985322,1.0986122911545555,1.098612277021207,3,4,0.675
0,1.4133366931105324e-10,5,model.23.m.1,1.0000000051560483,0.9999999999427972,1.0986122943326078,1.098612288605266,3,4,0.0
0,5.266482242392129e-05,0,model.14.m.0,0.9999122623426764,0.999974015605337,1.0985158989995951,1.0985837418928195,3,4,0.333125
0,1.0877161980371347e-05,1,model.14.m.1,0.9999784733631402,0.9999991305963247,1.098588639240322,1.0986113335305483,3,4,0.3925
1,5.666042300819988e-06,2,model.20.m.0,0.9991198617196669,0.9992941831001249,1.0976453579376086,1.0978368695483574,3,4,0.533125
0,1.8753919730840683e-06,3,model.20.m.1,0.9999951928895846,0.9999997801974828,1.0986070075175345,1.0986120471903633,3,4,0.35125
1,3.672245544751952e-09,4,model.23.m.0,0.9999999968179399,0.9999999948450088,1.0986122851722595,1.098612283004773,3,4,0.745
0,1.433368876864834e-10,5,model.23.m.1,1.0000000024769882,0.9999999999427972,1.0986122913893595,1.098612288605266,3,4,0.0
0,6.902240116968955e-05,0,model.14.m.0,0.9998513313493632,0.9999828326553648,1.0984489594615805,1.0985934284123298,3,4,0.355
0,1.2341093874087075e-05,1,model.14.m.1,0.9999805214300123,0.999997956197394,1.0985908892717555,1.0986100433214512,3,4,0.389375
1,6.63606413900568e-06,2,model.20.m.0,0.9990205095179857,0.9992361382504424,1.0975362083879354,1.0977731007632023,3,4,0.59625
0,1.6307823130748043e-06,3,model.20.m.1,0.9999956196145722,0.9999998528395803,1.0986074763228497,1.0986121269958642,3,4,0.341875
1,3.974996460557879e-09,4,model.23.m.0,0.9999999996166419,0.9999999894392836,1.0986122882469478,1.098612277065977,3,4,0.65
0,1.444728151676433e-10,5,model.23.m.1,0.9999999998003054,1.0000000026174454,1.0986122884487228,1.0986122915436674,3,4,0.0
0,4.2768671583547015e-05,0,model.14.m.0,0.9999315682769445,0.9999811066577475,1.0985371087362263,1.0985915322101372,3,4,0.2625
0,1.3823262633655918e-05,1,model.14.m.1,0.9999732853684822,0.9999993878569743,1.098582939645637,1.0986116161602593,3,4,0.35625
1,5.0592091879104015e-05,2,model.20.m.0,0.9997381924554524,0.999372314342836,1.0983246636824038,1.0979227054917287,3,4,0.41125
0,2.4369346616698326e-06,3,model.20.m.1,0.9999945145701945,0.9999995679560019,1.0986062623075168,1.0986118140192642,3,4,0.384375
1,3.899251162444837e-09,4,model.23.m.0,0.9999999995717556,0.9999999894652299,1.0986122881976352,1.098612277094482,3,4,0.6375
0,1.3999831880334169e-10,5,model.23.m.1,0.999999999809832,0.9999999972668537,1.098612288459189,1.0986122856654417,3,4,0.0
0,5.198248595457666e-05,0,model.14.m.0,0.9999131994915818,0.9999783645316301,1.0985169285628988,1.0985885196766876,3,4,0.3175
0,1.5180272157619792e-05,1,model.14.m.1,0.9999740819203032,0.9999987305391166,1.0985838147472562,1.0986108940227832,3,4,0.36875
1,6.469826057310364e-05,2,model.20.m.0,0.9997475411352661,0.9993203721982211,1.09833493425693,1.097865641213355,3,4,0.430625
0,1.793219430566363e-06,3,model.20.m.1,0.9999960695920654,0.999999504582032,1.0986079706736533,1.098611744395842,3,4,0.37125
1,3.930121616811482e-09,4,model.23.m.0,0.9999999995983352,0.9999999894585133,1.0986122882268359,1.098612277087103,3,4,0.66
0,1.4352191040553105e-10,5,model.23.m.1,1.0000000051536642,0.9999999999414994,1.0986122943299885,1.0986122886038403,3,4,0.0
0,5.698025782246952e-05,0,model.14.m.0,0.9998805363253914,0.999988800106347,1.0984810444071353,1.0985999843273109,3,4,0.323125
0,1.5563437732863533e-05,1,model.14.m.1,0.9999686586421421,0.9999995518536389,1.0985778566672235,1.0986117963290103,3,4,0.43125
1,7.075231352459606e-06,2,model.20.m.0,0.9993901095235508,0.9993825724539346,1.097942255495941,1.09793397517864,3,4,0.456875
0,2.406678194300249e-06,3,model.20.m.1,0.999994795747144,0.9999994388897552,1.0986065712119688,1.0986116722254995,3,4,0.345625
1,3.794511956368769e-09,4,model.23.m.0,1.0000000022052848,0.9999999867580929,1.098612291090863,1.0986122741203879,3,4,0.695
0,1.4257766232828518e-10,5,model.23.m.1,1.0000000024817612,1.0000000052907838,1.0986122913946033,1.0986122944806298,3,4,0.0
0,0.00010536731021672057,0,model.14.m.0,0.9998072883090172,0.9999842469749948,1.098400573236226,1.0985949822012553,3,4,0.34875
0,1.1666196082619725e-05,1,model.14.m.1,0.9999774549551155,0.9999995265126933,1.098587520404751,1.098611768489136,3,4,0.37875
1,2.0994667449745547e-05,2,model.20.m.0,0.9995713044187021,0.9993203754504776,1.0981413184343982,1.097865644786324,3,4,0.493125
0,2.303432913800021e-06,3,model.20.m.1,0.9999953693715751,0.9999994025549526,1.0986072014028179,1.098611632307639,3,4,0.341875
1,3.6867753718852127e-09,4,model.23.m.0,1.0000000021571225,0.999999992146854,1.098612291037951,1.0986122800405471,3,4,0.6675
0,1.393453041835136e-10,5,model.23.m.1,0.999999999809832,0.9999999999427972,1.098612288459189,1.098612288605266,3,4,0.0
0,3.2663431025022256e-07,0,model.14.m.0,0.9999985433871885,0.9999995919819766,1.0986106884153752,1.0986118404144953,3,4,0.313125
1,5.2827737183902546e-06,1,model.14.m.1,0.9999807541568355,0.999999311508217,1.0985911449483035,1.0986115322825762,3,4,0.304375
1,4.430926345152641e-05,2,model.20.m.0,0.9988341202979948,0.9994422220477626,1.097331438900378,1.0979995069554336,3,4,0.5725
0,3.5826714930833263e-06,3,model.20.m.1,0.9999917504240965,0.9999995625107795,1.098603225582646,1.098611808037076,3,4,0.4225
1,3.80123180976666e-09,4,model.23.m.0,0.9999999995486253,0.999999989527285,1.098612288172224,1.0986122771626563,3,4,0.725
0,1.2926758425482215e-10,5,model.23.m.1,1.0000000025047537,0.9999999999427972,1.098612291419863,1.098612288605266,3,4,0.0
0,7.597867754539586e-06,0,model.14.m.0,0.9999852761533014,0.9999991979723165,1.0985961128691901,1.0986114075506408,3,4,0.330625
1,5.524468529685396e-06,1,model.14.m.1,0.9999766187668003,0.9999986916674375,1.0985866017579924,1.098610851317879,3,4,0.33125
1,1.0467765561942161e-05,2,model.20.m.0,0.9993226683531662,0.9995194398938065,1.0978681637973944,1.098084339430002,3,4,0.530625
0,2.8150151032128217e-06,3,model.20.m.1,0.9999935651548664,0.9999996090746927,1.0986052192681703,1.0986118591927632,3,4,0.4475
1,3.998302487918365e-09,4,model.23.m.0,0.9999999996218366,0.999999986809506,1.0986122882526548,1.098612274176871,3,4,0.6775
0,1.3206753494606226e-10,5,model.23.m.1,1.000000002498009,1.000000002618733,1.098612291412453,1.098612291545082,3,4,0.0
1,2.385915314198037e-06,0,model.14.m.0,0.9999999572252362,0.9999933752094256,1.0986122416752286,1.0986050105917748,3,4,0.3125
1,6.481564786155636e-06,1,model.14.m.1,0.9999756039178201,0.9999991758210419,1.0985854868324316,1.0986113832149784,3,4,0.396875
1,0.0001650847044575984,2,model.20.m.0,0.9982173311053857,0.9995286812547688,1.0966538267138601,1.0980944921027191,3,4,0.44625
0,2.6693653205410412e-06,3,model.20.m.1,0.9999943867291289,0.9999995233215432,1.0986061218597512,1.0986117649832994,3,4,0.425625
1,3.6219550767881687e-09,4,model.23.m.0,0.9999999967825761,0.9999999867902883,1.0986122851334084,1.0986122741557582,3,4,0.745
0,1.3658961547337094e-10,5,model.23.m.1,0.9999999971402019,0.9999999999427972,1.0986122855263005,1.098612288605266,3,4,0.0
0,1.3868947826398907e-05,0,model.14.m.0,0.9999752519942652,0.9999988684091335,1.0985851002048894,1.098611045488478,3,4,0.29625
1,5.438807490922622e-06,1,model.14.m.1,0.9999786573962087,0.999999161601429,1.0985888414213125,1.0986113675931368,3,4,0.365
1,0.00019175168405560772,2,model.20.m.0,0.9979026578200951,0.9994383606302759,1.0963081227757243,1.097995264754731,3,4,0.54625
0,2.8864118596741856e-06,3,model.20.m.1,0.9999938579217135,0.9999995051857329,1.0986055409054263,1.0986117450590753,3,4,0.40125
1,3.952870553557856e-09,4,model.23.m.0,1.0000000022882314,0.9999999842304361,1.0986122911819889,1.0986122713434732,3,4,0.665
0,1.3315781570226297e-10,5,model.23.m.1,0.9999999998214132,0.9999999972681464,1.098612288471912,1.0986122856668619,3,4,0.0
0,8.042162284110563e-06,0,model.14.m.0,0.9999908382955316,0.9999970666530626,1.0986022235069957,1.0986090660571175,3,4,0.3275
1,3.415695164292118e-06,1,model.14.m.1,0.9999873901423569,0.9999996217472082,1.0985984353235447,1.0986118731149446,3,4,0.358125
1,3.536024928032524e-05,2,model.20.m.0,0.9990146236419526,0.9995093179978691,1.097529742092196,1.0980732193907405,3,4,0.501875
0,3.197798304011827e-06,3,model.20.m.1,0.9999934574321674,0.99999933986776,1.0986051009226894,1.0986115634387188,3,4,0.466875
1,3.839918664200919e-09,4,model.23.m.0,0.9999999995614215,0.999999992146854,1.098612288186282,1.0986122800405471,3,4,0.7275
0,1.3587607856709246e-10,5,model.23.m.1,1.0000000024911329,0.9999999972681464,1.098612291404899,1.0986122856668619,3,4,0.0
0,1.9597704226248925e-05,0,model.14.m.0,0.999940503978493,0.9999972473113539,1.0985469256077554,1.0986092645305363,3,4,0.291875
1,2.5380291487435674e-06,1,model.14.m.1,0.9999886648069379,0.9999992557357065,1.0985998356857174,1.0986114710102108,3,4,0.35
1,4.880857741753025e-05,2,model.20.m.0,0.9988264587675751,0.9994631366573168,1.0973230218489092,1.0980224840025026,3,4,0.62
0,3.3278918373342382e-06,3,model.20.m.1,0.9999926992032753,0.9999994242085518,1.098604267923111,1.098611656096549,3,4,0.394375
1,3.946139284168386e-09,4,model.23.m.0,0.9999999942633603,0.999999986881772,1.098612282365767,1.0986122742562634,3,4,0.7125
0,1.3277340162733144e-10,5,model.23.m.1,1.0000000051723297,0.9999999972681464,1.0986122943504948,1.0986122856668619,3,4,0.0
0,8.674225989219165e-06,0,model.14.m.0,0.9999902027197939,0.9999975939410828,1.0986015252556798,1.098609645342216,3,4,0.2975
1,2.8622045684640978e-06,1,model.14.m.1,0.9999894143946799,0.9999996134128937,1.098600659192022,1.098611863958764,3,4,0.328125
1,5.127434706176108e-05,2,model.20.m.0,0.9989072285469447,0.9995252401088996,1.0974117565210775,1.0980907116175802,3,4,0.5175
0,3.1900301294902943e-06,3,model.20.m.1,0.9999936584045819,0.9999993074651674,1.0986053217134537,1.0986115278408324,3,4,0.45875
1,3.822522254372498e-09,4,model.23.m.0,1.0000000022271616,0.9999999921638398,1.0986122911148968,1.098612280059208,3,4,0.6475
0,1.338650955269263e-10,5,model.23.m.1,1.0000000024957314,0.9999999999427972,1.098612291409951,1.098612288605266,3,4,0.0
0,4.455683184412956e-06,0,model.14.m.0,0.9999911312457044,0.999997985274251,1.0986025453456554,1.0986100752656436,3,4,0.290625
1,3.8627928735244154e-06,1,model.14.m.1,0.9999863709208148,0.9999996701287838,1.0985973155942337,1.098611926267538,3,4,0.39125
1,0.00010217854811943121,2,model.20.m.0,0.9985569376095498,0.9995201680136666,1.0970269225926463,1.098085139351428,3,4,0.51625
0,2.516698591719118e-06,3,model.20.m.1,0.9999946694583546,0.9999995350343479,1.0986064324695528,1.0986117778511306,3,4,0.416875
1,3.81469486257178e-09,4,model.23.m.0,0.9999999968742295,0.9999999894781813,1.0986122852340998,1.0986122771087103,3,4,0.6925
0,1.3464016009037708e-10,5,model.23.m.1,0.999999999819126,0.9999999999427972,1.0986122884693994,1.098612288605266,3,4,0.0
