annotation_id,image_id,file_name,category_id,class_name,width_px,height_px,area_px,area_fraction,aspect_ratio,small,area_bin,aspect_bin,width_bin,height_bin
1,1,0000024_00500_d_0000013.jpg,1,pedestrian,34.00031999999999,90.00018000000003,3060.0349200575997,0.005902845138999999,0.37778057777217755,False,out_of_range,very_tall,32_64px,64px_plus
2,1,0000024_00500_d_0000013.jpg,1,pedestrian,30.0,86.99993999999998,2609.9981999999995,0.005034718749999999,0.34482782401918904,False,out_of_range,very_tall,16_32px,64px_plus
3,1,0000024_00500_d_0000013.jpg,1,pedestrian,37.00031999999999,90.00018,3330.035460057599,0.006423679513999998,0.41111384443897764,False,out_of_range,very_tall,32_64px,64px_plus
4,1,0000024_00500_d_0000013.jpg,2,people,27.0,45.9999,1241.9973,0.002395828125,0.586957797734343,False,out_of_range,tall,16_32px,32_64px
5,1,0000024_00500_d_0000013.jpg,2,people,25.999679999999955,43.00019999999998,1117.9914399359975,0.002156619289999995,0.6046409086469358,False,out_of_range,tall,16_32px,32_64px
6,1,0000024_00500_d_0000013.jpg,2,people,30.0,43.99974000000003,1319.992200000001,0.002546281250000002,0.6818222107676086,False,out_of_range,tall,16_32px,32_64px
7,1,0000024_00500_d_0000013.jpg,2,people,16.999679999999998,31.999859999999956,543.9873800447991,0.0010493583719999983,0.531242324185169,True,large_small,tall,16_32px,16_32px
8,1,0000024_00500_d_0000013.jpg,10,motor,42.0,34.00001999999998,1428.000839999999,0.002754631249999998,1.2352933910038884,False,out_of_range,near_square,32_64px,32_64px
9,1,0000024_00500_d_0000013.jpg,10,motor,46.99968,30.999779999999987,1456.9797400703994,0.0028105319059999988,1.5161294693059117,False,out_of_range,wide,32_64px,16_32px
10,1,0000024_00500_d_0000013.jpg,10,motor,73.99968000000001,41.000039999999956,3033.9898399871972,0.0058526038579999945,1.8048684830551407,False,out_of_range,wide,64px_plus,32_64px
11,2,0000026_04978_d_0000034.jpg,4,car,115.99984000000006,56.00029499999994,6496.025259952797,0.006243776681999997,2.071414802368455,False,out_of_range,very_wide,64px_plus,32_64px
12,2,0000026_04978_d_0000034.jpg,4,car,102.99959999999987,45.00036,4635.019079855994,0.004455035639999994,2.288861689106484,False,out_of_range,very_wide,64px_plus,32_64px
13,2,0000026_04978_d_0000034.jpg,4,car,53.00055999999995,48.99977999999999,2597.015779876797,0.002496170491999997,1.0816489380156393,False,out_of_range,near_square,32_64px,32_64px
14,2,0000026_04978_d_0000034.jpg,1,pedestrian,9.000480000000039,26.000054999999975,234.01297502640077,0.00022492596600000073,0.3461715754062846,True,small,very_tall,8_16px,16_32px
15,2,0000026_04978_d_0000034.jpg,4,car,48.99944000000005,104.00022000000001,5095.9525398768055,0.004898070492000005,0.4711474648803632,False,out_of_range,very_tall,32_64px,64px_plus
16,2,0000026_04978_d_0000034.jpg,4,car,47.99983999999995,90.99981000000002,4367.976320030397,0.004198362475999997,0.527471870545663,False,out_of_range,tall,32_64px,64px_plus
17,2,0000026_04978_d_0000034.jpg,4,car,46.000639999999976,86.99962500000004,4002.0384297599994,0.0038466343999999995,0.5287452675801758,False,out_of_range,tall,32_64px,64px_plus
18,2,0000026_04978_d_0000034.jpg,4,car,44.99968000000001,90.99980999999997,4094.9623300607996,0.003935949952,0.4945030105007915,False,out_of_range,very_tall,32_64px,64px_plus
19,2,0000026_04978_d_0000034.jpg,4,car,108.99991999999997,84.99991499999999,9264.983935006796,0.008905213316999996,1.2823532823532822,False,out_of_range,near_square,64px_plus,64px_plus
20,2,0000026_04978_d_0000034.jpg,2,people,16.000400000000013,25.00019999999995,400.01320007999954,0.00038448019999999956,0.6400108799129625,True,large_small,tall,16_32px,16_32px
21,2,0000026_04978_d_0000034.jpg,3,bicycle,17.0,41.00017500000001,697.0029750000002,0.0006699375000000002,0.4146323765691243,True,large_small,very_tall,16_32px,32_64px
22,2,0000026_04978_d_0000034.jpg,4,car,51.000000000000114,89.99995500000011,4589.997705000016,0.004411762500000016,0.5666669500001422,False,out_of_range,tall,32_64px,64px_plus
23,2,0000026_04978_d_0000034.jpg,4,car,47.00023999999996,78.00016499999998,3666.0264750395963,0.0035236701989999966,0.6025659048285343,False,out_of_range,tall,32_64px,64px_plus
24,2,0000026_04978_d_0000034.jpg,4,car,91.99992,35.000279999999975,3220.022959977598,0.003094985543999998,2.628548114472229,False,out_of_range,very_wide,64px_plus,32_64px
25,2,0000026_04978_d_0000034.jpg,4,car,101.0004,41.000174999999956,4141.034075069995,0.003980232674999995,2.4634138756724844,False,out_of_range,very_wide,64px_plus,32_64px
26,2,0000026_04978_d_0000034.jpg,5,van,51.999600000000015,72.00027000000006,3743.985239892004,0.003598601730000004,0.7222139583643225,False,out_of_range,tall,32_64px,64px_plus
27,2,0000026_04978_d_0000034.jpg,4,car,85.99959999999999,37.99984499999999,3267.971470061999,0.003141072154999999,2.263156599717709,False,out_of_range,very_wide,64px_plus,32_64px
28,2,0000026_04978_d_0000034.jpg,4,car,95.00008,40.000320000000016,3800.0336000256016,0.0036524736640000015,2.3749830001359977,False,out_of_range,very_wide,64px_plus,32_64px
29,2,0000026_04978_d_0000034.jpg,4,car,84.99999999999999,32.99980500000001,2804.9834250000004,0.0026960625000000005,2.575772796233189,False,out_of_range,very_wide,64px_plus,32_64px
30,2,0000026_04978_d_0000034.jpg,4,car,80.00063999999998,33.99965999999999,2719.9945597823985,0.0026143738559999984,2.3529835298352983,False,out_of_range,very_wide,64px_plus,32_64px
31,2,0000026_04978_d_0000034.jpg,2,people,13.000240000000076,16.999829999999974,221.00186995920097,0.00021242009800000094,0.7647276472764784,True,small,near_square,8_16px,16_32px
32,2,0000026_04978_d_0000034.jpg,2,people,12.000639999999862,19.000305000000026,228.01582019519768,0.00021916168799999776,0.6316024926968197,True,small,tall,8_16px,16_32px
33,2,0000026_04978_d_0000034.jpg,10,motor,13.999840000000063,30.00024000000002,419.99855996160215,0.0004036895040000021,0.46665760007253454,True,large_small,very_tall,8_16px,16_32px
34,2,0000026_04978_d_0000034.jpg,4,car,43.000479999999925,59.99971500000004,2580.016544863197,0.002479831357999997,0.7166780708875017,False,out_of_range,tall,32_64px,32_64px
35,2,0000026_04978_d_0000034.jpg,4,car,38.99935999999991,57.00014999999999,2222.9693699039944,0.0021366487599999945,0.6841974977258817,False,out_of_range,tall,32_64px,32_64px
36,2,0000026_04978_d_0000034.jpg,10,motor,20.999760000000038,14.000265000000013,294.0022049364008,0.00028258574100000074,1.4999544651476253,True,large_small,wide,16_32px,8_16px
37,2,0000026_04978_d_0000034.jpg,4,car,61.999679999999955,63.99989999999997,3967.973320031995,0.0038138920799999955,0.9687465136664274,False,out_of_range,near_square,32_64px,32_64px
38,2,0000026_04978_d_0000034.jpg,4,car,68.99959999999999,73.00012500000003,5036.979424950001,0.004841387375000001,0.9451983815096202,False,out_of_range,near_square,64px_plus,64px_plus
39,2,0000026_04978_d_0000034.jpg,4,car,51.9996000000001,63.000045,3275.9771399820065,0.003148766955000006,0.825389886626273,False,out_of_range,near_square,32_64px,32_64px
40,2,0000026_04978_d_0000034.jpg,2,people,10.000080000000139,24.00034499999998,240.00537002760316,0.00023068566900000305,0.41666401045485585,True,small,very_tall,8_16px,16_32px
41,2,0000026_04978_d_0000034.jpg,2,people,10.000080000000139,20.000159999999966,200.00320001280244,0.00019223683200000235,0.5000000000000078,True,small,tall,8_16px,16_32px
42,2,0000026_04978_d_0000034.jpg,2,people,13.000239999999962,24.00034499999998,312.01024508279886,0.0002998945069999989,0.5416688801765129,True,large_small,tall,8_16px,16_32px
43,2,0000026_04978_d_0000034.jpg,3,bicycle,12.00064000000009,28.999619999999936,348.0139997568018,0.0003345001920000017,0.4138205948905577,True,large_small,very_tall,8_16px,16_32px
44,2,0000026_04978_d_0000034.jpg,3,bicycle,10.999679999999898,31.999950000000013,351.9892100159969,0.000338321039999997,0.3437405370945859,True,large_small,very_tall,8_16px,16_32px
45,2,0000026_04978_d_0000034.jpg,1,pedestrian,7.999520000000075,30.00024000000002,239.9875198848024,0.0002306685120000023,0.2666485334784012,True,small,very_tall,0_8px,16_32px
46,2,0000026_04978_d_0000034.jpg,6,truck,34.99959999999999,58.000005,2029.9769749979994,0.0019511504949999993,0.6034413272895405,False,out_of_range,tall,32_64px,32_64px
47,2,0000026_04978_d_0000034.jpg,7,tricycle,37.00015999999994,28.99961999999998,1072.9905799391975,0.0010313250479999975,1.2758843046908879,False,out_of_range,near_square,32_64px,16_32px
48,2,0000026_04978_d_0000034.jpg,10,motor,20.00016000000005,15.999974999999992,320.00205999600064,0.00030757599000000063,1.2500119531436806,True,large_small,near_square,16_32px,8_16px
49,2,0000026_04978_d_0000034.jpg,4,car,55.999360000000024,32.99980500000001,1847.9679601248013,0.0017762091120000012,1.6969603305231655,False,out_of_range,wide,32_64px,32_64px
50,2,0000026_04978_d_0000034.jpg,5,van,48.999439999999936,32.999805,1616.971965109198,0.0015541829729999982,1.4848402892077674,False,out_of_range,wide,32_64px,32_64px
51,2,0000026_04978_d_0000034.jpg,10,motor,20.999760000000038,11.999789999999999,251.99271005040043,0.00024220752600000043,1.750010625185944,True,small,wide,16_32px,8_16px
52,2,0000026_04978_d_0000034.jpg,4,car,27.00007999999991,27.999765,755.9958949811976,0.0007266396529999977,0.9642966646327179,True,large_small,near_square,16_32px,16_32px
53,2,0000026_04978_d_0000034.jpg,4,car,33.00040000000001,46.00021499999999,1518.0254950860003,0.0014590787150000003,0.7173966469504549,False,out_of_range,tall,32_64px,32_64px
54,2,0000026_04978_d_0000034.jpg,4,car,36.00055999999984,42.00003000000001,1512.0246000167936,0.0014533108419999938,0.8571555782222019,False,out_of_range,near_square,32_64px,32_64px
55,2,0000026_04978_d_0000034.jpg,4,car,40.99991999999986,47.99992499999996,1967.9930850059918,0.0018915735149999922,0.8541663346348957,False,out_of_range,near_square,32_64px,32_64px
56,3,0000069_00483_d_0000002.jpg,1,pedestrian,54.999759999999924,164.99979000000002,9074.948850050389,0.008722557525999989,0.33333230302899125,False,out_of_range,very_tall,32_64px,64px_plus
57,3,0000069_00483_d_0000002.jpg,1,pedestrian,51.000000000000114,137.000025,6987.001275000015,0.006715687500000014,0.3722627057914779,False,out_of_range,very_tall,32_64px,64px_plus
58,3,0000069_00483_d_0000002.jpg,1,pedestrian,47.000240000000076,114.00030000000004,5358.0414600720105,0.00514998218000001,0.41228172206564423,False,out_of_range,very_tall,32_64px,64px_plus
59,3,0000069_00483_d_0000002.jpg,1,pedestrian,17.999599999999987,59.999715,1079.9708701139991,0.0010380342849999993,0.2999947583084351,False,out_of_range,very_tall,16_32px,32_64px
60,3,0000069_00483_d_0000002.jpg,1,pedestrian,16.000400000000013,62.00019,992.0278400760009,0.0009535061900000009,0.2580701768817162,True,large_small,very_tall,16_32px,32_64px
61,3,0000069_00483_d_0000002.jpg,1,pedestrian,17.999599999999987,57.000150000000005,1025.9798999399993,0.0009861398499999994,0.31578162513607394,False,out_of_range,very_tall,16_32px,32_64px
62,3,0000069_00483_d_0000002.jpg,1,pedestrian,20.000159999999994,57.000150000000005,1140.0121200239998,0.0010957440599999998,0.35087907663400875,False,out_of_range,very_tall,16_32px,32_64px
63,3,0000069_00483_d_0000002.jpg,1,pedestrian,13.000239999999962,58.00000499999999,754.0139850011976,0.0007247347029999977,0.22414204964292617,True,large_small,very_tall,8_16px,32_64px
64,3,0000069_00483_d_0000002.jpg,1,pedestrian,14.999439999999936,56.000294999999994,839.9730648347963,0.0008073558869999965,0.26784573188408983,True,large_small,very_tall,8_16px,32_64px
65,3,0000069_00483_d_0000002.jpg,1,pedestrian,20.999760000000094,66.00037500000002,1385.9920349100066,0.0013321722750000064,0.31817637399787635,False,out_of_range,very_tall,16_32px,64px_plus
66,3,0000069_00483_d_0000002.jpg,1,pedestrian,21.999359999999967,41.000175,901.9776098879986,0.0008669527199999987,0.5365674658705717,True,large_small,tall,16_32px,32_64px
67,3,0000069_00483_d_0000002.jpg,1,pedestrian,38.999360000000024,68.99994000000001,2690.953500038402,0.002586460496000002,0.5652086074277749,False,out_of_range,tall,32_64px,64px_plus
68,3,0000069_00483_d_0000002.jpg,1,pedestrian,41.99951999999996,84.00006000000002,3527.9621999711976,0.0033909671279999977,0.49999392857576475,False,out_of_range,very_tall,32_64px,64px_plus
69,3,0000069_00483_d_0000002.jpg,1,pedestrian,16.999999999999886,52.999964999999996,900.9994049999939,0.0008660124999999941,0.32075492880042256,True,large_small,very_tall,16_32px,32_64px
70,3,0000069_00483_d_0000002.jpg,1,pedestrian,16.000400000000127,68.000085,1088.0285600340087,0.0010457790850000083,0.23529970587536952,False,out_of_range,very_tall,16_32px,64px_plus
71,3,0000069_00483_d_0000002.jpg,1,pedestrian,20.999760000000038,59.99971500000002,1259.9796150684028,0.0012110530710000027,0.3499976624888973,False,out_of_range,very_tall,16_32px,32_64px
72,3,0000069_00483_d_0000002.jpg,1,pedestrian,23.0003200000001,52.00010999999999,1196.0191700352052,0.001149576288000005,0.4423129104919221,False,out_of_range,very_tall,16_32px,32_64px
73,3,0000069_00483_d_0000002.jpg,1,pedestrian,20.999759999999924,51.00025500000001,1070.9931149387962,0.0010294051469999963,0.41175794121029236,False,out_of_range,very_tall,16_32px,32_64px
74,3,0000069_00483_d_0000002.jpg,1,pedestrian,27.9996799999999,51.00025500000001,1427.9908199183951,0.0013725401959999953,0.5490105882803898,False,out_of_range,tall,16_32px,32_64px
75,3,0000069_00483_d_0000002.jpg,3,bicycle,26.000479999999925,35.000280000000004,910.0240801343974,0.0008746867359999976,0.7428649142235412,True,large_small,tall,16_32px,32_64px
76,3,0000069_00483_d_0000002.jpg,1,pedestrian,41.99952000000019,88.00024499999995,3695.9680498824146,0.003552449106000014,0.4772659439754993,False,out_of_range,very_tall,32_64px,64px_plus
77,3,0000069_00483_d_0000002.jpg,1,pedestrian,61.000080000000025,161.0003700000001,9821.035450029609,0.009439672674000008,0.3788816137503286,False,out_of_range,very_tall,32_64px,64px_plus
78,3,0000069_00483_d_0000002.jpg,1,pedestrian,47.99983999999995,131.00012999999996,6287.985279979192,0.006043815147999992,0.3664106287528109,False,out_of_range,very_tall,32_64px,64px_plus
79,3,0000069_00483_d_0000002.jpg,1,pedestrian,65.99944000000005,180.99976500000002,11945.883130131611,0.01148200992900001,0.36463826348061856,False,out_of_range,very_tall,64px_plus,64px_plus
80,3,0000069_00483_d_0000002.jpg,2,people,68.99959999999987,120.00019499999996,8279.965454921981,0.007958444304999982,0.5749957322986008,False,out_of_range,tall,64px_plus,64px_plus
81,3,0000069_00483_d_0000002.jpg,2,people,30.00023999999999,42.999885000000006,1290.0068699723997,0.0012399143309999997,0.697681865893362,False,out_of_range,tall,16_32px,32_64px
82,3,0000069_00483_d_0000002.jpg,2,people,27.00008000000001,41.00017500000001,1107.008005014001,0.001064021535000001,0.6585357257621463,False,out_of_range,tall,16_32px,32_64px
83,4,0000081_00000_d_0000001.jpg,1,pedestrian,37.00031999999999,43.00020000000006,1591.0211600640018,0.0030690994600000034,0.8604685559602033,False,out_of_range,near_square,32_64px,32_64px
84,4,0000081_00000_d_0000001.jpg,1,pedestrian,24.0,55.000080000000025,1320.0019200000006,0.0025463000000000013,0.4363630016538156,False,out_of_range,very_tall,16_32px,32_64px
85,4,0000081_00000_d_0000001.jpg,2,people,31.000319999999988,43.00020000000006,1333.0199600640015,0.0025714119600000027,0.7209343212357139,False,out_of_range,tall,16_32px,32_64px
86,4,0000081_00000_d_0000001.jpg,1,pedestrian,24.000000000000057,56.000159999999994,1344.003840000003,0.0025926000000000057,0.42857020408513224,False,out_of_range,very_tall,16_32px,32_64px
87,4,0000081_00000_d_0000001.jpg,1,pedestrian,24.000000000000057,49.00013999999999,1176.0033600000024,0.0022685250000000047,0.48979451895443693,False,out_of_range,very_tall,16_32px,32_64px
88,4,0000081_00000_d_0000001.jpg,1,pedestrian,15.0,48.00006000000002,720.0009000000002,0.0013888906250000004,0.31249960937548815,True,large_small,very_tall,8_16px,32_64px
89,4,0000081_00000_d_0000001.jpg,1,pedestrian,19.999680000000012,50.000219999999956,999.9883999295997,0.0019289899689999995,0.39999184003590443,True,large_small,very_tall,16_32px,32_64px
90,4,0000081_00000_d_0000001.jpg,1,pedestrian,25.999679999999955,44.99982000000006,1169.9809200575994,0.002256907638999999,0.577772977758576,False,out_of_range,tall,16_32px,32_64px
91,4,0000081_00000_d_0000001.jpg,1,pedestrian,21.0,50.99976000000004,1070.994960000001,0.0020659625000000017,0.4117666436077343,False,out_of_range,very_tall,16_32px,32_64px
92,4,0000081_00000_d_0000001.jpg,1,pedestrian,33.00000000000006,43.00020000000001,1419.0066000000027,0.0027372812500000053,0.7674382909846943,False,out_of_range,near_square,32_64px,32_64px
93,4,0000081_00000_d_0000001.jpg,1,pedestrian,16.99968000000007,42.00011999999998,713.9885999616026,0.0013772928240000052,0.4047531292767753,True,large_small,very_tall,16_32px,32_64px
94,4,0000081_00000_d_0000001.jpg,1,pedestrian,16.000319999999988,39.99995999999999,640.0121599871993,0.0012345913579999987,0.4000084000083998,True,large_small,very_tall,16_32px,32_64px
95,4,0000081_00000_d_0000001.jpg,1,pedestrian,26.999999999999943,58.999859999999956,1592.9962199999954,0.003072909374999991,0.45762820454150166,False,out_of_range,very_tall,16_32px,32_64px
96,4,0000081_00000_d_0000001.jpg,1,pedestrian,25.000319999999874,50.000219999999956,1250.0215000703927,0.0024113069059999858,0.500004199981518,False,out_of_range,tall,16_32px,32_64px
97,4,0000081_00000_d_0000001.jpg,2,people,21.000000000000114,31.999860000000012,671.9970600000039,0.0012962906250000075,0.6562528711063144,True,large_small,tall,16_32px,16_32px
98,4,0000081_00000_d_0000001.jpg,2,people,23.999999999999943,37.000260000000026,888.0062399999985,0.001712974999999997,0.648644090609091,True,large_small,tall,16_32px,32_64px
99,4,0000081_00000_d_0000001.jpg,2,people,24.0,24.99983999999995,599.9961599999988,0.0011573999999999977,0.9600061440393238,True,large_small,near_square,16_32px,16_32px
100,4,0000081_00000_d_0000001.jpg,1,pedestrian,28.999680000000012,38.99987999999996,1130.9840400383994,0.0021816821759999988,0.7435838264117746,False,out_of_range,tall,16_32px,32_64px
101,4,0000081_00000_d_0000001.jpg,1,pedestrian,16.000319999999988,43.00020000000006,688.0169600640005,0.001327193210000001,0.3720987344244902,True,large_small,very_tall,16_32px,32_64px
102,4,0000081_00000_d_0000001.jpg,1,pedestrian,16.999680000000126,43.00020000000006,730.9896399360065,0.0014100880400000125,0.39533955656020436,True,large_small,very_tall,16_32px,32_64px
103,4,0000081_00000_d_0000001.jpg,1,pedestrian,15.0,34.000020000000006,510.0003000000001,0.000983796875,0.44117621107281696,True,large_small,very_tall,8_16px,32_64px
104,4,0000081_00000_d_0000001.jpg,1,pedestrian,19.999680000000126,37.99980000000005,759.9838400640058,0.0014660182100000112,0.5263101384744157,True,large_small,tall,16_32px,32_64px
105,4,0000081_00000_d_0000001.jpg,1,pedestrian,16.000319999999988,32.99993999999998,528.0095999807993,0.0010185370369999987,0.48485906338011514,True,large_small,very_tall,16_32px,32_64px
106,4,0000081_00000_d_0000001.jpg,1,pedestrian,15.0,37.99979999999999,569.9969999999998,0.0010995312499999996,0.3947389196785247,True,large_small,very_tall,8_16px,32_64px
107,4,0000081_00000_d_0000001.jpg,1,pedestrian,36.000000000000114,70.99973999999997,2555.9906400000073,0.004930537500000014,0.5070441103023775,False,out_of_range,tall,32_64px,64px_plus
108,4,0000081_00000_d_0000001.jpg,3,bicycle,19.000319999999988,35.00010000000003,665.0131000320001,0.0012828184800000003,0.5428647346721858,True,large_small,tall,16_32px,32_64px
109,4,0000081_00000_d_0000001.jpg,3,bicycle,15.0,38.99988000000002,584.9982000000002,0.0011284687500000003,0.38461656805097844,True,large_small,very_tall,8_16px,32_64px
110,4,0000081_00000_d_0000001.jpg,3,bicycle,16.999680000000012,39.99995999999999,679.9865200128003,0.0013117023920000005,0.42499242499242545,True,large_small,very_tall,16_32px,32_64px
111,4,0000081_00000_d_0000001.jpg,1,pedestrian,11.999999999999886,32.99993999999998,395.999279999996,0.0007638874999999924,0.3636370247945873,True,large_small,very_tall,8_16px,32_64px
112,4,0000081_00000_d_0000001.jpg,2,people,16.999680000000012,16.000200000000035,271.9982799360008,0.0005246880400000016,1.0624667191660089,True,large_small,near_square,16_32px,16_32px
113,4,0000081_00000_d_0000001.jpg,1,pedestrian,15.0,37.99979999999999,569.9969999999998,0.0010995312499999996,0.3947389196785247,True,large_small,very_tall,8_16px,32_64px
114,4,0000081_00000_d_0000001.jpg,1,pedestrian,13.000319999999874,36.00018,468.0138600575955,0.0009028045139999913,0.3611181944090245,True,large_small,very_tall,8_16px,32_64px
115,4,0000081_00000_d_0000001.jpg,1,pedestrian,16.0003200000001,34.000020000000006,544.0112000064036,0.0010494043210000068,0.47059737023684395,True,large_small,very_tall,16_32px,32_64px
116,4,0000081_00000_d_0000001.jpg,1,pedestrian,13.000319999999874,35.0001,455.0125000319956,0.0008777247299999915,0.37143665303813056,True,large_small,very_tall,8_16px,32_64px
117,4,0000081_00000_d_0000001.jpg,1,pedestrian,11.999999999999886,32.99994000000001,395.99927999999636,0.000763887499999993,0.363637024794587,True,large_small,very_tall,8_16px,32_64px
118,4,0000081_00000_d_0000001.jpg,1,pedestrian,12.0,31.999859999999984,383.9983199999998,0.0007407374999999996,0.37500164063217795,True,large_small,very_tall,8_16px,16_32px
119,4,0000081_00000_d_0000001.jpg,1,pedestrian,10.000319999999988,29.000159999999994,290.0108800511996,0.0005594345679999992,0.34483671814224437,True,large_small,very_tall,8_16px,16_32px
120,4,0000081_00000_d_0000001.jpg,2,people,13.000319999999988,25.999920000000003,338.00727997439975,0.0006520202159999995,0.5000138461964493,True,large_small,tall,8_16px,16_32px
121,4,0000081_00000_d_0000001.jpg,1,pedestrian,16.000319999999988,31.999859999999956,512.0079999551989,0.000987669752999998,0.5000121875533209,True,large_small,tall,16_32px,16_32px
122,4,0000081_00000_d_0000001.jpg,2,people,10.999680000000012,12.999960000000016,142.99540001280033,0.00027583989200000066,0.8461318342517976,True,small,near_square,8_16px,8_16px
123,4,0000081_00000_d_0000001.jpg,1,pedestrian,22.999679999999984,31.99986000000004,735.9865400448004,0.0014197271220000008,0.7187431445012558,True,large_small,tall,16_32px,16_32px
124,4,0000081_00000_d_0000001.jpg,1,pedestrian,9.0,30.999780000000015,278.9980200000001,0.0005381906250000002,0.29032464101358124,True,large_small,very_tall,8_16px,16_32px
125,4,0000081_00000_d_0000001.jpg,1,pedestrian,9.000000000000028,30.999779999999987,278.99802000000074,0.0005381906250000014,0.2903246410135824,True,large_small,very_tall,8_16px,16_32px
126,4,0000081_00000_d_0000001.jpg,2,people,16.99968000000007,23.000220000000013,390.9963799296018,0.0007542368440000035,0.7391094519965486,True,large_small,tall,16_32px,16_32px
127,4,0000081_00000_d_0000001.jpg,2,people,10.999679999999984,24.999840000000006,274.99024005119963,0.0005304595679999993,0.4399900159361012,True,large_small,very_tall,8_16px,16_32px
128,4,0000081_00000_d_0000001.jpg,1,pedestrian,13.000319999999988,24.999839999999978,325.00591994879943,0.0006269404319999989,0.5200161281032198,True,large_small,tall,8_16px,16_32px
129,4,0000081_00000_d_0000001.jpg,1,pedestrian,8.999999999999986,16.99974000000003,152.99766000000005,0.0002951343750000001,0.5294198617155303,True,small,tall,8_16px,16_32px
130,4,0000081_00000_d_0000001.jpg,1,pedestrian,15.0,30.00024000000002,450.0036000000003,0.0008680625000000006,0.4999960000319994,True,large_small,very_tall,8_16px,16_32px
131,4,0000081_00000_d_0000001.jpg,1,pedestrian,10.999679999999998,24.999840000000006,274.99024005120003,0.0005304595680000001,0.4399900159361018,True,large_small,very_tall,8_16px,16_32px
132,4,0000081_00000_d_0000001.jpg,1,pedestrian,9.0,24.999840000000006,224.99856000000005,0.0004340250000000001,0.3600023040147456,True,small,very_tall,8_16px,16_32px
133,4,0000081_00000_d_0000001.jpg,1,pedestrian,13.999680000000012,24.999840000000006,349.9897600512004,0.0006751345680000007,0.5599907839410175,True,large_small,tall,8_16px,16_32px
134,4,0000081_00000_d_0000001.jpg,1,pedestrian,13.999680000000012,23.000219999999985,321.99571992960006,0.0006211337190000001,0.6086759170129686,True,large_small,tall,8_16px,16_32px
135,4,0000081_00000_d_0000001.jpg,1,pedestrian,10.000319999999988,27.00000000000003,270.00863999999996,0.0005208499999999999,0.3703822222222214,True,large_small,very_tall,8_16px,16_32px
136,4,0000081_00000_d_0000001.jpg,2,people,13.999680000000012,21.000059999999962,293.9941199807997,0.0005671182869999994,0.6666495238585051,True,large_small,tall,8_16px,16_32px
137,4,0000081_00000_d_0000001.jpg,2,people,15.0,16.999740000000003,254.99610000000004,0.000491890625,0.8823664361925534,True,small,near_square,8_16px,16_32px
138,4,0000081_00000_d_0000001.jpg,1,pedestrian,13.999680000000012,23.999760000000038,335.9889600768008,0.0006481268520000015,0.5833258332583322,True,large_small,tall,8_16px,16_32px
139,4,0000081_00000_d_0000001.jpg,1,pedestrian,15.0,25.999920000000003,389.9988000000001,0.0007523125000000002,0.5769248520764678,True,large_small,tall,8_16px,16_32px
140,4,0000081_00000_d_0000001.jpg,1,pedestrian,12.0,24.999840000000006,299.9980800000001,0.0005787000000000001,0.4800030720196608,True,large_small,very_tall,8_16px,16_32px
141,4,0000081_00000_d_0000001.jpg,1,pedestrian,9.0,23.000219999999985,207.00197999999986,0.00039930937499999973,0.39130060495073554,True,small,very_tall,8_16px,16_32px
142,4,0000081_00000_d_0000001.jpg,1,pedestrian,10.000320000000016,23.999760000000038,240.00527992320076,0.00046297314800000146,0.4166841668416684,True,small,very_tall,8_16px,16_32px
143,4,0000081_00000_d_0000001.jpg,1,pedestrian,11.999999999999972,30.00024000000002,360.0028799999994,0.0006944499999999988,0.39999680002559856,True,large_small,very_tall,8_16px,16_32px
144,4,0000081_00000_d_0000001.jpg,1,pedestrian,9.0,28.000079999999997,252.00071999999997,0.0004861124999999999,0.3214276530638484,True,small,very_tall,8_16px,16_32px
145,4,0000081_00000_d_0000001.jpg,1,pedestrian,7.999680000000012,28.000079999999997,223.9916799744003,0.0004320827160000006,0.28570204085131234,True,small,very_tall,0_8px,16_32px
146,4,0000081_00000_d_0000001.jpg,1,pedestrian,9.0,28.000079999999997,252.00071999999997,0.0004861124999999999,0.3214276530638484,True,small,very_tall,8_16px,16_32px
147,4,0000081_00000_d_0000001.jpg,2,people,11.999999999999943,17.99981999999997,215.99783999999863,0.00041666249999999734,0.6666733333999986,True,small,tall,8_16px,16_32px
148,4,0000081_00000_d_0000001.jpg,2,people,7.999680000000012,15.000119999999981,119.99615996160003,0.00023147407400000004,0.5333077335381332,True,small,tall,0_8px,8_16px
149,4,0000081_00000_d_0000001.jpg,1,pedestrian,9.0,14.000040000000013,126.00036000000011,0.00024305625000000023,0.6428553061276961,True,small,tall,8_16px,8_16px
150,4,0000081_00000_d_0000001.jpg,1,pedestrian,10.000320000000045,21.000059999999962,210.00732001920056,0.0004051067130000011,0.47620435370184955,True,small,very_tall,8_16px,16_32px
151,4,0000081_00000_d_0000001.jpg,2,people,16.999679999999955,14.000040000000013,237.9961999871996,0.0004590976079999992,1.2142593878303163,True,small,near_square,16_32px,8_16px
152,4,0000081_00000_d_0000001.jpg,2,people,13.999680000000012,11.999879999999962,167.99448003839962,0.00032406342599999925,1.16665166651667,True,small,near_square,8_16px,8_16px
153,4,0000081_00000_d_0000001.jpg,2,people,13.000320000000102,10.999799999999993,143.00091993600103,0.00027585054000000197,1.1818687612502146,True,small,near_square,8_16px,8_16px
154,4,0000081_00000_d_0000001.jpg,2,people,15.0,10.999799999999993,164.9969999999999,0.0003182812499999998,1.3636611574755912,True,small,wide,8_16px,8_16px
155,4,0000081_00000_d_0000001.jpg,1,pedestrian,10.999680000000012,29.000159999999994,318.9924799488003,0.0006153404320000006,0.3792972176705237,True,large_small,very_tall,8_16px,16_32px
156,4,0000081_00000_d_0000001.jpg,1,pedestrian,6.000000000000114,23.000219999999985,138.00132000000252,0.00026620625000000486,0.26086706996716197,True,small,very_tall,0_8px,16_32px
157,4,0000081_00000_d_0000001.jpg,1,pedestrian,10.000319999999988,28.000079999999997,280.00976002559963,0.0005401422839999993,0.3571532652763845,True,large_small,very_tall,8_16px,16_32px
158,4,0000081_00000_d_0000001.jpg,1,pedestrian,10.000319999999874,22.000139999999988,220.0084400447971,0.00042439899699999443,0.4545571073638568,True,small,very_tall,8_16px,16_32px
159,4,0000081_00000_d_0000001.jpg,2,people,15.0,16.000200000000035,240.00300000000053,0.00046296875000000103,0.9374882813964804,True,small,near_square,8_16px,16_32px
160,4,0000081_00000_d_0000001.jpg,1,pedestrian,10.999679999999955,22.000140000000016,241.9944999551992,0.00046681037799999845,0.4999822728400795,True,small,very_tall,8_16px,16_32px
161,4,0000081_00000_d_0000001.jpg,1,pedestrian,10.000320000000045,21.000059999999962,210.00732001920056,0.0004051067130000011,0.47620435370184955,True,small,very_tall,8_16px,16_32px
162,4,0000081_00000_d_0000001.jpg,1,pedestrian,11.999999999999943,23.000219999999985,276.0026399999985,0.0005324124999999971,0.5217341399343115,True,large_small,tall,8_16px,16_32px
163,4,0000081_00000_d_0000001.jpg,1,pedestrian,11.999999999999943,24.999839999999978,299.9980799999983,0.0005786999999999968,0.4800030720196591,True,large_small,very_tall,8_16px,16_32px
164,4,0000081_00000_d_0000001.jpg,1,pedestrian,9.0,23.000220000000013,207.00198000000012,0.0003993093750000002,0.39130060495073504,True,small,very_tall,8_16px,16_32px
165,4,0000081_00000_d_0000001.jpg,1,pedestrian,10.999679999999955,23.000219999999985,252.9950599295988,0.00048803059399999765,0.4782423820293877,True,small,very_tall,8_16px,16_32px
166,4,0000081_00000_d_0000001.jpg,1,pedestrian,10.000319999999988,23.000220000000013,230.00956007039986,0.0004436912809999997,0.43479236285565886,True,small,very_tall,8_16px,16_32px
167,4,0000081_00000_d_0000001.jpg,1,pedestrian,9.000000000000057,21.000059999999962,189.00054000000085,0.00036458437500000164,0.4285702040851347,True,small,very_tall,8_16px,16_32px
168,4,0000081_00000_d_0000001.jpg,1,pedestrian,9.000000000000057,21.00005999999999,189.0005400000011,0.0003645843750000021,0.4285702040851341,True,small,very_tall,8_16px,16_32px
169,5,0000086_01954_d_0000005.jpg,1,pedestrian,16.99968000000007,55.000080000000025,934.9837599744043,0.0018035952160000083,0.3090846413314319,True,large_small,very_tall,16_32px,32_64px
170,5,0000086_01954_d_0000005.jpg,1,pedestrian,25.000319999999988,54.00000000000006,1350.0172800000007,0.0026042000000000014,0.46296888888888815,False,out_of_range,very_tall,16_32px,32_64px
171,5,0000086_01954_d_0000005.jpg,1,pedestrian,15.0,54.0,810.0,0.0015625,0.2777777777777778,True,large_small,very_tall,8_16px,32_64px
172,5,0000086_01954_d_0000005.jpg,1,pedestrian,22.999680000000012,50.00022000000001,1149.989059929601,0.0022183430940000016,0.4599915760370656,False,out_of_range,very_tall,16_32px,32_64px
173,5,0000086_01954_d_0000005.jpg,1,pedestrian,19.000320000000045,49.000140000000016,931.0183400448025,0.0017959458720000047,0.3877605247658484,True,large_small,very_tall,16_32px,32_64px
174,5,0000086_01954_d_0000005.jpg,1,pedestrian,16.999679999999955,50.99976000000004,866.9796000767983,0.0016724143519999967,0.33332862742883385,True,large_small,very_tall,16_32px,32_64px
175,5,0000086_01954_d_0000005.jpg,1,pedestrian,22.999680000000012,48.00005999999996,1103.9860199807997,0.0021296026619999995,0.47915940105074933,False,out_of_range,very_tall,16_32px,32_64px
176,5,0000086_01954_d_0000005.jpg,1,pedestrian,16.999680000000012,51.99983999999998,883.9806400512002,0.0017052095680000004,0.3269179289782434,True,large_small,very_tall,16_32px,32_64px
177,5,0000086_01954_d_0000005.jpg,1,pedestrian,22.000319999999988,49.00013999999999,1078.0187600447991,0.0020795114969999985,0.44898483963515196,False,out_of_range,very_tall,16_32px,32_64px
178,5,0000086_01954_d_0000005.jpg,2,people,23.999999999999986,30.000239999999962,720.0057599999986,0.0013888999999999974,0.7999936000512001,True,large_small,near_square,16_32px,16_32px
179,5,0000086_01954_d_0000005.jpg,2,people,16.000320000000016,24.99983999999995,400.0054399487996,0.0007716154319999993,0.6400168961081371,True,large_small,tall,16_32px,16_32px
180,5,0000086_01954_d_0000005.jpg,2,people,40.99968000000004,29.000159999999994,1188.997279948801,0.002293590432000002,1.413774268831622,False,out_of_range,wide,32_64px,16_32px
181,5,0000086_01954_d_0000005.jpg,2,people,19.999680000000012,23.99975999999998,479.9875200767999,0.0009259018519999999,0.833328333283334,True,large_small,near_square,16_32px,16_32px
182,5,0000086_01954_d_0000005.jpg,2,people,20.99999999999997,23.99976000000001,503.99495999999954,0.000972212499999999,0.8750087500874993,True,large_small,near_square,16_32px,16_32px
183,5,0000086_01954_d_0000005.jpg,2,people,19.999680000000012,23.999760000000038,479.98752007680105,0.000925901852000002,0.833328333283332,True,large_small,near_square,16_32px,16_32px
184,5,0000086_01954_d_0000005.jpg,2,people,30.0,21.000059999999962,630.0017999999989,0.0012152812499999978,1.4285673469504399,True,large_small,wide,16_32px,16_32px
185,5,0000086_01954_d_0000005.jpg,1,pedestrian,34.00032,42.00011999999998,1428.0175200383994,0.002754663425999999,0.8095291156310986,False,out_of_range,near_square,32_64px,32_64px
186,5,0000086_01954_d_0000005.jpg,1,pedestrian,19.000320000000002,42.00012000000001,798.0157200384002,0.0015393821760000003,0.45238727889348884,True,large_small,very_tall,16_32px,32_64px
187,5,0000086_01954_d_0000005.jpg,1,pedestrian,40.99968,41.000039999999956,1680.988519987198,0.0032426476079999962,0.9999912195207624,False,out_of_range,near_square,32_64px,32_64px
188,5,0000086_01954_d_0000005.jpg,1,pedestrian,22.999679999999998,43.99974,1011.9799400832,0.0019521217979999999,0.522723088818252,True,large_small,tall,16_32px,32_64px
189,5,0000086_01954_d_0000005.jpg,1,pedestrian,19.999679999999998,41.00004000000004,819.9876799872007,0.0015817663580000015,0.4877965972716119,True,large_small,very_tall,16_32px,32_64px
190,5,0000086_01954_d_0000005.jpg,1,pedestrian,14.99952,39.99995999999999,599.9802000191999,0.0011573692129999997,0.3749883749883751,True,large_small,very_tall,8_16px,32_64px
191,5,0000086_01954_d_0000005.jpg,1,pedestrian,15.99984,31.999860000000012,511.9926400224002,0.0009876401235000005,0.49999718748769506,True,large_small,very_tall,8_16px,16_32px
192,5,0000086_01954_d_0000005.jpg,1,pedestrian,10.999680000000001,29.000160000000022,318.9924799488003,0.0006153404320000006,0.37929721767052293,True,large_small,very_tall,8_16px,16_32px
193,5,0000086_01954_d_0000005.jpg,1,pedestrian,10.000319999999995,23.999759999999995,240.00527992319982,0.00046297314799999967,0.4166841668416683,True,small,very_tall,8_16px,16_32px
194,5,0000086_01954_d_0000005.jpg,1,pedestrian,10.999679999999998,29.000160000000022,318.99247994880017,0.0006153404320000004,0.3792972176705228,True,large_small,very_tall,8_16px,16_32px
195,5,0000086_01954_d_0000005.jpg,1,pedestrian,12.000000000000014,23.00022,276.0026400000003,0.0005324125000000006,0.5217341399343143,True,large_small,tall,8_16px,16_32px
196,5,0000086_01954_d_0000005.jpg,1,pedestrian,10.999679999999998,24.999840000000006,274.99024005120003,0.0005304595680000001,0.4399900159361018,True,large_small,very_tall,8_16px,16_32px
197,5,0000086_01954_d_0000005.jpg,1,pedestrian,8.999999999999986,23.00022,207.00197999999966,0.00039930937499999935,0.39130060495073465,True,small,very_tall,8_16px,16_32px
198,5,0000086_01954_d_0000005.jpg,1,pedestrian,15.000000000000014,31.999859999999984,479.9979000000002,0.0009259218750000003,0.46875205079022286,True,large_small,very_tall,8_16px,16_32px
199,5,0000086_01954_d_0000005.jpg,1,pedestrian,16.000319999999988,34.00001999999998,544.0112000063992,0.0010494043209999986,0.470597370236841,True,large_small,very_tall,16_32px,32_64px
200,5,0000086_01954_d_0000005.jpg,1,pedestrian,10.000319999999988,28.000079999999997,280.00976002559963,0.0005401422839999993,0.3571532652763845,True,large_small,very_tall,8_16px,16_32px
201,5,0000086_01954_d_0000005.jpg,1,pedestrian,10.000320000000016,35.000099999999975,350.0122000320003,0.0006751778550000006,0.2857226122211086,True,large_small,very_tall,8_16px,32_64px
202,5,0000086_01954_d_0000005.jpg,1,pedestrian,22.999680000000012,50.000219999999985,1149.9890599296002,0.0022183430940000003,0.4599915760370658,False,out_of_range,very_tall,16_32px,32_64px
203,5,0000086_01954_d_0000005.jpg,1,pedestrian,13.000320000000102,43.99974,572.0106999168045,0.0011034157020000086,0.2954635641028811,True,large_small,very_tall,8_16px,32_64px
204,5,0000086_01954_d_0000005.jpg,2,people,19.999680000000012,24.999839999999978,499.98880005119986,0.0009644845679999997,0.7999923199508489,True,large_small,near_square,16_32px,16_32px
205,5,0000086_01954_d_0000005.jpg,2,people,11.999999999999972,25.999919999999975,311.99903999999896,0.000601849999999998,0.4615398816611737,True,large_small,very_tall,8_16px,16_32px
206,5,0000086_01954_d_0000005.jpg,2,people,18.000000000000057,31.999859999999984,575.9974800000015,0.0011111062500000028,0.5625024609482687,True,large_small,tall,16_32px,16_32px
207,5,0000086_01954_d_0000005.jpg,3,bicycle,22.00031999999996,30.000240000000048,660.0148800767998,0.0012731768519999996,0.7333381332949311,True,large_small,tall,16_32px,16_32px
208,5,0000086_01954_d_0000005.jpg,2,people,16.000319999999988,16.999740000000003,272.00127991679983,0.0005246938269999996,0.9412096890893616,True,large_small,near_square,16_32px,16_32px
209,5,0000086_01954_d_0000005.jpg,2,people,15.0,21.000059999999962,315.00089999999943,0.0006076406249999989,0.7142836734752199,True,large_small,tall,8_16px,16_32px
210,5,0000086_01954_d_0000005.jpg,2,people,19.000319999999988,19.999979999999994,380.00601999359964,0.0007330363039999993,0.9500169500169497,True,large_small,near_square,16_32px,16_32px
211,5,0000086_01954_d_0000005.jpg,2,people,15.0,18.999900000000025,284.9985000000004,0.0005497656250000008,0.7894778393570482,True,large_small,near_square,8_16px,16_32px
212,5,0000086_01954_d_0000005.jpg,1,pedestrian,12.0,37.99980000000002,455.99760000000026,0.0008796250000000005,0.31579113574281953,True,large_small,very_tall,8_16px,32_64px
213,5,0000086_01954_d_0000005.jpg,1,pedestrian,9.0,34.000020000000006,306.00018000000006,0.0005902781250000001,0.2647057266436902,True,large_small,very_tall,8_16px,32_64px
214,5,0000086_01954_d_0000005.jpg,1,pedestrian,7.999680000000069,30.999779999999987,247.98832007040204,0.0004783725310000039,0.25805602491372753,True,small,very_tall,0_8px,16_32px
215,5,0000086_01954_d_0000005.jpg,2,people,7.000319999999999,12.999960000000002,91.00387998720001,0.00017554760800000003,0.5384878107317252,True,small,tall,0_8px,8_16px
216,5,0000086_01954_d_0000005.jpg,2,people,10.999679999999998,15.000120000000003,164.9965199616,0.000318280324,0.7333061335509313,True,small,tall,8_16px,8_16px
217,5,0000086_01954_d_0000005.jpg,2,people,7.0003199999999985,16.99974000000001,119.00361991680005,0.0002295594520000001,0.4117898273738301,True,small,very_tall,0_8px,16_32px
218,5,0000086_01954_d_0000005.jpg,1,pedestrian,7.999679999999998,18.999899999999997,151.99312003199992,0.0002931966049999999,0.4210380054631866,True,small,very_tall,0_8px,16_32px
219,5,0000086_01954_d_0000005.jpg,1,pedestrian,7.999680000000012,21.000060000000005,167.9937599808003,0.00032406203700000057,0.3809360544684163,True,small,very_tall,0_8px,16_32px
220,5,0000086_01954_d_0000005.jpg,1,pedestrian,8.999999999999986,16.99973999999999,152.99765999999966,0.0002951343749999993,0.5294198617155317,True,small,tall,8_16px,16_32px
221,5,0000086_01954_d_0000005.jpg,1,pedestrian,6.0,17.999820000000007,107.99892000000004,0.00020833125000000008,0.33333666670000023,True,small,very_tall,0_8px,16_32px
222,5,0000086_01954_d_0000005.jpg,10,motor,13.000320000000002,14.000040000000006,182.0050000128001,0.0003510898920000002,0.9285916325953352,True,small,near_square,8_16px,8_16px
223,5,0000086_01954_d_0000005.jpg,10,motor,13.000320000000002,12.999960000000009,169.00363998720013,0.0003260101080000003,1.0000276923928992,True,small,near_square,8_16px,8_16px
224,5,0000086_01954_d_0000005.jpg,10,motor,16.999679999999998,11.99987999999999,203.9941200383998,0.00039350717599999965,1.4166541665416663,True,small,wide,16_32px,8_16px
225,5,0000086_01954_d_0000005.jpg,2,people,7.000319999999988,11.999879999999997,84.00299996159984,0.00016204282399999968,0.5833658336583357,True,small,tall,0_8px,8_16px
226,5,0000086_01954_d_0000005.jpg,1,pedestrian,4.999679999999984,8.000100000000003,39.99793996799988,7.715651999999977e-05,0.6249521880976465,True,very_small,tall,0_8px,8_16px
227,5,0000086_01954_d_0000005.jpg,2,people,7.999679999999984,8.000100000000003,63.99823996799989,0.0001234533949999998,0.9999475006562394,True,very_small,near_square,0_8px,8_16px
228,5,0000086_01954_d_0000005.jpg,1,pedestrian,10.99968000000004,24.999840000000006,274.99024005120106,0.000530459568000002,0.4399900159361035,True,large_small,very_tall,8_16px,16_32px
229,5,0000086_01954_d_0000005.jpg,2,people,4.999679999999984,9.00018,44.99801994239986,8.680173599999973e-05,0.5555088898222017,True,very_small,tall,0_8px,8_16px
230,5,0000086_01954_d_0000005.jpg,1,pedestrian,7.0003199999999595,29.000160000000022,203.01040005119899,0.00039160956799999807,0.24138901302613344,True,small,very_tall,0_8px,16_32px
231,5,0000086_01954_d_0000005.jpg,1,pedestrian,10.000319999999988,24.999839999999992,250.0063999487996,0.00048226543199999925,0.4000153600983043,True,small,very_tall,8_16px,16_32px
232,5,0000086_01954_d_0000005.jpg,1,pedestrian,10.000319999999988,25.999920000000017,260.0075199743999,0.0005015577159999998,0.3846288757811555,True,large_small,very_tall,8_16px,16_32px
233,5,0000086_01954_d_0000005.jpg,1,pedestrian,15.0,31.999859999999984,479.99789999999973,0.0009259218749999994,0.4687520507902224,True,large_small,very_tall,8_16px,16_32px
234,5,0000086_01954_d_0000005.jpg,1,pedestrian,10.999679999999955,35.000099999999975,384.98989996799816,0.0007426502699999964,0.31427567349807467,True,large_small,very_tall,8_16px,32_64px
235,5,0000086_01954_d_0000005.jpg,1,pedestrian,10.999679999999955,30.000240000000005,329.9930399231987,0.0006365606479999975,0.3666530667754642,True,large_small,very_tall,8_16px,16_32px
236,5,0000086_01954_d_0000005.jpg,1,pedestrian,15.0,31.999859999999984,479.99789999999973,0.0009259218749999994,0.4687520507902224,True,large_small,very_tall,8_16px,16_32px
237,5,0000086_01954_d_0000005.jpg,1,pedestrian,6.000000000000014,18.999899999999997,113.99940000000025,0.00021990625000000048,0.31579113574282053,True,small,very_tall,0_8px,16_32px
238,5,0000086_01954_d_0000005.jpg,1,pedestrian,7.999679999999984,19.999980000000015,159.9934400063998,0.00030862932099999963,0.3999843999843989,True,small,very_tall,0_8px,16_32px
239,5,0000086_01954_d_0000005.jpg,1,pedestrian,7.000320000000016,15.000120000000003,105.00564003840026,0.0002025571760000005,0.4666842665258688,True,small,very_tall,0_8px,8_16px
240,5,0000086_01954_d_0000005.jpg,2,people,7.000320000000016,10.000259999999997,70.00502008320015,0.00013504054800000028,0.7000137996412111,True,small,tall,0_8px,8_16px
241,5,0000086_01954_d_0000005.jpg,1,pedestrian,5.999999999999972,18.99990000000001,113.99939999999953,0.00021990624999999907,0.31579113574281803,True,small,very_tall,0_8px,16_32px
242,5,0000086_01954_d_0000005.jpg,1,pedestrian,12.000000000000028,18.99990000000001,227.99880000000067,0.0004398125000000013,0.6315822714856405,True,small,tall,8_16px,16_32px
243,5,0000086_01954_d_0000005.jpg,1,pedestrian,7.000320000000016,17.999819999999993,126.00449994240024,0.00024306423600000047,0.38891055577222544,True,small,very_tall,0_8px,16_32px
244,5,0000086_01954_d_0000005.jpg,1,pedestrian,7.000320000000016,17.99982,126.00449994240029,0.00024306423600000055,0.3889105557722253,True,small,very_tall,0_8px,16_32px
245,5,0000086_01954_d_0000005.jpg,1,pedestrian,4.999679999999984,12.999960000000002,64.9956400127998,0.0001253773919999996,0.38459195259062207,True,small,very_tall,0_8px,8_16px
246,5,0000086_01954_d_0000005.jpg,1,pedestrian,5.999999999999972,15.000120000000024,90.00071999999972,0.00017361249999999946,0.3999968000255973,True,small,very_tall,0_8px,8_16px
247,5,0000086_01954_d_0000005.jpg,1,pedestrian,6.0,16.000200000000007,96.00120000000004,0.00018518750000000008,0.37499531255859286,True,small,very_tall,0_8px,16_32px
248,5,0000086_01954_d_0000005.jpg,1,pedestrian,7.000319999999988,16.000200000000007,112.00652006399986,0.00021606195999999972,0.4375145310683607,True,small,very_tall,0_8px,16_32px
249,5,0000086_01954_d_0000005.jpg,1,pedestrian,5.999999999999943,17.99982,107.99891999999898,0.00020833124999999802,0.3333366666999972,True,small,very_tall,0_8px,16_32px
250,5,0000086_01954_d_0000005.jpg,1,pedestrian,5.999999999999943,17.999819999999993,107.99891999999893,0.00020833124999999794,0.3333366666999973,True,small,very_tall,0_8px,16_32px
251,5,0000086_01954_d_0000005.jpg,1,pedestrian,4.000320000000016,15.000120000000003,60.00528003840026,0.0001157509260000005,0.2666858665130689,True,very_small,very_tall,0_8px,8_16px
252,5,0000086_01954_d_0000005.jpg,1,pedestrian,5.999999999999972,18.999899999999997,113.99939999999944,0.0002199062499999989,0.31579113574281825,True,small,very_tall,0_8px,16_32px
253,5,0000086_01954_d_0000005.jpg,1,pedestrian,5.999999999999972,15.000119999999995,90.00071999999955,0.00017361249999999913,0.399996800025598,True,small,very_tall,0_8px,8_16px
254,5,0000086_01954_d_0000005.jpg,1,pedestrian,4.999680000000012,17.999820000000007,89.99334005760025,0.00017359826400000048,0.27776277762777685,True,small,very_tall,0_8px,16_32px
255,5,0000086_01954_d_0000005.jpg,1,pedestrian,9.000000000000057,16.0002,144.0018000000009,0.00027778125000000177,0.5624929688378931,True,small,tall,8_16px,16_32px
256,5,0000086_01954_d_0000005.jpg,1,pedestrian,4.999679999999955,12.999960000000009,64.99564001279946,0.00012537739199999895,0.3845919525906197,True,small,very_tall,0_8px,8_16px
257,5,0000086_01954_d_0000005.jpg,1,pedestrian,7.999679999999984,16.99974000000001,135.9924800831998,0.0002623311729999996,0.4705766088187219,True,small,very_tall,0_8px,16_32px
258,5,0000086_01954_d_0000005.jpg,1,pedestrian,7.999679999999984,16.0002,127.99647993599973,0.00024690678999999947,0.4999737503281199,True,small,very_tall,0_8px,16_32px
259,5,0000086_01954_d_0000005.jpg,1,pedestrian,9.000000000000028,16.000199999999992,144.0018000000004,0.0002777812500000008,0.5624929688378916,True,small,tall,8_16px,16_32px
260,5,0000086_01954_d_0000005.jpg,1,pedestrian,7.000320000000016,15.000119999999995,105.00564003840022,0.00020255717600000043,0.46668426652586903,True,small,very_tall,0_8px,8_16px
261,5,0000086_01954_d_0000005.jpg,1,pedestrian,5.999999999999972,14.000040000000006,84.00023999999964,0.0001620374999999993,0.42857020408512897,True,small,very_tall,0_8px,8_16px
262,5,0000086_01954_d_0000005.jpg,1,pedestrian,6.0,12.999960000000009,77.99976000000005,0.0001504625000000001,0.46153988166117405,True,small,very_tall,0_8px,8_16px
263,5,0000086_01954_d_0000005.jpg,1,pedestrian,5.999999999999972,14.000039999999998,84.0002399999996,0.00016203749999999922,0.4285702040851292,True,small,very_tall,0_8px,8_16px
264,5,0000086_01954_d_0000005.jpg,1,pedestrian,4.999679999999984,14.000039999999998,69.99571998719976,0.00013502260799999954,0.357118979660057,True,small,very_tall,0_8px,8_16px
265,5,0000086_01954_d_0000005.jpg,2,people,4.0003199999999595,10.9998,44.00271993599956,8.488178999999915e-05,0.3636720667648466,True,very_small,very_tall,0_8px,8_16px
266,5,0000086_01954_d_0000005.jpg,2,people,4.999679999999984,10.9998,54.99548006399982,0.00010608695999999966,0.4545246277205025,True,very_small,very_tall,0_8px,8_16px
267,5,0000086_01954_d_0000005.jpg,2,people,4.999679999999984,10.9998,54.99548006399982,0.00010608695999999966,0.4545246277205025,True,very_small,very_tall,0_8px,8_16px
268,5,0000086_01954_d_0000005.jpg,2,people,4.999679999999984,10.9998,54.99548006399982,0.00010608695999999966,0.4545246277205025,True,very_small,very_tall,0_8px,8_16px
269,5,0000086_01954_d_0000005.jpg,2,people,4.999679999999984,10.000259999999994,49.9980999167998,9.644695199999962e-05,0.49995500116996827,True,very_small,very_tall,0_8px,8_16px
270,5,0000086_01954_d_0000005.jpg,10,motor,10.000320000000016,7.000019999999999,70.00244000640011,0.0001350355710000002,1.428613061105542,True,small,wide,8_16px,0_8px
271,5,0000086_01954_d_0000005.jpg,1,pedestrian,4.999680000000012,12.999960000000002,64.99564001280017,0.00012537739200000033,0.38459195259062423,True,small,very_tall,0_8px,8_16px
272,5,0000086_01954_d_0000005.jpg,1,pedestrian,4.999680000000012,10.9998,54.995480064000134,0.00010608696000000026,0.4545246277205051,True,very_small,very_tall,0_8px,8_16px
273,5,0000086_01954_d_0000005.jpg,1,pedestrian,7.999680000000012,18.999900000000004,151.99312003200026,0.0002931966050000005,0.4210380054631872,True,small,very_tall,0_8px,16_32px
274,5,0000086_01954_d_0000005.jpg,1,pedestrian,5.999999999999943,14.000040000000002,84.00023999999921,0.00016203749999999848,0.4285702040851271,True,small,very_tall,0_8px,8_16px
275,5,0000086_01954_d_0000005.jpg,1,pedestrian,4.999680000000012,10.000260000000004,49.99809991680014,9.644695200000028e-05,0.49995500116997055,True,very_small,very_tall,0_8px,8_16px
276,5,0000086_01954_d_0000005.jpg,1,pedestrian,4.000319999999988,12.999960000000009,52.003999987199876,0.00010031635799999976,0.30771786990113703,True,very_small,very_tall,0_8px,8_16px
277,5,0000086_01954_d_0000005.jpg,1,pedestrian,4.000320000000045,11.999879999999997,48.00335996160052,9.2599074000001e-05,0.33336333363334014,True,very_small,very_tall,0_8px,8_16px
278,5,0000086_01954_d_0000005.jpg,2,people,4.000320000000045,7.000019999999999,28.00232000640031,5.40168210000006e-05,0.5714726529352838,True,very_small,tall,0_8px,0_8px
279,5,0000086_01954_d_0000005.jpg,2,people,4.000320000000045,5.999940000000002,24.001679980800276,4.629953700000053e-05,0.6667266672666798,True,very_small,tall,0_8px,0_8px
280,5,0000086_01954_d_0000005.jpg,2,people,7.999680000000012,16.99973999999999,135.99248008320012,0.0002623311730000002,0.47057660881872415,True,small,very_tall,0_8px,16_32px
281,5,0000086_01954_d_0000005.jpg,2,people,7.999680000000012,16.000200000000007,127.99647993600024,0.00024690679000000045,0.49997375032812147,True,small,very_tall,0_8px,16_32px
282,5,0000086_01954_d_0000005.jpg,2,people,7.000319999999931,12.999960000000002,91.00387998719911,0.0001755476079999983,0.5384878107317199,True,small,tall,0_8px,8_16px
283,5,0000086_01954_d_0000005.jpg,2,people,7.999680000000012,12.999960000000002,103.99552001280017,0.00020060864200000032,0.6153618934212114,True,small,tall,0_8px,8_16px
284,5,0000086_01954_d_0000005.jpg,1,pedestrian,6.0,19.99998,119.99988,0.00023148125000000002,0.3000003000003,True,small,very_tall,0_8px,16_32px
285,5,0000086_01954_d_0000005.jpg,1,pedestrian,4.000320000000045,10.000260000000003,40.00424008320046,7.716867300000088e-05,0.400021599438419,True,very_small,very_tall,0_8px,8_16px
286,5,0000086_01954_d_0000005.jpg,1,pedestrian,4.999679999999955,10.999799999999993,54.99548006399947,0.00010608695999999898,0.45452462772050023,True,very_small,very_tall,0_8px,8_16px
287,5,0000086_01954_d_0000005.jpg,1,pedestrian,4.000320000000045,10.9998,44.002719936000496,8.488179000000095e-05,0.3636720667648543,True,very_small,very_tall,0_8px,8_16px
288,5,0000086_01954_d_0000005.jpg,1,pedestrian,4.000320000000045,10.000260000000004,40.004240083200465,7.716867300000089e-05,0.4000215994384189,True,very_small,very_tall,0_8px,8_16px
289,5,0000086_01954_d_0000005.jpg,1,pedestrian,4.000320000000045,11.999879999999997,48.00335996160052,9.2599074000001e-05,0.33336333363334014,True,very_small,very_tall,0_8px,8_16px
290,5,0000086_01954_d_0000005.jpg,1,pedestrian,4.000320000000045,11.99987999999999,48.003359961600495,9.259907400000095e-05,0.3333633336333403,True,very_small,very_tall,0_8px,8_16px
291,5,0000086_01954_d_0000005.jpg,1,pedestrian,4.000319999999988,12.999960000000005,52.00399998719986,0.00010031635799999973,0.3077178699011371,True,very_small,very_tall,0_8px,8_16px
292,5,0000086_01954_d_0000005.jpg,1,pedestrian,4.999680000000012,10.9998,54.995480064000134,0.00010608696000000026,0.4545246277205051,True,very_small,very_tall,0_8px,8_16px
293,5,0000086_01954_d_0000005.jpg,1,pedestrian,10.000320000000045,18.99990000000001,190.00507996800096,0.00036652214500000185,0.5263354017652745,True,small,tall,8_16px,16_32px
294,5,0000086_01954_d_0000005.jpg,1,pedestrian,10.000319999999988,21.000060000000005,210.0073200191998,0.0004051067129999996,0.4762043537018459,True,small,very_tall,8_16px,16_32px
295,5,0000086_01954_d_0000005.jpg,1,pedestrian,4.999679999999955,19.999979999999994,99.99350000639907,0.00019288869599999822,0.2499842499842478,True,small,very_tall,0_8px,16_32px
296,5,0000086_01954_d_0000005.jpg,1,pedestrian,4.999679999999955,18.99990000000001,94.99342003199921,0.00018324347999999847,0.2631424375917743,True,small,very_tall,0_8px,16_32px
297,5,0000086_01954_d_0000005.jpg,1,pedestrian,7.000319999999988,22.000139999999973,154.00802004479954,0.0002970833719999991,0.3181943387632986,True,small,very_tall,0_8px,16_32px
298,5,0000086_01954_d_0000005.jpg,1,pedestrian,6.0,19.999979999999994,119.99987999999996,0.00023148124999999994,0.3000003000003001,True,small,very_tall,0_8px,16_32px
299,5,0000086_01954_d_0000005.jpg,1,pedestrian,4.999680000000012,16.000199999999992,79.99587993600015,0.0001543130400000003,0.3124760940488253,True,small,very_tall,0_8px,16_32px
300,5,0000086_01954_d_0000005.jpg,1,pedestrian,6.000000000000057,16.99973999999999,101.9984400000009,0.00019675625000000174,0.352946574477025,True,small,very_tall,0_8px,16_32px
301,5,0000086_01954_d_0000005.jpg,1,pedestrian,6.000000000000114,16.000200000000007,96.00120000000186,0.00018518750000000357,0.37499531255859997,True,small,very_tall,0_8px,16_32px
302,5,0000086_01954_d_0000005.jpg,2,people,25.000319999999988,30.000239999999962,750.0156000767987,0.0014467893519999975,0.8333373333013342,True,large_small,near_square,16_32px,16_32px
303,5,0000086_01954_d_0000005.jpg,2,people,21.000000000000114,36.00018000000006,756.0037800000053,0.0014583406250000103,0.5833304166812522,True,large_small,tall,16_32px,32_64px
304,5,0000086_01954_d_0000005.jpg,2,people,19.999680000000126,38.99987999999999,779.9851200384047,0.0015046009260000091,0.5128138855811898,True,large_small,tall,16_32px,32_64px
305,5,0000086_01954_d_0000005.jpg,2,people,19.000319999999988,38.99987999999999,741.0101999615994,0.0014294178239999988,0.4871891913513578,True,large_small,very_tall,16_32px,32_64px
306,5,0000086_01954_d_0000005.jpg,1,pedestrian,12.0,30.000240000000048,360.0028800000006,0.0006944500000000011,0.3999968000255992,True,large_small,very_tall,8_16px,16_32px
307,5,0000086_01954_d_0000005.jpg,1,pedestrian,27.0,39.99995999999999,1079.9989199999995,0.0020833312499999993,0.6750006750006752,False,out_of_range,tall,16_32px,32_64px
308,5,0000086_01954_d_0000005.jpg,1,pedestrian,10.000319999999874,22.000140000000016,220.0084400447974,0.00042439899699999497,0.4545571073638562,True,small,very_tall,8_16px,16_32px
309,5,0000086_01954_d_0000005.jpg,2,people,31.000319999999988,17.99981999999997,558.0001799423989,0.0010763892359999978,1.7222572225722277,True,large_small,wide,16_32px,16_32px
310,5,0000086_01954_d_0000005.jpg,1,pedestrian,8.999999999999943,27.00000000000003,242.99999999999872,0.00046874999999999754,0.3333333333333309,True,small,very_tall,8_16px,16_32px
311,5,0000086_01954_d_0000005.jpg,1,pedestrian,11.999999999999886,37.99980000000002,455.99759999999594,0.0008796249999999922,0.31579113574281653,True,large_small,very_tall,8_16px,32_64px
312,5,0000086_01954_d_0000005.jpg,1,pedestrian,10.999680000000012,36.00018000000003,395.9904599424008,0.0007638704860000015,0.30554513894097207,True,large_small,very_tall,8_16px,32_64px
313,5,0000086_01954_d_0000005.jpg,2,people,16.999680000000012,24.999840000000006,424.9892800512004,0.0008198095680000008,0.6799915519459327,True,large_small,tall,16_32px,16_32px
314,5,0000086_01954_d_0000005.jpg,1,pedestrian,10.999679999999898,35.000099999999975,384.98989996799617,0.0007426502699999926,0.31427567349807306,True,large_small,very_tall,8_16px,32_64px
315,5,0000086_01954_d_0000005.jpg,1,pedestrian,10.000319999999874,21.000059999999962,210.00732001919698,0.0004051067129999942,0.47620435370184144,True,small,very_tall,8_16px,16_32px
316,5,0000086_01954_d_0000005.jpg,1,pedestrian,10.999680000000012,32.99994000000001,362.9887800192005,0.0007002098380000009,0.33332424240771374,True,large_small,very_tall,8_16px,32_64px
317,5,0000086_01954_d_0000005.jpg,2,people,16.999680000000012,10.000260000000011,170.00121991680032,0.00032793445200000063,1.6999238019811478,True,small,wide,16_32px,8_16px
318,5,0000086_01954_d_0000005.jpg,10,motor,43.00031999999999,31.999859999999956,1376.0042199551976,0.0026543291279999956,1.343765878975722,False,out_of_range,wide,32_64px,16_32px
319,5,0000086_01954_d_0000005.jpg,1,pedestrian,13.000319999999988,26.99999999999997,351.0086399999993,0.0006770999999999986,0.4814933333333334,True,large_small,very_tall,8_16px,16_32px
320,5,0000086_01954_d_0000005.jpg,1,pedestrian,16.0003200000001,37.00026,592.0160000832037,0.0011420061730000072,0.4324380423272729,True,large_small,very_tall,16_32px,32_64px
321,5,0000086_01954_d_0000005.jpg,1,pedestrian,19.000319999999988,50.00022000000001,950.0201800703996,0.0018326006559999993,0.38000472797919654,True,large_small,very_tall,16_32px,32_64px
322,5,0000086_01954_d_0000005.jpg,2,people,22.000319999999988,30.999780000000044,682.0050799296006,0.0013155962190000011,0.709692778464878,True,large_small,tall,16_32px,16_32px
323,5,0000086_01954_d_0000005.jpg,2,people,12.0,11.999880000000005,143.99856000000005,0.0002777750000000001,1.0000100001000005,True,small,near_square,8_16px,8_16px
324,5,0000086_01954_d_0000005.jpg,1,pedestrian,6.0,23.999759999999995,143.99855999999997,0.00027777499999999996,0.2500025000250003,True,small,very_tall,0_8px,16_32px
325,5,0000086_01954_d_0000005.jpg,1,pedestrian,7.000320000000102,17.99982,126.00449994240182,0.0002430642360000035,0.38891055577223005,True,small,very_tall,0_8px,16_32px
326,5,0000086_01954_d_0000005.jpg,1,pedestrian,7.999679999999898,18.99990000000001,151.99312003199816,0.00029319660499999646,0.42103800546318104,True,small,very_tall,0_8px,16_32px
327,5,0000086_01954_d_0000005.jpg,1,pedestrian,7.000320000000102,17.99982,126.00449994240182,0.0002430642360000035,0.38891055577223005,True,small,very_tall,0_8px,16_32px
328,5,0000086_01954_d_0000005.jpg,1,pedestrian,7.000320000000102,23.00022,161.00890007040232,0.00031058815600000446,0.3043588278720857,True,small,very_tall,0_8px,16_32px
329,5,0000086_01954_d_0000005.jpg,1,pedestrian,4.999680000000012,15.000119999999995,74.99579996160016,0.0001446678240000003,0.3333093335253327,True,small,very_tall,0_8px,8_16px
330,5,0000086_01954_d_0000005.jpg,1,pedestrian,7.000319999999988,16.99974000000001,119.00361991679986,0.00022955945199999974,0.41178982737382946,True,small,very_tall,0_8px,16_32px
331,5,0000086_01954_d_0000005.jpg,1,pedestrian,7.000320000000102,16.0002,112.00652006400162,0.00021606196000000313,0.437514531068368,True,small,very_tall,0_8px,16_32px
332,5,0000086_01954_d_0000005.jpg,1,pedestrian,10.000319999999874,23.999759999999995,240.00527992319692,0.0004629731479999941,0.41668416684166326,True,small,very_tall,8_16px,16_32px
333,5,0000086_01954_d_0000005.jpg,1,pedestrian,4.999680000000012,17.99982,89.99334005760022,0.00017359826400000042,0.27776277762777696,True,small,very_tall,0_8px,16_32px
334,5,0000086_01954_d_0000005.jpg,1,pedestrian,10.000319999999988,21.000060000000005,210.0073200191998,0.0004051067129999996,0.4762043537018459,True,small,very_tall,8_16px,16_32px
335,5,0000086_01954_d_0000005.jpg,1,pedestrian,6.0,21.000060000000012,126.00036000000007,0.00024305625000000015,0.2857134693900873,True,small,very_tall,0_8px,16_32px
336,5,0000086_01954_d_0000005.jpg,1,pedestrian,7.999679999999898,27.0,215.99135999999726,0.0004166499999999947,0.2962844444444407,True,small,very_tall,0_8px,16_32px
337,5,0000086_01954_d_0000005.jpg,1,pedestrian,13.999680000000012,28.000079999999997,391.9921599744003,0.0007561577160000005,0.4999871428938779,True,large_small,very_tall,8_16px,16_32px
338,5,0000086_01954_d_0000005.jpg,2,people,13.000319999999874,17.99982,234.00341994239773,0.0004513954859999956,0.7222472224722177,True,small,tall,8_16px,16_32px
339,5,0000086_01954_d_0000005.jpg,1,pedestrian,4.999680000000126,17.99982,89.99334005760227,0.00017359826400000438,0.2777627776277833,True,small,very_tall,0_8px,16_32px
340,5,0000086_01954_d_0000005.jpg,1,pedestrian,7.000320000000102,21.000060000000005,147.00714001920215,0.00028357858800000414,0.3333476190068076,True,small,very_tall,0_8px,16_32px
341,5,0000086_01954_d_0000005.jpg,2,people,12.0,12.999959999999987,155.99951999999985,0.0003009249999999997,0.9230797633223495,True,small,near_square,8_16px,8_16px
342,6,0000103_04513_d_0000034.jpg,4,car,99.99943999999994,200.00007000000005,19999.894999960794,0.019223274701999995,0.4999970250010408,False,out_of_range,very_tall,64px_plus,64px_plus
343,6,0000103_04513_d_0000034.jpg,1,pedestrian,29.000639999999862,63.000044999999886,1827.041625028788,0.0017560953719999886,0.46032729024241037,False,out_of_range,very_tall,16_32px,32_64px
344,7,0000117_00112_d_0000087.jpg,4,car,179.00048000000004,93.00028500000008,16647.095655136818,0.016000668642000018,1.9247304457185255,False,out_of_range,wide,64px_plus,64px_plus
345,7,0000117_00112_d_0000087.jpg,4,car,163.00008000000003,85.9997699999999,14017.969389981585,0.013473634553999985,1.8953548364141,False,out_of_range,wide,64px_plus,64px_plus
346,7,0000117_00112_d_0000087.jpg,4,car,163.9996799999999,68.00008499999996,11151.992179972785,0.010718946731999987,2.4117569853037684,False,out_of_range,very_wide,64px_plus,64px_plus
347,7,0000117_00112_d_0000087.jpg,4,car,157.99936000000025,62.000189999999975,9795.990339878412,0.009415600096000011,2.5483689646757584,False,out_of_range,very_wide,64px_plus,32_64px
348,7,0000117_00112_d_0000087.jpg,4,car,128.00047999999998,66.00037500000002,8448.07968018,0.008120030450000001,1.9393901928587518,False,out_of_range,wide,64px_plus,64px_plus
349,7,0000117_00112_d_0000087.jpg,5,van,27.999680000000012,36.999990000000004,1035.9878800032006,0.0009957592080000006,0.7567483126346793,False,out_of_range,near_square,16_32px,32_64px
350,7,0000117_00112_d_0000087.jpg,4,car,38.9993599999998,46.00021499999998,1793.9789448623899,0.0017243165559999902,0.8478082113311821,False,out_of_range,near_square,32_64px,32_64px
351,7,0000117_00112_d_0000087.jpg,4,car,37.00015999999994,47.99992499999999,1776.0049049879967,0.0017070404699999968,0.7708378711008391,False,out_of_range,near_square,32_64px,32_64px
352,7,0000117_00112_d_0000087.jpg,4,car,36.000560000000064,31.99995,1152.016119972002,0.0011072819300000018,1.1250192578425924,False,out_of_range,near_square,32_64px,16_32px
353,7,0000117_00112_d_0000087.jpg,1,pedestrian,13.000239999999962,36.999990000000025,481.00874999759895,0.000462330593999999,0.35135793279944005,True,large_small,very_tall,8_16px,32_64px
354,7,0000117_00112_d_0000087.jpg,1,pedestrian,20.999760000000023,43.999739999999974,923.9839800624005,0.0008881045560000005,0.477270092959641,True,large_small,very_tall,16_32px,32_64px
355,7,0000117_00112_d_0000087.jpg,1,pedestrian,17.000000000000014,47.000069999999994,799.0011900000005,0.0007679750000000005,0.36170158895508064,True,large_small,very_tall,16_32px,32_64px
356,7,0000117_00112_d_0000087.jpg,4,car,146.00008,54.999675000000025,8029.956949974004,0.007718143935000004,2.6545625951426066,False,out_of_range,very_wide,64px_plus,32_64px
357,7,0000117_00112_d_0000087.jpg,7,tricycle,37.99975999999998,30.00024000000002,1140.0019199424003,0.0010957342560000002,1.2666485334783975,False,out_of_range,near_square,32_64px,16_32px
358,7,0000117_00112_d_0000087.jpg,1,pedestrian,10.999679999999955,22.999725000000012,252.9896150879991,0.00024316571999999915,0.4782526747602395,True,small,very_tall,8_16px,16_32px
359,7,0000117_00112_d_0000087.jpg,1,pedestrian,12.00064000000009,28.999619999999965,348.01399975680215,0.00033450019200000205,0.41382059489055734,True,large_small,very_tall,8_16px,16_32px
360,7,0000117_00112_d_0000087.jpg,10,motor,17.999599999999987,26.99991000000003,485.98758003600017,0.0004671160900000002,0.6666540740320974,True,large_small,tall,16_32px,16_32px
361,7,0000117_00112_d_0000087.jpg,10,motor,17.000000000000057,28.999619999999993,492.99354000000153,0.00047385000000000146,0.5862145779841275,True,large_small,tall,16_32px,16_32px
362,7,0000117_00112_d_0000087.jpg,4,car,101.99999999999994,62.00019000000003,6324.01938,0.00607845,1.64515624871472,False,out_of_range,wide,64px_plus,32_64px
363,7,0000117_00112_d_0000087.jpg,1,pedestrian,21.99935999999991,40.000320000000016,879.9814397951968,0.0008458106879999969,0.5499796001631962,True,large_small,tall,16_32px,32_64px
364,7,0000117_00112_d_0000087.jpg,2,people,9.000480000000039,19.000304999999997,171.0118651464007,0.0001643712660000007,0.47370186952262294,True,small,very_tall,8_16px,16_32px
365,7,0000117_00112_d_0000087.jpg,1,pedestrian,14.99944000000005,36.000135,539.9818649244017,0.0005190137110000016,0.41664954867530496,True,large_small,very_tall,8_16px,32_64px
366,7,0000117_00112_d_0000087.jpg,1,pedestrian,7.999519999999848,21.99987000000001,175.98840006239672,0.00016915455599999686,0.3636166940986399,True,small,very_tall,0_8px,16_32px
367,7,0000117_00112_d_0000087.jpg,1,pedestrian,6.000320000000102,21.99987,132.00625995840224,0.00012688029600000216,0.2727434298475446,True,small,very_tall,0_8px,16_32px
368,7,0000117_00112_d_0000087.jpg,1,pedestrian,10.999679999999955,26.99991,296.9903700287988,0.0002854578719999988,0.4073969135452657,True,large_small,very_tall,8_16px,16_32px
369,7,0000117_00112_d_0000087.jpg,1,pedestrian,12.00064000000009,26.000055000000003,312.01730003520237,0.00029990128800000225,0.46156210054171376,True,large_small,very_tall,8_16px,16_32px
370,7,0000117_00112_d_0000087.jpg,1,pedestrian,9.000479999999982,22.999725000000005,207.00856486799964,0.00019897016999999965,0.3913298963357162,True,small,very_tall,8_16px,16_32px
371,7,0000117_00112_d_0000087.jpg,1,pedestrian,10.000080000000082,22.999724999999998,229.99908997800188,0.0002210679450000018,0.43479128554798296,True,small,very_tall,8_16px,16_32px
372,7,0000117_00112_d_0000087.jpg,1,pedestrian,10.999680000000012,24.000345,263.9961148896003,0.00025374482400000026,0.4583134117447067,True,large_small,very_tall,8_16px,16_32px
373,7,0000117_00112_d_0000087.jpg,1,pedestrian,9.000479999999982,20.00016,180.01104007679965,0.00017302099199999966,0.45002039983680037,True,small,very_tall,8_16px,16_32px
374,7,0000117_00112_d_0000087.jpg,10,motor,10.000080000000082,21.000015000000005,210.00183000120177,0.0002018472030000017,0.47619394557575695,True,small,very_tall,8_16px,16_32px
375,7,0000117_00112_d_0000087.jpg,8,awning-tricycle,41.99951999999996,36.999990000000025,1553.9818200047996,0.0014936388119999996,1.1351224689520167,False,out_of_range,near_square,32_64px,32_64px
376,7,0000117_00112_d_0000087.jpg,10,motor,36.00056000000001,25.000200000000035,900.0212001120015,0.0008650722800000014,1.440010879912959,True,large_small,wide,32_64px,16_32px
377,7,0000117_00112_d_0000087.jpg,7,tricycle,60.00047999999998,31.000094999999988,1860.0205800455988,0.0017877937139999989,1.935493423487896,False,out_of_range,wide,32_64px,16_32px
378,7,0000117_00112_d_0000087.jpg,1,pedestrian,13.00024000000002,27.999765000000004,364.0036649436006,0.0003498689590000006,0.4642981825026038,True,large_small,very_tall,8_16px,16_32px
379,7,0000117_00112_d_0000087.jpg,2,people,10.999679999999955,15.999974999999992,175.99460500799918,0.0001691605199999992,0.6874810741891759,True,small,tall,8_16px,8_16px
380,7,0000117_00112_d_0000087.jpg,1,pedestrian,9.000479999999982,22.999724999999998,207.00856486799955,0.00019897016999999957,0.3913298963357163,True,small,very_tall,8_16px,16_32px
381,7,0000117_00112_d_0000087.jpg,1,pedestrian,12.00064000000009,22.999725000000005,276.01141982400213,0.00026529356000000204,0.5217731951142932,True,large_small,tall,8_16px,16_32px
382,7,0000117_00112_d_0000087.jpg,1,pedestrian,9.000479999999982,25.000199999999978,225.01380009599936,0.0002162762399999994,0.3600163198694406,True,small,very_tall,8_16px,16_32px
383,7,0000117_00112_d_0000087.jpg,1,pedestrian,9.000480000000039,19.000304999999997,171.0118651464007,0.0001643712660000007,0.47370186952262294,True,small,very_tall,8_16px,16_32px
384,7,0000117_00112_d_0000087.jpg,1,pedestrian,9.000480000000039,25.000200000000007,225.01380009600103,0.000216276240000001,0.3600163198694425,True,small,very_tall,8_16px,16_32px
385,7,0000117_00112_d_0000087.jpg,1,pedestrian,10.000080000000082,27.999764999999996,279.9998899812023,0.0002691271530000022,0.357148711783834,True,large_small,very_tall,8_16px,16_32px
386,7,0000117_00112_d_0000087.jpg,1,pedestrian,9.000480000000039,22.999724999999998,207.00856486800086,0.00019897017000000084,0.3913298963357188,True,small,very_tall,8_16px,16_32px
387,7,0000117_00112_d_0000087.jpg,1,pedestrian,10.999680000000012,31.99995,351.98921001600036,0.0003383210400000003,0.3437405370945896,True,large_small,very_tall,8_16px,16_32px
388,7,0000117_00112_d_0000087.jpg,1,pedestrian,7.999520000000075,28.999619999999993,231.9830401824021,0.00022297485600000202,0.2758491318162127,True,small,very_tall,0_8px,16_32px
389,7,0000117_00112_d_0000087.jpg,1,pedestrian,9.000480000000039,21.000015000000005,189.01021500720086,0.00018167071800000083,0.42859397957573064,True,small,very_tall,8_16px,16_32px
390,7,0000117_00112_d_0000087.jpg,1,pedestrian,9.000479999999982,26.00005499999999,234.01297502639943,0.00022492596599999945,0.34617157540628224,True,small,very_tall,8_16px,16_32px
391,7,0000117_00112_d_0000087.jpg,1,pedestrian,9.000480000000039,20.000159999999994,180.01104007680073,0.0001730209920000007,0.45002039983680336,True,small,very_tall,8_16px,16_32px
392,7,0000117_00112_d_0000087.jpg,1,pedestrian,10.000080000000082,21.00001499999999,210.00183000120163,0.00020184720300000155,0.4761939455757573,True,small,very_tall,8_16px,16_32px
393,7,0000117_00112_d_0000087.jpg,1,pedestrian,9.000480000000039,21.99987,198.00938993760087,0.00019032044400000084,0.4091151447713117,True,small,very_tall,8_16px,16_32px
394,7,0000117_00112_d_0000087.jpg,1,pedestrian,13.000239999999962,31.00009500000001,403.00867502279897,0.000387359356999999,0.419361295505706,True,large_small,very_tall,8_16px,16_32px
395,7,0000117_00112_d_0000087.jpg,1,pedestrian,10.000080000000082,22.999724999999998,229.99908997800188,0.0002210679450000018,0.43479128554798296,True,small,very_tall,8_16px,16_32px
396,7,0000117_00112_d_0000087.jpg,1,pedestrian,7.999520000000075,22.999725000000012,183.98676013200182,0.00017684233000000174,0.34780937598167244,True,small,very_tall,0_8px,16_32px
397,7,0000117_00112_d_0000087.jpg,1,pedestrian,13.999840000000063,21.99987,307.9946600208014,0.00029603485200000134,0.6363601239461898,True,large_small,tall,8_16px,16_32px
398,7,0000117_00112_d_0000087.jpg,1,pedestrian,12.000640000000033,25.0002,300.0184001280008,0.0002883683200000008,0.4800217598259227,True,large_small,very_tall,8_16px,16_32px
399,7,0000117_00112_d_0000087.jpg,1,pedestrian,9.000479999999982,25.0002,225.01380009599953,0.00021627623999999956,0.3600163198694403,True,small,very_tall,8_16px,16_32px
400,7,0000117_00112_d_0000087.jpg,1,pedestrian,10.000080000000025,22.999725000000005,229.99908997800063,0.0002210679450000006,0.4347912855479804,True,small,very_tall,8_16px,16_32px
401,7,0000117_00112_d_0000087.jpg,1,pedestrian,10.999680000000012,25.000200000000003,274.9941999360003,0.0002643158400000003,0.4399836801305594,True,large_small,very_tall,8_16px,16_32px
402,7,0000117_00112_d_0000087.jpg,1,pedestrian,12.000639999999976,37.99984500000002,456.02245990079933,0.00043831455199999934,0.3158076039520679,True,large_small,very_tall,8_16px,32_64px
403,7,0000117_00112_d_0000087.jpg,1,pedestrian,12.000639999999976,25.000200000000007,300.0184001279995,0.0002883683199999995,0.48002175982592027,True,large_small,very_tall,8_16px,16_32px
404,7,0000117_00112_d_0000087.jpg,1,pedestrian,17.000000000000057,30.00024000000002,510.00408000000203,0.0004902000000000019,0.5666621333696013,True,large_small,tall,16_32px,16_32px
405,7,0000117_00112_d_0000087.jpg,1,pedestrian,10.999679999999955,28.999619999999993,318.98654012159864,0.0003065999039999987,0.37930428053884696,True,large_small,very_tall,8_16px,16_32px
406,7,0000117_00112_d_0000087.jpg,2,people,13.000239999999962,19.00030500000001,247.00852507319945,0.00023741688299999949,0.6842121744887756,True,small,tall,8_16px,16_32px
407,7,0000117_00112_d_0000087.jpg,1,pedestrian,13.999840000000006,28.999620000000007,405.99004006080025,0.00039022495200000026,0.48275942926148696,True,large_small,very_tall,8_16px,16_32px
408,7,0000117_00112_d_0000087.jpg,1,pedestrian,17.999599999999987,36.000135,647.9880299459995,0.0006228258649999995,0.49998701393758627,True,large_small,very_tall,16_32px,32_64px
409,7,0000117_00112_d_0000087.jpg,1,pedestrian,16.000399999999992,37.999844999999965,608.0127199379991,0.0005844028449999992,0.42106487539620246,True,large_small,very_tall,16_32px,32_64px
410,7,0000117_00112_d_0000087.jpg,1,pedestrian,14.999439999999993,32.99980499999998,494.9785951091995,0.0004757579729999995,0.45453117071449367,True,large_small,very_tall,8_16px,32_64px
411,7,0000117_00112_d_0000087.jpg,1,pedestrian,16.999999999999993,36.00013499999997,612.0022949999992,0.0005882374999999992,0.47222045139552965,True,large_small,very_tall,16_32px,32_64px
412,7,0000117_00112_d_0000087.jpg,10,motor,30.999840000000006,26.000055000000003,805.9975449912002,0.0007746996780000002,1.1922990162905425,True,large_small,near_square,16_32px,16_32px
413,7,0000117_00112_d_0000087.jpg,10,motor,37.999759999999995,26.000055000000003,987.9958499868,0.000949630767,1.4615261390793208,True,large_small,wide,32_64px,16_32px
414,7,0000117_00112_d_0000087.jpg,2,people,10.999680000000026,19.000304999999997,208.99727490240048,0.00020088165600000044,0.5789212331065227,True,small,tall,8_16px,16_32px
415,7,0000117_00112_d_0000087.jpg,2,people,10.000079999999997,22.999725000000012,229.99908997800006,0.00022106794500000005,0.434791285547979,True,small,very_tall,8_16px,16_32px
416,7,0000117_00112_d_0000087.jpg,1,pedestrian,16.0004,35.000280000000004,560.018480112,0.00053827228,0.4571506285092576,True,large_small,very_tall,16_32px,32_64px
417,7,0000117_00112_d_0000087.jpg,1,pedestrian,13.999840000000006,31.999949999999984,447.99418000799994,0.00043059801999999995,0.437495683587006,True,large_small,very_tall,8_16px,16_32px
418,7,0000117_00112_d_0000087.jpg,1,pedestrian,12.000640000000004,30.00024000000002,360.02208015360037,0.00034604198400000035,0.40001813318826773,True,large_small,very_tall,8_16px,16_32px
419,7,0000117_00112_d_0000087.jpg,2,people,20.999759999999995,24.00034500000001,504.00148491720006,0.00048443049300000003,0.8749774221995553,True,large_small,near_square,16_32px,16_32px
420,7,0000117_00112_d_0000087.jpg,2,people,17.9996,27.999764999999996,503.98457009399993,0.00048441423499999994,0.6428482524764049,True,large_small,tall,16_32px,16_32px
421,7,0000117_00112_d_0000087.jpg,1,pedestrian,13.999839999999992,25.000200000000007,349.9987999679999,0.0003364079199999999,0.5599891200870388,True,large_small,tall,8_16px,16_32px
422,7,0000117_00112_d_0000087.jpg,1,pedestrian,17.9996,36.000135,647.988029946,0.0006228258649999999,0.49998701393758666,True,large_small,very_tall,16_32px,32_64px
423,7,0000117_00112_d_0000087.jpg,1,pedestrian,17.999600000000004,36.99999,665.9850200040001,0.0006401240100000001,0.4864758071556237,True,large_small,very_tall,16_32px,32_64px
424,7,0000117_00112_d_0000087.jpg,1,pedestrian,13.999839999999992,28.999620000000007,405.99004006079986,0.0003902249519999999,0.48275942926148646,True,large_small,very_tall,8_16px,16_32px
425,7,0000117_00112_d_0000087.jpg,1,pedestrian,17.9996,32.99980500000001,593.9832900780002,0.0005709181950000002,0.5454456473303402,True,large_small,tall,16_32px,32_64px
426,7,0000117_00112_d_0000087.jpg,1,pedestrian,13.999839999999992,27.999764999999996,391.9922300375997,0.00037677069399999973,0.49999848213011766,True,large_small,very_tall,8_16px,16_32px
427,7,0000117_00112_d_0000087.jpg,1,pedestrian,12.00063999999999,27.999765000000004,336.0150998495998,0.00032296722399999977,0.428597882875088,True,large_small,very_tall,8_16px,16_32px
428,7,0000117_00112_d_0000087.jpg,1,pedestrian,10.999680000000026,26.99991,296.9903700288007,0.0002854578720000007,0.40739691354526836,True,large_small,very_tall,8_16px,16_32px
429,7,0000117_00112_d_0000087.jpg,1,pedestrian,12.000640000000004,27.999764999999996,336.01509984960006,0.00032296722400000004,0.4285978828750886,True,large_small,very_tall,8_16px,16_32px
430,7,0000117_00112_d_0000087.jpg,1,pedestrian,10.000079999999997,20.000160000000008,200.00320001280002,0.00019223683200000002,0.49999999999999967,True,small,very_tall,8_16px,16_32px
431,7,0000117_00112_d_0000087.jpg,1,pedestrian,13.000239999999991,26.999909999999993,351.0053099783997,0.0003373753459999997,0.4814919753436213,True,large_small,very_tall,8_16px,16_32px
432,7,0000117_00112_d_0000087.jpg,1,pedestrian,13.000239999999962,32.999804999999995,429.0053849531987,0.00041234658299999877,0.3939489945470879,True,large_small,very_tall,8_16px,32_64px
433,7,0000117_00112_d_0000087.jpg,1,pedestrian,12.000639999999976,31.000095,372.0209800607993,0.00035757495199999933,0.387116233030898,True,large_small,very_tall,8_16px,16_32px
434,7,0000117_00112_d_0000087.jpg,1,pedestrian,12.000640000000004,26.000055000000017,312.0173000352003,0.0002999012880000003,0.46156210054171026,True,large_small,very_tall,8_16px,16_32px
435,7,0000117_00112_d_0000087.jpg,1,pedestrian,17.000000000000057,28.999620000000007,492.99354000000176,0.0004738500000000017,0.5862145779841271,True,large_small,tall,16_32px,16_32px
436,7,0000117_00112_d_0000087.jpg,1,pedestrian,13.000239999999962,25.000199999999992,325.008600047999,0.000312388119999999,0.520005439956479,True,large_small,tall,8_16px,16_32px
437,7,0000117_00112_d_0000087.jpg,1,pedestrian,14.99944000000005,30.000239999999977,449.98679986560114,0.0004325132640000011,0.4999773335146673,True,large_small,very_tall,8_16px,16_32px
438,7,0000117_00112_d_0000087.jpg,1,pedestrian,13.999840000000006,27.999764999999996,391.9922300376001,0.0003767706940000001,0.49999848213011816,True,large_small,very_tall,8_16px,16_32px
439,7,0000117_00112_d_0000087.jpg,1,pedestrian,12.000639999999976,21.999869999999987,264.0125199167993,0.0002537605919999993,0.5454868596950793,True,large_small,tall,8_16px,16_32px
440,7,0000117_00112_d_0000087.jpg,1,pedestrian,12.000639999999976,26.00005499999999,312.01730003519924,0.00029990128799999927,0.46156210054170965,True,large_small,very_tall,8_16px,16_32px
441,7,0000117_00112_d_0000087.jpg,1,pedestrian,10.999679999999984,24.000344999999996,263.99611488959954,0.00025374482399999956,0.4583134117447056,True,large_small,very_tall,8_16px,16_32px
442,7,0000117_00112_d_0000087.jpg,1,pedestrian,10.999680000000012,25.000200000000007,274.99419993600037,0.0002643158400000004,0.43998368013055933,True,large_small,very_tall,8_16px,16_32px
443,7,0000117_00112_d_0000087.jpg,1,pedestrian,10.000079999999969,24.000344999999996,240.0053700275992,0.00023068566899999926,0.41666401045484847,True,small,very_tall,8_16px,16_32px
444,7,0000117_00112_d_0000087.jpg,1,pedestrian,10.000079999999997,26.000055000000003,260.0026300044,0.00024990641099999997,0.38461764792420616,True,large_small,very_tall,8_16px,16_32px
445,7,0000117_00112_d_0000087.jpg,1,pedestrian,9.00048000000001,26.99990999999997,243.01214995680002,0.00023357569200000003,0.33335222228518613,True,small,very_tall,8_16px,16_32px
446,7,0000117_00112_d_0000087.jpg,1,pedestrian,14.999440000000021,31.000095000000016,464.9840649468009,0.0004469281670000009,0.48385142045532487,True,large_small,very_tall,8_16px,16_32px
447,7,0000117_00112_d_0000087.jpg,1,pedestrian,12.000640000000004,26.000055000000003,312.01730003520015,0.00029990128800000014,0.4615621005417105,True,large_small,very_tall,8_16px,16_32px
448,7,0000117_00112_d_0000087.jpg,1,pedestrian,13.00024000000002,30.00024000000002,390.01032005760084,0.0003748657440000008,0.43333786663040064,True,large_small,very_tall,8_16px,16_32px
449,7,0000117_00112_d_0000087.jpg,1,pedestrian,10.999680000000012,21.999870000000016,241.99153004160044,0.00023259470400000042,0.49998840902241715,True,small,very_tall,8_16px,16_32px
450,7,0000117_00112_d_0000087.jpg,1,pedestrian,10.999679999999984,26.99991000000003,296.9903700287999,0.0002854578719999999,0.40739691354526636,True,large_small,very_tall,8_16px,16_32px
451,7,0000117_00112_d_0000087.jpg,1,pedestrian,12.000640000000004,31.999950000000013,384.0198799680003,0.00036910792000000026,0.3750205859696656,True,large_small,very_tall,8_16px,16_32px
452,7,0000117_00112_d_0000087.jpg,1,pedestrian,17.999600000000015,37.99984499999999,683.9820100620004,0.0006574221550000004,0.4736756163084354,True,large_small,very_tall,16_32px,32_64px
453,7,0000117_00112_d_0000087.jpg,1,pedestrian,12.000640000000004,31.999950000000013,384.0198799680003,0.00036910792000000026,0.3750205859696656,True,large_small,very_tall,8_16px,16_32px
454,7,0000117_00112_d_0000087.jpg,1,pedestrian,10.999679999999984,31.000094999999988,340.99112496959935,0.0003277500239999994,0.3548272997227908,True,large_small,very_tall,8_16px,16_32px
455,7,0000117_00112_d_0000087.jpg,1,pedestrian,13.000239999999991,32.99980499999998,429.00538495319944,0.00041234658299999947,0.3939489945470889,True,large_small,very_tall,8_16px,32_64px
456,7,0000117_00112_d_0000087.jpg,1,pedestrian,13.000239999999962,27.999764999999996,364.0036649435989,0.0003498689589999989,0.46429818250260185,True,large_small,very_tall,8_16px,16_32px
457,7,0000117_00112_d_0000087.jpg,1,pedestrian,14.999439999999993,32.99980500000001,494.9785951091999,0.0004757579729999999,0.4545311707144933,True,large_small,very_tall,8_16px,32_64px
458,7,0000117_00112_d_0000087.jpg,1,pedestrian,17.00000000000003,36.000135,612.002295000001,0.000588237500000001,0.47222045139553026,True,large_small,very_tall,16_32px,32_64px
459,7,0000117_00112_d_0000087.jpg,1,pedestrian,10.000079999999969,25.000200000000007,250.00400001599928,0.0002402960399999993,0.39999999999999863,True,small,very_tall,8_16px,16_32px
460,7,0000117_00112_d_0000087.jpg,1,pedestrian,13.999840000000006,28.999619999999993,405.9900400608001,0.0003902249520000001,0.4827594292614872,True,large_small,very_tall,8_16px,16_32px
461,7,0000117_00112_d_0000087.jpg,1,pedestrian,13.00024000000002,32.99980500000001,429.00538495320075,0.0004123465830000007,0.3939489945470895,True,large_small,very_tall,8_16px,32_64px
462,7,0000117_00112_d_0000087.jpg,1,pedestrian,13.999840000000006,31.999949999999984,447.99418000799994,0.00043059801999999995,0.437495683587006,True,large_small,very_tall,8_16px,16_32px
463,7,0000117_00112_d_0000087.jpg,1,pedestrian,10.999680000000012,28.999619999999993,318.9865401216003,0.0003065999040000003,0.37930428053884896,True,large_small,very_tall,8_16px,16_32px
464,7,0000117_00112_d_0000087.jpg,1,pedestrian,13.000239999999991,32.99980499999998,429.00538495319944,0.00041234658299999947,0.3939489945470889,True,large_small,very_tall,8_16px,32_64px
465,7,0000117_00112_d_0000087.jpg,1,pedestrian,13.000239999999991,30.00023999999999,390.0103200575996,0.0003748657439999996,0.43333786663040014,True,large_small,very_tall,8_16px,16_32px
466,7,0000117_00112_d_0000087.jpg,1,pedestrian,13.000239999999991,31.999949999999984,416.0070299879995,0.0003998529699999995,0.4062581347783355,True,large_small,very_tall,8_16px,16_32px
467,7,0000117_00112_d_0000087.jpg,1,pedestrian,10.999679999999984,25.0002,274.9941999359996,0.0002643158399999996,0.43998368013055833,True,large_small,very_tall,8_16px,16_32px
468,7,0000117_00112_d_0000087.jpg,1,pedestrian,13.000239999999991,26.999909999999993,351.0053099783997,0.0003373753459999997,0.4814919753436213,True,large_small,very_tall,8_16px,16_32px
469,7,0000117_00112_d_0000087.jpg,4,car,33.999999999999886,18.9999225,645.9973649999979,0.0006209124999999979,1.7894809834092684,True,large_small,wide,32_64px,16_32px
470,7,0000117_00112_d_0000087.jpg,10,motor,71.00016000000005,40.0003200000001,2840.0291200512092,0.002729747328000009,1.774989800081596,False,out_of_range,wide,64px_plus,32_64px
471,7,0000117_00112_d_0000087.jpg,2,people,36.00055999999984,52.99996499999986,1908.0284199803864,0.001833937350999987,0.6792562976220821,False,out_of_range,tall,32_64px,32_64px
472,7,0000117_00112_d_0000087.jpg,2,people,24.999519999999848,45.00036,1124.9873998271933,0.0010813027679999936,0.555540444565329,False,out_of_range,tall,16_32px,32_64px
473,8,0000117_02708_d_0000090.jpg,4,car,116.99943999999994,63.00004499999994,7370.969984974789,0.00708474623699999,1.8571326417306533,False,out_of_range,wide,64px_plus,32_64px
474,8,0000117_02708_d_0000090.jpg,4,car,85.0,70.99965000000009,6034.970250000008,0.005800625000000007,1.1971890002274643,False,out_of_range,near_square,64px_plus,64px_plus
475,8,0000117_02708_d_0000090.jpg,4,car,63.00064000000003,46.000215000000026,2898.042985137603,0.002785508444000003,1.3695727291709396,False,out_of_range,wide,32_64px,32_64px
476,8,0000117_02708_d_0000090.jpg,4,car,63.00064000000009,36.99999,2331.0230499936033,0.002240506584000003,1.7027204601947215,False,out_of_range,wide,32_64px,32_64px
477,8,0000117_02708_d_0000090.jpg,6,truck,91.99992000000009,72.00027,6624.019079978407,0.006366800346000006,1.2777718750221365,False,out_of_range,near_square,64px_plus,64px_plus
478,8,0000117_02708_d_0000090.jpg,8,awning-tricycle,63.000639999999976,58.000005000000044,3654.037435003201,0.003512146708000001,1.0862178373950129,False,out_of_range,near_square,32_64px,32_64px
479,8,0000117_02708_d_0000090.jpg,5,van,75.99951999999996,42.999885000000006,3267.9706200551987,0.0031410713379999987,1.7674354245365993,False,out_of_range,wide,64px_plus,32_64px
480,8,0000117_02708_d_0000090.jpg,1,pedestrian,20.99976000000015,42.999885000000006,902.9872650276067,0.0008679231690000064,0.48836781772788806,True,large_small,very_tall,16_32px,32_64px
481,8,0000117_02708_d_0000090.jpg,1,pedestrian,20.00016000000005,42.999885000000006,860.0045799816023,0.0008266095540000022,0.4651212439289093,True,large_small,very_tall,16_32px,32_64px
482,8,0000117_02708_d_0000090.jpg,1,pedestrian,13.999840000000063,36.000135,503.9961299784023,0.00048442534600000217,0.3888829861332482,True,large_small,very_tall,8_16px,32_64px
483,8,0000117_02708_d_0000090.jpg,1,pedestrian,23.99991999999986,56.00029499999988,1344.0025999763893,0.0012918133409999897,0.4285677423663556,False,out_of_range,very_tall,16_32px,32_64px
484,8,0000117_02708_d_0000090.jpg,1,pedestrian,23.99992000000009,42.00003000000004,1007.9973599976046,0.0009688555940000044,0.571426258505055,True,large_small,tall,16_32px,32_64px
485,8,0000117_02708_d_0000090.jpg,1,pedestrian,21.999360000000024,47.999925000000076,1055.9676300480028,0.0010149631200000026,0.45832071612611874,False,out_of_range,very_tall,16_32px,32_64px
486,8,0000117_02708_d_0000090.jpg,1,pedestrian,16.999999999999773,49.999634999999955,849.9937949999879,0.0008169874999999884,0.3400024820181145,True,large_small,very_tall,16_32px,32_64px
487,8,0000117_02708_d_0000090.jpg,1,pedestrian,19.00055999999995,32.99980500000004,627.0147748907991,0.0006026670269999991,0.5757779477787802,True,large_small,tall,16_32px,32_64px
488,8,0000117_02708_d_0000090.jpg,1,pedestrian,10.000079999999798,33.99966000000006,339.9993199727938,0.000326796731999994,0.2941229412294058,True,large_small,very_tall,8_16px,32_64px
489,8,0000117_02708_d_0000090.jpg,1,pedestrian,19.00055999999995,43.99974000000003,836.0196998543984,0.0008035560359999984,0.4318334608340853,True,large_small,very_tall,16_32px,32_64px
490,8,0000117_02708_d_0000090.jpg,1,pedestrian,23.000319999999874,46.00021499999997,1058.0196650687935,0.0010169354719999938,0.5000046195436236,False,out_of_range,tall,16_32px,32_64px
491,8,0000117_02708_d_0000090.jpg,1,pedestrian,17.0,52.999964999999975,900.9994049999996,0.0008660124999999996,0.32075492880042483,True,large_small,very_tall,16_32px,32_64px
492,8,0000117_02708_d_0000090.jpg,1,pedestrian,21.99935999999991,47.000069999999994,1033.9714599551958,0.000993821087999996,0.46807079223498843,False,out_of_range,very_tall,16_32px,32_64px
493,8,0000117_02708_d_0000090.jpg,1,pedestrian,20.000160000000164,42.00003000000004,840.0073200048076,0.0008073888120000073,0.47619394557575667,True,large_small,very_tall,16_32px,32_64px
494,8,0000117_02708_d_0000090.jpg,1,pedestrian,17.0,40.000320000000045,680.0054400000008,0.0006536000000000008,0.4249966000271993,True,large_small,very_tall,16_32px,32_64px
495,8,0000117_02708_d_0000090.jpg,1,pedestrian,17.0,36.00013499999994,612.0022949999991,0.0005882374999999991,0.4722204513955302,True,large_small,very_tall,16_32px,32_64px
496,8,0000117_02708_d_0000090.jpg,1,pedestrian,16.0003999999999,41.000174999999956,656.0192000699952,0.0006305451749999954,0.39025199282685785,True,large_small,very_tall,16_32px,32_64px
497,8,0000117_02708_d_0000090.jpg,1,pedestrian,13.999840000000177,35.00028000000003,489.9983199552066,0.00047097108800000636,0.3999922286336042,True,large_small,very_tall,8_16px,32_64px
498,8,0000117_02708_d_0000090.jpg,1,pedestrian,12.000639999999976,35.000279999999975,420.02576017919887,0.0004037156479999989,0.3428726855899434,True,large_small,very_tall,8_16px,32_64px
499,8,0000117_02708_d_0000090.jpg,1,pedestrian,13.000240000000076,27.999764999999968,364.00366494360173,0.0003498689590000017,0.4642981825026064,True,large_small,very_tall,8_16px,16_32px
500,8,0000117_02708_d_0000090.jpg,2,people,13.000240000000304,26.000054999999975,338.0069550132076,0.00032488173300000727,0.5000081730596461,True,large_small,tall,8_16px,16_32px
501,8,0000117_02708_d_0000090.jpg,2,people,19.00055999999995,25.000200000000063,475.017800112,0.00045657228,0.7600163198694372,True,large_small,near_square,16_32px,16_32px
502,8,0000117_02708_d_0000090.jpg,7,tricycle,51.9996000000001,35.000279999999975,1820.0005598880023,0.0017493277200000023,1.4856909716150881,False,out_of_range,wide,32_64px,32_64px
503,8,0000117_02708_d_0000090.jpg,1,pedestrian,13.999840000000177,32.99980499999998,461.99199003120555,0.00044405227800000535,0.4242400826307969,True,large_small,very_tall,8_16px,32_64px
504,8,0000117_02708_d_0000090.jpg,1,pedestrian,12.000639999999976,37.99984499999999,456.022459900799,0.000438314551999999,0.3158076039520682,True,large_small,very_tall,8_16px,32_64px
505,8,0000117_02708_d_0000090.jpg,1,pedestrian,13.99983999999995,37.99984499999994,531.9917500247972,0.0005113338619999973,0.3684183448643007,True,large_small,very_tall,8_16px,32_64px
506,8,0000117_02708_d_0000090.jpg,1,pedestrian,14.999439999999822,42.00002999999998,629.9769299831922,0.0006055141579999926,0.3571292687171849,True,large_small,very_tall,8_16px,32_64px
507,8,0000117_02708_d_0000090.jpg,1,pedestrian,12.000639999999976,31.000095000000016,372.02098006079945,0.0003575749519999995,0.3871162330308978,True,large_small,very_tall,8_16px,16_32px
508,8,0000117_02708_d_0000090.jpg,1,pedestrian,10.999680000000126,31.999950000000013,351.98921001600417,0.000338321040000004,0.343740537094593,True,large_small,very_tall,8_16px,16_32px
509,8,0000117_02708_d_0000090.jpg,1,pedestrian,12.000639999999976,25.000200000000007,300.0184001279995,0.0002883683199999995,0.48002175982592027,True,large_small,very_tall,8_16px,16_32px
510,8,0000117_02708_d_0000090.jpg,1,pedestrian,12.000639999999748,22.999724999999984,276.011419823994,0.00026529355999999423,0.5217731951142789,True,large_small,tall,8_16px,16_32px
511,8,0000117_02708_d_0000090.jpg,1,pedestrian,10.999680000000126,24.00034499999998,263.99611488960284,0.0002537448240000027,0.45831341174471174,True,large_small,very_tall,8_16px,16_32px
512,8,0000117_02708_d_0000090.jpg,1,pedestrian,12.000639999999976,25.000200000000035,300.0184001279998,0.0002883683199999998,0.48002175982591977,True,large_small,very_tall,8_16px,16_32px
513,8,0000117_02708_d_0000090.jpg,1,pedestrian,12.000639999999748,27.999764999999996,336.0150998495929,0.00032296722399999316,0.4285978828750795,True,large_small,very_tall,8_16px,16_32px
514,8,0000117_02708_d_0000090.jpg,1,pedestrian,16.0003999999999,33.999660000000034,544.0081598639971,0.0005228836599999972,0.47060470604705706,True,large_small,very_tall,16_32px,32_64px
515,8,0000117_02708_d_0000090.jpg,1,pedestrian,13.000240000000076,32.99980499999998,429.0053849532023,0.0004123465830000022,0.39394899454709154,True,large_small,very_tall,8_16px,32_64px
516,8,0000117_02708_d_0000090.jpg,1,pedestrian,12.000639999999976,26.000055000000003,312.0173000351994,0.00029990128799999943,0.46156210054170943,True,large_small,very_tall,8_16px,16_32px
517,8,0000117_02708_d_0000090.jpg,1,pedestrian,13.99983999999995,33.999660000000034,475.98980005439876,0.00045750653599999883,0.4117641176411745,True,large_small,very_tall,8_16px,32_64px
518,8,0000117_02708_d_0000090.jpg,1,pedestrian,13.999840000000063,31.00009499999996,433.9963699848014,0.0004171437620000013,0.4516063579805185,True,large_small,very_tall,8_16px,16_32px
519,8,0000117_02708_d_0000090.jpg,1,pedestrian,9.000480000000039,22.999725000000012,207.008564868001,0.00019897017000000097,0.3913298963357185,True,small,very_tall,8_16px,16_32px
520,8,0000117_02708_d_0000090.jpg,1,pedestrian,6.999919999999975,15.000119999999981,104.99963999039949,0.00010092237599999951,0.46665760007253165,True,small,very_tall,0_8px,8_16px
521,8,0000117_02708_d_0000090.jpg,1,pedestrian,9.000480000000039,21.99986999999996,198.00938993760047,0.00019032044400000046,0.40911514477131256,True,small,very_tall,8_16px,16_32px
522,8,0000117_02708_d_0000090.jpg,1,pedestrian,10.999680000000126,27.999764999999996,307.9884550752035,0.00029602888800000333,0.3928490114113503,True,large_small,very_tall,8_16px,16_32px
523,8,0000117_02708_d_0000090.jpg,1,pedestrian,12.000639999999862,27.999764999999996,336.0150998495961,0.00032296722399999624,0.42859788287508355,True,large_small,very_tall,8_16px,16_32px
524,8,0000117_02708_d_0000090.jpg,1,pedestrian,13.999840000000063,19.00030499999997,266.00122995120074,0.0002556720780000007,0.7368218562807326,True,large_small,tall,8_16px,16_32px
525,8,0000117_02708_d_0000090.jpg,1,pedestrian,10.999680000000126,26.999910000000057,296.990370028804,0.00028545787200000386,0.4073969135452712,True,large_small,very_tall,8_16px,16_32px
526,8,0000117_02708_d_0000090.jpg,1,pedestrian,10.999680000000126,24.00034499999998,263.99611488960284,0.0002537448240000027,0.45831341174471174,True,large_small,very_tall,8_16px,16_32px
527,8,0000117_02708_d_0000090.jpg,1,pedestrian,12.000639999999976,30.00024000000002,360.0220801535995,0.00034604198399999954,0.4000181331882668,True,large_small,very_tall,8_16px,16_32px
528,8,0000117_02708_d_0000090.jpg,1,pedestrian,7.999519999999848,26.999910000000057,215.98632004319634,0.00020759930799999648,0.296279506116866,True,small,very_tall,0_8px,16_32px
529,8,0000117_02708_d_0000090.jpg,1,pedestrian,10.99968000000024,28.999619999999965,318.98654012160654,0.00030659990400000626,0.3793042805388572,True,large_small,very_tall,8_16px,16_32px
530,8,0000117_02708_d_0000090.jpg,1,pedestrian,9.000479999999925,28.999619999999965,261.0104998175975,0.0002508751439999976,0.3103654461679131,True,large_small,very_tall,8_16px,16_32px
531,8,0000117_02708_d_0000090.jpg,1,pedestrian,9.000479999999925,32.99980499999998,297.01408490639733,0.00028548066599999746,0.2727434298475379,True,large_small,very_tall,8_16px,32_64px
532,8,0000117_02708_d_0000090.jpg,1,pedestrian,13.99983999999995,26.000055000000003,363.99660999119874,0.0003498621779999988,0.5384542455775554,True,large_small,tall,8_16px,16_32px
533,8,0000117_02708_d_0000090.jpg,1,pedestrian,10.999680000000126,26.999910000000057,296.990370028804,0.00028545787200000386,0.4073969135452712,True,large_small,very_tall,8_16px,16_32px
534,8,0000117_02708_d_0000090.jpg,2,people,12.000639999999976,26.000054999999975,312.01730003519907,0.0002999012879999991,0.46156210054170993,True,large_small,very_tall,8_16px,16_32px
535,8,0000117_02708_d_0000090.jpg,10,motor,33.999999999999886,26.999910000000057,917.9969399999989,0.0008823499999999989,1.2592634568041083,True,large_small,near_square,32_64px,16_32px
536,8,0000117_02708_d_0000090.jpg,7,tricycle,40.0003200000001,25.000200000000035,1000.016000064004,0.0009611841600000038,1.6000000000000019,True,large_small,wide,32_64px,16_32px
537,8,0000117_02708_d_0000090.jpg,4,car,43.000479999999925,31.99995000000004,1376.0132099759994,0.0013225809399999993,1.343767099636089,False,out_of_range,wide,32_64px,16_32px
538,8,0000117_02708_d_0000090.jpg,4,car,31.999439999999936,31.000094999999988,991.9856799467976,0.0009534656669999977,1.0322368366935633,True,large_small,near_square,16_32px,16_32px
539,8,0000117_02708_d_0000090.jpg,4,car,48.99944000000005,28.99962000000002,1420.9651402128025,0.0013657873320000024,1.6896580024152046,False,out_of_range,wide,32_64px,16_32px
540,8,0000117_02708_d_0000090.jpg,4,car,44.00007999999991,24.00034499999998,1056.017100027597,0.0010150106689999971,1.8333103128309174,False,out_of_range,wide,32_64px,16_32px
541,8,0000117_02708_d_0000090.jpg,4,car,30.000240000000076,30.000239999999962,900.0144000576012,0.0008650657440000011,1.0000000000000038,True,large_small,near_square,16_32px,16_32px
542,8,0000117_02708_d_0000090.jpg,1,pedestrian,36.00056000000001,67.0002300000001,2412.0458001288043,0.002318383122000004,0.5373199465136157,False,out_of_range,tall,32_64px,64px_plus
543,8,0000117_02708_d_0000090.jpg,1,pedestrian,38.999359999999996,70.99965000000009,2768.9409102240033,0.0026614195600000033,0.5492894683283642,False,out_of_range,tall,32_64px,64px_plus
544,8,0000117_02708_d_0000090.jpg,1,pedestrian,27.000080000000025,68.00008500000001,1836.007735006802,0.001764713317000002,0.3970595036756207,False,out_of_range,very_tall,16_32px,64px_plus
545,8,0000117_02708_d_0000090.jpg,1,pedestrian,27.999679999999984,43.999739999999974,1231.9786400831986,0.0011841394079999987,0.6363601239461869,False,out_of_range,tall,16_32px,32_64px
546,8,0000117_02708_d_0000090.jpg,1,pedestrian,24.999520000000018,58.00000499999999,1449.9722849976008,0.0013936680940000007,0.4310261697391237,False,out_of_range,very_tall,16_32px,32_64px
547,8,0000117_02708_d_0000090.jpg,1,pedestrian,24.999520000000018,52.99996500000003,1324.9736850168017,0.0012735233420000016,0.4716893680967526,False,out_of_range,very_tall,16_32px,32_64px
548,8,0000117_02708_d_0000090.jpg,1,pedestrian,23.000319999999988,68.00008500000001,1564.0237150271994,0.0015032907679999993,0.3382395772005283,False,out_of_range,very_tall,16_32px,64px_plus
549,8,0000117_02708_d_0000090.jpg,1,pedestrian,30.999839999999992,67.00023000000004,2076.9964099632007,0.0019963441080000006,0.4626825907911058,False,out_of_range,very_tall,16_32px,64px_plus
550,8,0000117_02708_d_0000090.jpg,1,pedestrian,27.999679999999998,68.99993999999992,1931.9762400191978,0.001856955247999998,0.4057928166314352,False,out_of_range,very_tall,16_32px,64px_plus
551,8,0000117_02708_d_0000090.jpg,1,pedestrian,37.000159999999966,53.99982000000011,1998.0019799712024,0.0019204171280000023,0.6851904321162531,False,out_of_range,tall,32_64px,32_64px
552,8,0000117_02708_d_0000090.jpg,1,pedestrian,31.99944000000005,70.99965000000003,2271.9490401960047,0.0021837264900000045,0.4506985597816332,False,out_of_range,very_tall,16_32px,64px_plus
553,8,0000117_02708_d_0000090.jpg,1,pedestrian,29.000640000000004,67.00022999999999,1943.0495501471999,0.001867598568,0.4328438872523275,False,out_of_range,very_tall,16_32px,64px_plus
554,8,0000117_02708_d_0000090.jpg,1,pedestrian,19.00056,73.99998000000005,1406.041059988801,0.0013514427720000008,0.25676439372010623,False,out_of_range,very_tall,16_32px,64px_plus
555,8,0000117_02708_d_0000090.jpg,1,pedestrian,36.00056000000001,72.00026999999994,2592.0500401511986,0.002491397577999999,0.5000059027556429,False,out_of_range,tall,32_64px,64px_plus
556,8,0000117_02708_d_0000090.jpg,2,people,20.000160000000278,54.99967500000014,1100.0022999480182,0.0010572878700000174,0.3636414215174949,False,out_of_range,very_tall,16_32px,32_64px
557,8,0000117_02708_d_0000090.jpg,2,people,40.999919999999975,45.00035999999989,1845.0111599711943,0.0017733671279999946,0.911102044516979,False,out_of_range,near_square,32_64px,32_64px
558,8,0000117_02708_d_0000090.jpg,10,motor,77.00048000000015,61.000335000000064,4697.055075160814,0.004514662702000014,1.2622960185382601,False,out_of_range,near_square,64px_plus,32_64px
559,8,0000117_02708_d_0000090.jpg,4,car,54.999759999999924,38.99970000000002,2144.974140071998,0.0020616821799999984,1.4102611045725966,False,out_of_range,wide,32_64px,32_64px
560,8,0000117_02708_d_0000090.jpg,4,car,40.999919999999975,15.99997500000002,655.9976950020005,0.0006305245050000004,2.562499003904689,True,large_small,very_wide,32_64px,8_16px
561,8,0000117_02708_d_0000090.jpg,4,car,29.000639999999976,26.00005499999999,754.018235035199,0.0007247387879999991,1.115406871254695,True,large_small,near_square,16_32px,16_32px
562,8,0000117_02708_d_0000090.jpg,4,car,27.000080000000025,16.999830000000003,458.9967699864005,0.0004411733660000005,1.5882558825588269,True,large_small,wide,16_32px,16_32px
563,8,0000117_02708_d_0000090.jpg,4,car,36.00056000000001,32.999804999999995,1188.0114598908,0.001141879527,1.0909325070254208,False,out_of_range,near_square,32_64px,32_64px
564,8,0000117_02708_d_0000090.jpg,2,people,23.000319999999988,40.00031999999993,920.0201601023979,0.000884294655999998,0.5750033999728009,True,large_small,tall,16_32px,32_64px
565,8,0000117_02708_d_0000090.jpg,10,motor,36.00055999999995,46.00021499999991,1656.0335001203946,0.0015917277009999948,0.7826172116804241,False,out_of_range,near_square,32_64px,32_64px
566,8,0000117_02708_d_0000090.jpg,2,people,16.000400000000127,24.00034499999998,384.01512013800277,0.00036910334500000265,0.6666737498981844,True,large_small,tall,16_32px,16_32px
567,8,0000117_02708_d_0000090.jpg,10,motor,33.00040000000001,28.999619999999965,956.9990598479992,0.0009198376199999992,1.137959738782786,True,large_small,near_square,32_64px,16_32px
568,8,0000117_02708_d_0000090.jpg,10,motor,19.00055999999995,22.999724999999955,437.007654845998,0.00042003811499999804,0.8261211818836959,True,large_small,near_square,16_32px,16_32px
569,8,0000117_02708_d_0000090.jpg,1,pedestrian,13.999840000000063,22.999724999999984,321.9924700440012,0.00030948911000000116,0.6086959735388172,True,large_small,tall,8_16px,16_32px
570,8,0000117_02708_d_0000090.jpg,1,pedestrian,13.99983999999995,31.999949999999984,447.9941800079981,0.0004305980199999982,0.43749568358700425,True,large_small,very_tall,8_16px,16_32px
571,8,0000117_02708_d_0000090.jpg,1,pedestrian,10.999680000000126,22.999724999999984,252.98961508800272,0.00024316572000000262,0.4782526747602475,True,small,very_tall,8_16px,16_32px
572,8,0000117_02708_d_0000090.jpg,4,car,44.00008000000014,25.000200000000007,1100.0108000160037,0.0010572960400000036,1.7599891200870443,False,out_of_range,wide,32_64px,16_32px
573,9,0000153_01601_d_0000001.jpg,9,bus,74.99999999999994,126.99990000000003,9524.992499999995,0.01837382812499999,0.5905516461036577,False,out_of_range,tall,64px_plus,64px_plus
574,9,0000153_01601_d_0000001.jpg,4,car,15.0,14.000040000000013,210.0006000000002,0.00040509375000000034,1.071425510212827,True,small,near_square,8_16px,8_16px
575,9,0000153_01601_d_0000001.jpg,4,car,13.000319999999988,10.000259999999997,130.00658008319985,0.0002507842979999997,1.299998200046798,True,small,near_square,8_16px,8_16px
576,9,0000153_01601_d_0000001.jpg,4,car,7.999680000000069,9.00018,71.99855994240062,0.0001388861110000012,0.8888355566222085,True,small,near_square,0_8px,8_16px
577,9,0000153_01601_d_0000001.jpg,4,car,10.000320000000045,9.00018,90.00468005760041,0.00017362013900000078,1.111124444177788,True,small,near_square,8_16px,8_16px
578,9,0000153_01601_d_0000001.jpg,4,car,7.000319999999988,9.000179999999972,63.00414005759969,0.00012153576399999941,0.7777977773777869,True,very_small,near_square,0_8px,8_16px
579,9,0000153_01601_d_0000001.jpg,9,bus,10.999679999999955,10.000259999999969,109.9996599167992,0.00021219070199999845,1.099939401575558,True,small,near_square,8_16px,8_16px
580,9,0000153_01601_d_0000001.jpg,4,car,7.000320000000045,7.000019999999978,49.00238000640016,9.452619600000031e-05,1.000042857020418,True,very_small,near_square,0_8px,0_8px
581,9,0000153_01601_d_0000001.jpg,4,car,7.000320000000045,5.999939999999981,42.00149998080013,8.102141200000026e-05,1.1667316673166843,True,very_small,near_square,0_8px,0_8px
582,9,0000153_01601_d_0000001.jpg,10,motor,10.999680000000012,18.999900000000025,208.9928200320005,0.000403149730000001,0.5789335733345964,True,small,tall,8_16px,16_32px
583,9,0000153_01601_d_0000001.jpg,10,motor,10.999680000000012,18.99989999999997,208.99282003199988,0.0004031497299999998,0.578933573334598,True,small,tall,8_16px,16_32px
584,9,0000153_01601_d_0000001.jpg,10,motor,15.0,17.999820000000057,269.99730000000085,0.0005208281250000017,0.8333416667499982,True,large_small,near_square,8_16px,16_32px
585,9,0000153_01601_d_0000001.jpg,10,motor,7.000319999999988,10.000260000000026,70.00502008320007,0.00013504054800000012,0.7000137996412064,True,small,tall,0_8px,8_16px
586,9,0000153_01601_d_0000001.jpg,10,motor,7.999679999999898,9.00018,71.99855994239908,0.00013888611099999824,0.8888355566221896,True,small,near_square,0_8px,8_16px
587,9,0000153_01601_d_0000001.jpg,10,motor,6.000000000000114,8.000100000000032,48.0006000000011,9.259375000000213e-05,0.7499906251171973,True,very_small,tall,0_8px,8_16px
588,9,0000153_01601_d_0000001.jpg,10,motor,7.999679999999898,7.000020000000006,55.99791999359934,0.00010802067899999872,1.1428081634052318,True,very_small,near_square,0_8px,0_8px
589,9,0000153_01601_d_0000001.jpg,10,motor,7.999679999999898,8.000099999999975,63.998239967998984,0.00012345339499999803,0.9999475006562323,True,very_small,near_square,0_8px,8_16px
590,9,0000153_01601_d_0000001.jpg,10,motor,7.000319999999988,11.999879999999962,84.00299996159958,0.0001620428239999992,0.5833658336583374,True,small,tall,0_8px,8_16px
591,9,0000153_01601_d_0000001.jpg,7,tricycle,19.999680000000012,25.99992000000003,519.990080025601,0.0010030672840000017,0.7692208283717792,True,large_small,near_square,16_32px,16_32px
592,9,0000153_01601_d_0000001.jpg,1,pedestrian,13.999680000000012,31.999859999999956,447.98780004479977,0.0008641739969999996,0.43749191402712484,True,large_small,very_tall,8_16px,16_32px
593,9,0000153_01601_d_0000001.jpg,2,people,12.0,14.000039999999956,168.00047999999947,0.000324074999999999,0.857140408170265,True,small,near_square,8_16px,8_16px
594,9,0000153_01601_d_0000001.jpg,2,people,16.999680000000012,24.99983999999995,424.98928005119944,0.0008198095679999989,0.6799915519459343,True,large_small,tall,16_32px,16_32px
595,9,0000153_01601_d_0000001.jpg,2,people,10.000319999999988,16.99974000000003,170.0028399168001,0.0003279375770000002,0.5882631146123394,True,small,tall,8_16px,16_32px
596,9,0000153_01601_d_0000001.jpg,2,people,9.0,17.99982,161.99838,0.00031249687499999997,0.5000050000500005,True,small,tall,8_16px,16_32px
597,9,0000153_01601_d_0000001.jpg,1,pedestrian,10.999680000000012,21.000059999999962,230.99393998079984,0.00044559016199999967,0.5237927891634611,True,small,tall,8_16px,16_32px
598,9,0000153_01601_d_0000001.jpg,2,people,21.000000000000007,34.00002000000006,714.0004200000016,0.001377315625000003,0.6176466955019428,True,large_small,tall,16_32px,32_64px
599,9,0000153_01601_d_0000001.jpg,10,motor,28.000320000000002,37.99980000000005,1064.0065599360014,0.0020524817900000026,0.7368544044968649,False,out_of_range,tall,16_32px,32_64px
600,9,0000153_01601_d_0000001.jpg,4,car,57.99983999999995,72.99990000000003,4233.982520015998,0.008167404552499995,0.7945194445471834,False,out_of_range,near_square,32_64px,64px_plus
601,9,0000153_01601_d_0000001.jpg,10,motor,28.000319999999874,23.00022000000007,644.0135200703991,0.0012423100309999983,1.217393572757121,True,large_small,near_square,16_32px,16_32px
602,9,0000153_01601_d_0000001.jpg,10,motor,21.000000000000114,16.999740000000088,356.9945400000038,0.0006886468750000072,1.2353130106695753,True,large_small,near_square,16_32px,16_32px
603,9,0000153_01601_d_0000001.jpg,2,people,4.999680000000012,8.000099999999975,39.99793996799997,7.715651999999995e-05,0.6249521880976523,True,very_small,tall,0_8px,8_16px
604,9,0000153_01601_d_0000001.jpg,10,motor,4.999680000000126,7.000019999999978,34.99785999360077,6.751130400000148e-05,0.7142379593201365,True,very_small,tall,0_8px,0_8px
605,9,0000153_01601_d_0000001.jpg,10,motor,4.999680000000069,7.000019999999978,34.99785999360037,6.751130400000072e-05,0.7142379593201283,True,very_small,tall,0_8px,0_8px
606,9,0000153_01601_d_0000001.jpg,10,motor,4.999680000000012,8.000100000000032,39.99793996800025,7.715652000000049e-05,0.6249521880976479,True,very_small,tall,0_8px,8_16px
607,9,0000153_01601_d_0000001.jpg,10,motor,4.000319999999988,5.999939999999981,24.00167998079985,4.629953699999971e-05,0.6667266672666727,True,very_small,tall,0_8px,0_8px
608,9,0000153_01601_d_0000001.jpg,2,people,6.0,10.000259999999969,60.00155999999981,0.00011574374999999964,0.5999844004055913,True,very_small,tall,0_8px,8_16px
609,9,0000153_01601_d_0000001.jpg,4,car,82.00032000000003,54.00000000000006,4428.017280000006,0.008541700000000013,1.5185244444444435,False,out_of_range,wide,64px_plus,32_64px
610,9,0000153_01601_d_0000001.jpg,6,truck,96.00000000000004,57.99977999999999,5567.9788800000015,0.010740700000000002,1.655178692057109,False,out_of_range,wide,64px_plus,32_64px
611,9,0000153_01601_d_0000001.jpg,2,people,7.999680000000012,17.999820000000057,143.99280005760068,0.0002777638890000013,0.4444311109777757,True,small,very_tall,0_8px,16_32px
612,9,0000153_01601_d_0000001.jpg,2,people,7.000319999999988,15.000120000000095,105.00564003840049,0.00020255717600000094,0.46668426652586403,True,small,very_tall,0_8px,8_16px
613,9,0000153_01601_d_0000001.jpg,2,people,9.0,14.000039999999956,126.0003599999996,0.00024305624999999923,0.6428553061276988,True,small,tall,8_16px,8_16px
614,9,0000153_01601_d_0000001.jpg,2,people,8.999999999999886,14.000039999999956,126.00035999999801,0.00024305624999999617,0.6428553061276907,True,small,tall,8_16px,8_16px
615,9,0000153_01601_d_0000001.jpg,2,people,7.000320000000102,8.000100000000032,56.00326003200104,0.000108030980000002,0.8750290621367325,True,very_small,near_square,0_8px,8_16px
616,9,0000153_01601_d_0000001.jpg,2,people,6.000000000000114,9.00018,54.001080000001025,0.00010416875000000197,0.6666533336000072,True,very_small,tall,0_8px,8_16px
617,9,0000153_01601_d_0000001.jpg,2,people,7.999680000000069,8.000100000000032,63.9982399680008,0.00012345339500000155,0.9999475006562465,True,very_small,near_square,0_8px,8_16px
618,9,0000153_01601_d_0000001.jpg,10,motor,6.0,8.000099999999975,48.00059999999985,9.259374999999971e-05,0.7499906251171884,True,very_small,tall,0_8px,8_16px
619,9,0000153_01601_d_0000001.jpg,2,people,7.000319999999931,9.000180000000057,63.00414005759978,0.00012153576399999957,0.7777977773777732,True,very_small,near_square,0_8px,8_16px
620,9,0000153_01601_d_0000001.jpg,2,people,6.0,9.000179999999972,54.00107999999983,0.00010416874999999967,0.6666533335999968,True,very_small,tall,0_8px,8_16px
621,9,0000153_01601_d_0000001.jpg,2,people,4.999680000000012,7.0000199999999495,34.99785999359983,6.751130399999968e-05,0.7142379593201231,True,very_small,tall,0_8px,0_8px
622,9,0000153_01601_d_0000001.jpg,10,motor,5.999999999999943,5.999940000000009,35.999639999999715,6.944374999999945e-05,1.0000100000999899,True,very_small,near_square,0_8px,0_8px
623,9,0000153_01601_d_0000001.jpg,2,people,4.999680000000012,5.999939999999981,29.99778001919998,5.786608799999996e-05,0.8332883328833335,True,very_small,near_square,0_8px,0_8px
624,9,0000153_01601_d_0000001.jpg,10,motor,4.000319999999988,3.9997800000000154,16.000399929600015,3.0864969000000026e-05,1.0001350074254014,True,very_small,near_square,0_8px,0_8px
625,9,0000153_01601_d_0000001.jpg,2,people,4.000319999999988,4.999859999999984,20.001039955199875,3.858225299999976e-05,0.8000864024192679,True,very_small,near_square,0_8px,0_8px
626,9,0000153_01601_d_0000001.jpg,10,motor,4.999679999999955,4.999859999999984,24.997700044799696,4.822087199999941e-05,0.9999639989919661,True,very_small,near_square,0_8px,0_8px
627,9,0000153_01601_d_0000001.jpg,2,people,4.000320000000045,5.999939999999981,24.00167998080019,4.6299537000000367e-05,0.6667266672666823,True,very_small,tall,0_8px,0_8px
628,9,0000153_01601_d_0000001.jpg,2,people,7.000320000000102,10.000259999999969,70.0050200832008,0.00013504054800000156,0.7000137996412217,True,small,tall,0_8px,8_16px
629,9,0000153_01601_d_0000001.jpg,2,people,7.000320000000102,10.000259999999997,70.005020083201,0.00013504054800000194,0.7000137996412197,True,small,tall,0_8px,8_16px
630,9,0000153_01601_d_0000001.jpg,2,people,7.000320000000045,8.000100000000032,56.00326003200058,0.00010803098000000112,0.8750290621367254,True,very_small,near_square,0_8px,8_16px
631,9,0000153_01601_d_0000001.jpg,2,people,4.999680000000069,5.999939999999981,29.99778001920032,5.7866088000000615e-05,0.8332883328833429,True,very_small,near_square,0_8px,0_8px
632,9,0000153_01601_d_0000001.jpg,2,people,7.000320000000102,8.000100000000003,56.00326003200084,0.00010803098000000162,0.8750290621367356,True,very_small,near_square,0_8px,8_16px
633,9,0000153_01601_d_0000001.jpg,10,motor,6.000000000000057,3.999780000000044,23.99868000000049,4.6293750000000946e-05,1.5000825045377473,True,very_small,wide,0_8px,0_8px
634,9,0000153_01601_d_0000001.jpg,1,pedestrian,10.000320000000045,25.99992000000003,260.0075199744015,0.0005015577160000028,0.3846288757811575,True,large_small,very_tall,8_16px,16_32px
635,9,0000153_01601_d_0000001.jpg,4,car,39.0,65.99988000000002,2573.995320000001,0.0049652687500000015,0.5909101652912094,False,out_of_range,tall,32_64px,64px_plus
636,10,0000153_01801_d_0000001.jpg,4,car,39.0,46.999979999999994,1832.9992199999997,0.0035358781249999996,0.8297875871436542,False,out_of_range,near_square,32_64px,32_64px
637,10,0000153_01801_d_0000001.jpg,4,car,34.000320000000045,42.000119999999924,1428.0175200383992,0.0027546634259999984,0.8095291156311007,False,out_of_range,near_square,32_64px,32_64px
638,10,0000153_01801_d_0000001.jpg,4,car,21.0,24.99983999999995,524.9966399999989,0.001012724999999998,0.8400053760344083,True,large_small,near_square,16_32px,16_32px
639,10,0000153_01801_d_0000001.jpg,4,car,13.000319999999988,10.000259999999997,130.00658008319985,0.0002507842979999997,1.299998200046798,True,small,near_square,8_16px,8_16px
640,10,0000153_01801_d_0000001.jpg,9,bus,46.99968000000001,62.00010000000003,2913.984859968002,0.005621112770000004,0.7580581321643027,False,out_of_range,near_square,32_64px,32_64px
641,10,0000153_01801_d_0000001.jpg,8,awning-tricycle,28.999680000000012,35.00010000000003,1014.9916999680014,0.0019579315200000027,0.8285599184002327,True,large_small,near_square,16_32px,32_64px
642,10,0000153_01801_d_0000001.jpg,10,motor,16.999680000000012,29.000159999999994,492.99343994880024,0.0009509904320000005,0.5861926279027432,True,large_small,tall,16_32px,16_32px
643,10,0000153_01801_d_0000001.jpg,10,motor,11.999999999999886,19.999979999999994,239.99975999999765,0.0004629624999999955,0.6000006000005945,True,small,tall,8_16px,16_32px
644,10,0000153_01801_d_0000001.jpg,10,motor,8.999999999999886,11.999879999999962,107.9989199999983,0.00020833124999999672,0.7500075000749936,True,small,near_square,8_16px,8_16px
645,10,0000153_01801_d_0000001.jpg,10,motor,7.000320000000102,10.999799999999993,77.00211993600107,0.00014853804000000204,0.636404298259978,True,small,tall,0_8px,8_16px
646,10,0000153_01801_d_0000001.jpg,10,motor,4.999680000000126,8.000099999999975,39.99793996800088,7.71565200000017e-05,0.6249521880976665,True,very_small,tall,0_8px,8_16px
647,10,0000153_01801_d_0000001.jpg,10,motor,6.000000000000114,9.00018,54.001080000001025,0.00010416875000000197,0.6666533336000072,True,very_small,tall,0_8px,8_16px
648,10,0000153_01801_d_0000001.jpg,10,motor,4.000320000000102,4.999860000000012,20.001039955200557,3.8582253000001074e-05,0.8000864024192861,True,very_small,near_square,0_8px,0_8px
649,10,0000153_01801_d_0000001.jpg,10,motor,4.999680000000126,4.999860000000012,24.99770004480069,4.8220872000001336e-05,0.9999639989919945,True,very_small,near_square,0_8px,0_8px
650,10,0000153_01801_d_0000001.jpg,10,motor,4.000319999999988,4.999860000000012,20.00103995519999,3.8582252999999976e-05,0.8000864024192633,True,very_small,near_square,0_8px,0_8px
651,10,0000153_01801_d_0000001.jpg,10,motor,7.999680000000012,18.999900000000025,151.99312003200043,0.00029319660500000085,0.4210380054631867,True,small,very_tall,0_8px,16_32px
652,10,0000153_01801_d_0000001.jpg,10,motor,7.000319999999988,17.99982,126.00449994239978,0.00024306423599999957,0.3889105557722237,True,small,very_tall,0_8px,16_32px
653,10,0000153_01801_d_0000001.jpg,10,motor,6.0,12.99995999999993,77.99975999999958,0.0001504624999999992,0.4615398816611768,True,small,very_tall,0_8px,8_16px
654,10,0000153_01801_d_0000001.jpg,10,motor,4.999680000000012,8.000099999999975,39.99793996799997,7.715651999999995e-05,0.6249521880976523,True,very_small,tall,0_8px,8_16px
655,10,0000153_01801_d_0000001.jpg,10,motor,4.000320000000045,8.000100000000032,32.00296003200049,6.173410500000094e-05,0.5000337495781338,True,very_small,tall,0_8px,8_16px
656,10,0000153_01801_d_0000001.jpg,10,motor,3.000000000000057,7.000019999999978,21.00006000000033,4.050937500000064e-05,0.4285702040851407,True,very_small,very_tall,0_8px,0_8px
657,10,0000153_01801_d_0000001.jpg,10,motor,28.000319999999874,22.00013999999993,616.0109600447953,0.001188292746999991,1.2727337189672412,True,large_small,near_square,16_32px,16_32px
658,10,0000153_01801_d_0000001.jpg,10,motor,28.000319999999874,23.00022000000007,644.0135200703991,0.0012423100309999983,1.217393572757121,True,large_small,near_square,16_32px,16_32px
659,10,0000153_01801_d_0000001.jpg,10,motor,19.000319999999988,10.000259999999969,190.0081400831993,0.00036652804799999864,1.899982600452393,True,small,wide,16_32px,8_16px
660,10,0000153_01801_d_0000001.jpg,10,motor,19.000319999999988,9.00018,171.0063000575999,0.0003298732639999998,2.111104444577774,True,small,very_wide,16_32px,8_16px
661,10,0000153_01801_d_0000001.jpg,10,motor,19.0003200000001,12.99995999999993,247.0033999872,0.000476472608,1.4615675740540897,True,small,wide,16_32px,8_16px
662,10,0000153_01801_d_0000001.jpg,10,motor,22.000319999999988,10.999799999999993,241.99911993599972,0.00046681928999999943,2.000065455735559,True,small,very_wide,16_32px,8_16px
663,10,0000153_01801_d_0000001.jpg,10,motor,16.000319999999988,11.999879999999962,192.00191996159924,0.00037037407399999854,1.3333733337333407,True,small,wide,16_32px,8_16px
664,10,0000153_01801_d_0000001.jpg,10,motor,13.000319999999988,10.000259999999969,130.00658008319948,0.000250784297999999,1.2999982000468016,True,small,near_square,8_16px,8_16px
665,10,0000153_01801_d_0000001.jpg,10,motor,18.0,10.000259999999969,180.00467999999944,0.00034723124999999893,1.799953201216774,True,small,wide,16_32px,8_16px
666,10,0000153_01801_d_0000001.jpg,10,motor,16.000319999999988,9.00018,144.0057600575999,0.0002777888889999998,1.7777777777777763,True,small,wide,16_32px,8_16px
667,10,0000153_01801_d_0000001.jpg,10,motor,8.999999999999886,5.999939999999981,53.99945999999915,0.00010416562499999836,1.5000150001499872,True,very_small,wide,8_16px,0_8px
668,10,0000153_01801_d_0000001.jpg,2,people,10.000319999999988,24.99983999999995,250.00639994879919,0.00048226543199999844,0.40001536009830496,True,small,very_tall,8_16px,16_32px
669,10,0000153_01801_d_0000001.jpg,2,people,10.000320000000045,12.999959999999987,130.00375998720045,0.00025077885800000086,0.7692577515623167,True,small,near_square,8_16px,8_16px
670,10,0000153_01801_d_0000001.jpg,2,people,12.0,23.99975999999998,287.99711999999977,0.0005555499999999996,0.5000050000500009,True,large_small,tall,8_16px,16_32px
671,10,0000153_01801_d_0000001.jpg,2,people,7.000319999999931,16.000200000000007,112.00652006399895,0.00021606195999999798,0.43751453106835714,True,small,very_tall,0_8px,16_32px
672,10,0000153_01801_d_0000001.jpg,2,people,4.999680000000012,10.999799999999993,54.9954800640001,0.00010608696000000019,0.4545246277205054,True,very_small,very_tall,0_8px,8_16px
673,10,0000153_01801_d_0000001.jpg,2,people,4.000319999999988,9.00018,36.00360005759989,6.945138899999978e-05,0.4444711105777871,True,very_small,very_tall,0_8px,8_16px
674,10,0000153_01801_d_0000001.jpg,2,people,1.9996799999999553,7.000019999999978,13.997799993599642,2.700192899999931e-05,0.28566775523497956,True,tiny,very_tall,0_8px,0_8px
675,10,0000153_01801_d_0000001.jpg,2,people,3.000000000000057,7.000019999999978,21.00006000000033,4.050937500000064e-05,0.4285702040851407,True,very_small,very_tall,0_8px,0_8px
676,10,0000153_01801_d_0000001.jpg,2,people,7.999680000000012,17.999820000000057,143.99280005760068,0.0002777638890000013,0.4444311109777757,True,small,very_tall,0_8px,16_32px
677,10,0000153_01801_d_0000001.jpg,2,people,13.999680000000012,19.999979999999994,279.99332000640015,0.0005401105710000003,0.6999846999847008,True,large_small,tall,8_16px,16_32px
678,10,0000153_01801_d_0000001.jpg,2,people,10.000319999999874,17.99982,180.00395994239773,0.00034722986099999564,0.5555788891222175,True,small,tall,8_16px,16_32px
679,10,0000153_01801_d_0000001.jpg,2,people,9.0,19.999979999999994,179.99981999999994,0.0003472218749999999,0.45000045000045014,True,small,very_tall,8_16px,16_32px
680,10,0000153_01801_d_0000001.jpg,2,people,6.000000000000114,11.999879999999962,71.99928000000114,0.0001388875000000022,0.5000050000500116,True,small,tall,0_8px,8_16px
681,10,0000153_01801_d_0000001.jpg,2,people,7.000320000000102,14.000039999999956,98.00476001280111,0.00018905239200000214,0.5000214285102131,True,small,tall,0_8px,8_16px
682,10,0000153_01801_d_0000001.jpg,2,people,7.999680000000012,10.000259999999969,79.99887991679986,0.00015431882699999973,0.799947201372768,True,small,near_square,0_8px,8_16px
683,10,0000153_01801_d_0000001.jpg,2,people,4.000319999999988,8.000100000000003,32.00296003199992,6.173410499999984e-05,0.5000337495781285,True,very_small,tall,0_8px,8_16px
684,10,0000153_01801_d_0000001.jpg,2,people,4.000319999999988,5.999940000000009,24.001679980799963,4.6299536999999926e-05,0.6667266672666696,True,very_small,tall,0_8px,0_8px
685,10,0000153_01801_d_0000001.jpg,2,people,4.000319999999988,4.999860000000012,20.00103995519999,3.8582252999999976e-05,0.8000864024192633,True,very_small,near_square,0_8px,0_8px
686,10,0000153_01801_d_0000001.jpg,2,people,4.999680000000126,7.000020000000006,34.99785999360091,6.751130400000176e-05,0.7142379593201336,True,very_small,tall,0_8px,0_8px
687,10,0000153_01801_d_0000001.jpg,2,people,4.000320000000102,4.999859999999956,20.00103995520033,3.858225300000063e-05,0.8000864024192952,True,very_small,near_square,0_8px,0_8px
688,10,0000153_01801_d_0000001.jpg,1,pedestrian,7.000320000000102,19.999979999999994,140.006259993602,0.00027007380400000385,0.3500163500163552,True,small,very_tall,0_8px,16_32px
689,10,0000153_01801_d_0000001.jpg,1,pedestrian,7.000319999999988,18.999900000000025,133.00537996799994,0.00025656901999999987,0.3684398338938615,True,small,very_tall,0_8px,16_32px
690,10,0000153_01801_d_0000001.jpg,4,car,33.0,25.99992000000009,857.9973600000029,0.0016550875000000056,1.269234674568225,True,large_small,near_square,32_64px,16_32px
691,11,0000154_01601_d_0000001.jpg,4,car,10.999679999999955,10.000259999999969,109.9996599167992,0.00021219070199999845,1.099939401575558,True,small,near_square,8_16px,8_16px
692,11,0000154_01601_d_0000001.jpg,4,car,13.999680000000012,10.000259999999969,140.00043991679968,0.0002700625769999994,1.3999316017783594,True,small,wide,8_16px,8_16px
693,11,0000154_01601_d_0000001.jpg,4,car,13.000320000000045,10.000259999999969,130.00658008320005,0.0002507842980000001,1.2999982000468073,True,small,near_square,8_16px,8_16px
694,11,0000154_01601_d_0000001.jpg,4,car,15.0,10.000259999999969,150.00389999999953,0.0002893593749999991,1.4999610010139783,True,small,wide,8_16px,8_16px
695,11,0000154_01601_d_0000001.jpg,4,car,12.0,10.999799999999993,131.99759999999992,0.00025462499999999986,1.090928925980473,True,small,near_square,8_16px,8_16px
696,11,0000154_01601_d_0000001.jpg,4,car,13.999680000000012,16.000200000000035,223.99767993600068,0.00043209429000000134,0.8749690628867127,True,small,near_square,8_16px,16_32px
697,11,0000154_01601_d_0000001.jpg,4,car,15.0,15.000120000000038,225.00180000000057,0.0004340312500000011,0.9999920000639969,True,small,near_square,8_16px,8_16px
698,11,0000154_01601_d_0000001.jpg,4,car,15.0,16.99974000000003,254.99610000000047,0.0004918906250000009,0.882366436192552,True,small,near_square,8_16px,16_32px
699,11,0000154_01601_d_0000001.jpg,1,pedestrian,6.0,11.999879999999962,71.99927999999977,0.00013888749999999955,0.500005000050002,True,small,tall,0_8px,8_16px
700,11,0000154_01601_d_0000001.jpg,2,people,4.000319999999988,8.000100000000003,32.00296003199992,6.173410499999984e-05,0.5000337495781285,True,very_small,tall,0_8px,8_16px
701,11,0000154_01601_d_0000001.jpg,10,motor,4.999680000000012,9.00018,44.99801994240011,8.680173600000021e-05,0.5555088898222049,True,very_small,tall,0_8px,8_16px
702,11,0000154_01601_d_0000001.jpg,10,motor,9.0,16.99974000000003,152.99766000000028,0.0002951343750000005,0.5294198617155311,True,small,tall,8_16px,16_32px
703,11,0000154_01601_d_0000001.jpg,2,people,5.999999999999943,9.00018,54.00107999999949,0.00010416874999999902,0.6666533335999884,True,very_small,tall,0_8px,8_16px
704,11,0000154_01601_d_0000001.jpg,2,people,5.999999999999943,11.999880000000019,71.99927999999943,0.0001388874999999989,0.5000050000499949,True,small,tall,0_8px,8_16px
705,11,0000154_01601_d_0000001.jpg,10,motor,5.999999999999943,8.000100000000032,48.000599999999736,9.25937499999995e-05,0.749990625117176,True,very_small,tall,0_8px,8_16px
706,11,0000154_01601_d_0000001.jpg,10,motor,5.999999999999943,11.999879999999962,71.99927999999909,0.00013888749999999825,0.5000050000499974,True,small,tall,0_8px,8_16px
707,11,0000154_01601_d_0000001.jpg,2,people,7.999680000000012,11.999880000000019,95.9952000384003,0.00018517592600000057,0.6666466664666646,True,small,tall,0_8px,8_16px
708,11,0000154_01601_d_0000001.jpg,3,bicycle,7.999680000000012,14.000039999999956,111.99583998719982,0.00021604135799999964,0.5714040817026264,True,small,tall,0_8px,8_16px
709,11,0000154_01601_d_0000001.jpg,2,people,7.999680000000069,16.999740000000088,135.99248008320188,0.0002623311730000036,0.4705766088187247,True,small,very_tall,0_8px,16_32px
710,11,0000154_01601_d_0000001.jpg,10,motor,7.000319999999931,14.000039999999899,98.00476001279833,0.00018905239199999677,0.5000214285102029,True,small,tall,0_8px,8_16px
711,11,0000154_01601_d_0000001.jpg,2,people,10.000319999999988,17.999820000000057,180.00395994240034,0.0003472298610000007,0.5555788891222221,True,small,tall,8_16px,16_32px
712,11,0000154_01601_d_0000001.jpg,10,motor,7.000319999999988,17.99982,126.00449994239978,0.00024306423599999957,0.3889105557722237,True,small,very_tall,0_8px,16_32px
713,11,0000154_01601_d_0000001.jpg,2,people,7.000319999999988,10.999799999999993,77.00211993599981,0.00014853803999999963,0.6364042982599677,True,small,tall,0_8px,8_16px
714,11,0000154_01601_d_0000001.jpg,2,people,5.999999999999943,10.999799999999993,65.99879999999933,0.0001273124999999987,0.5454644629902313,True,small,tall,0_8px,8_16px
715,11,0000154_01601_d_0000001.jpg,10,motor,7.000319999999988,14.000039999999956,98.00476001279952,0.00018905239199999908,0.5000214285102049,True,small,tall,0_8px,8_16px
716,11,0000154_01601_d_0000001.jpg,2,people,8.999999999999943,16.000200000000007,144.00179999999915,0.00027778124999999835,0.5624929688378857,True,small,tall,8_16px,16_32px
717,11,0000154_01601_d_0000001.jpg,2,people,8.999999999999886,11.999880000000019,107.9989199999988,0.0002083312499999977,0.7500075000749901,True,small,near_square,8_16px,8_16px
718,11,0000154_01601_d_0000001.jpg,2,people,7.999679999999898,15.000120000000038,119.99615996159878,0.00023147407399999763,0.5333077335381236,True,small,tall,0_8px,8_16px
719,11,0000154_01601_d_0000001.jpg,2,people,10.000319999999988,19.999979999999994,200.0061999935997,0.0003858144289999994,0.5000165000164996,True,small,tall,8_16px,16_32px
720,11,0000154_01601_d_0000001.jpg,2,people,7.999680000000012,11.999880000000019,95.9952000384003,0.00018517592600000057,0.6666466664666646,True,small,tall,0_8px,8_16px
721,11,0000154_01601_d_0000001.jpg,2,people,15.0,29.000159999999994,435.0023999999999,0.0008391249999999998,0.5172385255805486,True,large_small,tall,8_16px,16_32px
722,11,0000154_01601_d_0000001.jpg,2,people,25.000319999999874,38.99987999999996,975.0094799615941,0.0018808053239999887,0.6410358185717469,True,large_small,tall,16_32px,32_64px
723,11,0000154_01601_d_0000001.jpg,1,pedestrian,6.0,15.000120000000038,90.00072000000023,0.00017361250000000043,0.3999968000255988,True,small,very_tall,0_8px,8_16px
724,11,0000154_01601_d_0000001.jpg,2,people,4.000320000000045,11.999879999999962,48.00335996160038,9.259907400000073e-05,0.33336333363334114,True,very_small,very_tall,0_8px,8_16px
725,11,0000154_01601_d_0000001.jpg,2,people,7.000320000000045,8.000100000000032,56.00326003200058,0.00010803098000000112,0.8750290621367254,True,very_small,near_square,0_8px,8_16px
726,11,0000154_01601_d_0000001.jpg,2,people,6.000000000000114,8.000100000000032,48.0006000000011,9.259375000000213e-05,0.7499906251171973,True,very_small,tall,0_8px,8_16px
727,11,0000154_01601_d_0000001.jpg,2,people,7.999679999999898,14.000039999999956,111.99583998719822,0.00021604135799999658,0.5714040817026182,True,small,tall,0_8px,8_16px
728,11,0000154_01601_d_0000001.jpg,7,tricycle,40.99968000000001,23.00022000000007,943.0016599296032,0.0018190618440000062,1.7825777318651685,True,large_small,wide,32_64px,16_32px
729,11,0000154_01601_d_0000001.jpg,10,motor,8.999999999999943,15.000120000000038,135.0010799999995,0.000260418749999999,0.5999952000383943,True,small,tall,8_16px,8_16px
730,11,0000154_01601_d_0000001.jpg,10,motor,8.999999999999886,16.000200000000063,144.00179999999875,0.0002777812499999976,0.5624929688378801,True,small,tall,8_16px,16_32px
731,11,0000154_01601_d_0000001.jpg,10,motor,9.0,11.999879999999962,107.99891999999966,0.00020833124999999935,0.7500075000750032,True,small,near_square,8_16px,8_16px
732,11,0000154_01601_d_0000001.jpg,10,motor,16.000319999999988,32.99993999999998,528.0095999807993,0.0010185370369999987,0.48485906338011514,True,large_small,very_tall,16_32px,32_64px
733,11,0000154_01601_d_0000001.jpg,10,motor,16.000319999999874,31.999859999999956,512.0079999551953,0.0009876697529999907,0.5000121875533173,True,large_small,tall,16_32px,16_32px
734,11,0000154_01601_d_0000001.jpg,3,bicycle,8.999999999999886,17.999820000000057,161.99837999999846,0.00031249687499999704,0.5000050000499926,True,small,tall,8_16px,16_32px
735,11,0000154_01601_d_0000001.jpg,4,car,22.9996799999999,18.999900000000025,436.99162003199865,0.0008429622299999974,1.210515844820229,True,large_small,near_square,16_32px,16_32px
736,11,0000154_01601_d_0000001.jpg,4,car,35.99999999999994,34.00002000000006,1224.0007200000002,0.0023611125000000005,1.0588229065747572,False,out_of_range,near_square,32_64px,32_64px
737,11,0000154_01601_d_0000001.jpg,4,car,52.00031999999993,46.999979999999994,2444.0139999935964,0.004714533178999993,1.1063902580384064,False,out_of_range,near_square,32_64px,32_64px
738,11,0000154_01601_d_0000001.jpg,4,car,73.99968000000001,35.00010000000003,2589.9961999680027,0.004996134645000005,2.114270530655625,False,out_of_range,very_wide,64px_plus,32_64px
739,11,0000154_01601_d_0000001.jpg,4,car,31.000319999999988,25.99992000000009,806.0058399744024,0.0015547952160000046,1.1923236686882068,True,large_small,near_square,16_32px,16_32px
740,11,0000154_01601_d_0000001.jpg,4,car,22.000319999999988,21.000059999999962,462.0080400191989,0.0008912192129999979,1.0476312924820228,True,large_small,near_square,16_32px,16_32px
741,11,0000154_01601_d_0000001.jpg,4,car,33.0,24.99983999999995,824.9947199999983,0.0015914249999999968,1.3200084480540701,True,large_small,near_square,32_64px,16_32px
742,11,0000154_01601_d_0000001.jpg,1,pedestrian,9.000000000000057,22.00013999999993,198.00126000000063,0.0003819468750000012,0.40908830580169425,True,small,very_tall,8_16px,16_32px
743,11,0000154_01601_d_0000001.jpg,1,pedestrian,9.000000000000057,23.99975999999998,215.9978400000012,0.0004166625000000023,0.375003750037503,True,small,very_tall,8_16px,16_32px
744,11,0000154_01601_d_0000001.jpg,10,motor,16.000319999999988,18.99989999999997,304.00447996799926,0.0005864283949999986,0.842126537508093,True,large_small,near_square,16_32px,16_32px
745,11,0000154_01601_d_0000001.jpg,4,car,31.999679999999984,15.000119999999981,479.9990399615992,0.0009259240739999985,2.1332949336405322,True,large_small,very_wide,16_32px,8_16px
746,11,0000154_01601_d_0000001.jpg,9,bus,43.99968000000001,36.00018,1583.9963999424006,0.003055548611000001,1.2222072222972222,False,out_of_range,near_square,32_64px,32_64px
747,11,0000154_01601_d_0000001.jpg,1,pedestrian,7.0003199999999595,18.999900000000025,133.0053799679994,0.00025656901999999884,0.36843983389386,True,small,very_tall,0_8px,16_32px
748,11,0000154_01601_d_0000001.jpg,4,car,22.999679999999984,18.999900000000025,436.99162003200024,0.0008429622300000004,1.2105158448202333,True,large_small,near_square,16_32px,16_32px
749,11,0000154_01601_d_0000001.jpg,10,motor,19.999680000000012,14.000039999999899,279.99631998719815,0.0005401163579999964,1.4285444898728972,True,large_small,wide,16_32px,8_16px
750,11,0000154_01601_d_0000001.jpg,10,motor,10.000319999999988,15.000120000000038,150.0060000384002,0.0002893634260000004,0.6666826665386651,True,small,tall,8_16px,8_16px
751,11,0000154_01601_d_0000001.jpg,10,motor,20.99999999999997,14.000039999999956,294.0008399999987,0.0005671312499999974,1.4999957142979619,True,large_small,wide,16_32px,8_16px
752,11,0000154_01601_d_0000001.jpg,10,motor,19.999680000000012,11.999879999999962,239.9937600383994,0.0004629509259999988,1.666656666566672,True,small,wide,16_32px,8_16px
753,11,0000154_01601_d_0000001.jpg,10,motor,19.00031999999996,11.999879999999962,228.0015599615988,0.00043981782399999764,1.5833758337583392,True,small,wide,16_32px,8_16px
754,11,0000154_01601_d_0000001.jpg,10,motor,16.999679999999984,16.000200000000007,271.99827993599985,0.0005246880399999997,1.0624667191660089,True,large_small,near_square,16_32px,16_32px
755,11,0000154_01601_d_0000001.jpg,1,pedestrian,10.99968000000004,27.000000000000057,296.9913600000017,0.0005729000000000032,0.4073955555555562,True,large_small,very_tall,8_16px,16_32px
756,11,0000154_01601_d_0000001.jpg,4,car,21.0,17.999820000000057,377.9962200000012,0.0007291593750000022,1.1666783334499975,True,large_small,near_square,16_32px,16_32px
757,11,0000154_01601_d_0000001.jpg,5,van,24.0,24.99983999999995,599.9961599999988,0.0011573999999999977,0.9600061440393238,True,large_small,near_square,16_32px,16_32px
758,11,0000154_01601_d_0000001.jpg,4,car,22.999680000000012,29.000159999999994,666.9943999488003,0.0012866404320000006,0.7930880381349626,True,large_small,near_square,16_32px,16_32px
759,11,0000154_01601_d_0000001.jpg,1,pedestrian,10.000319999999988,19.999979999999994,200.0061999935997,0.0003858144289999994,0.5000165000164996,True,small,tall,8_16px,16_32px
760,11,0000154_01601_d_0000001.jpg,1,pedestrian,9.000000000000057,22.000139999999988,198.00126000000114,0.0003819468750000022,0.40908830580169314,True,small,very_tall,8_16px,16_32px
761,11,0000154_01601_d_0000001.jpg,8,awning-tricycle,25.999679999999955,24.999839999999892,649.987840051196,0.0012538345679999924,1.039993855960681,True,large_small,near_square,16_32px,16_32px
762,11,0000154_01601_d_0000001.jpg,8,awning-tricycle,30.0,31.999860000000012,959.9958000000004,0.0018518437500000006,0.9375041015804441,True,large_small,near_square,16_32px,16_32px
763,11,0000154_01601_d_0000001.jpg,8,awning-tricycle,45.00000000000003,30.999779999999987,1394.9901000000002,0.002690953125,1.4516232050679085,False,out_of_range,wide,32_64px,16_32px
764,11,0000154_01601_d_0000001.jpg,8,awning-tricycle,67.00032000000002,62.99991,4221.014129971201,0.008142388368000002,1.0634986621409461,False,out_of_range,near_square,64px_plus,32_64px
765,11,0000154_01601_d_0000001.jpg,8,awning-tricycle,50.99999999999997,64.00026000000008,3264.0132600000024,0.006296321875000004,0.7968717627084625,False,out_of_range,near_square,32_64px,64px_plus
766,11,0000154_01601_d_0000001.jpg,8,awning-tricycle,69.0,64.99980000000005,4484.986200000003,0.008651593750000006,1.0615417278207002,False,out_of_range,near_square,64px_plus,64px_plus
767,11,0000154_01601_d_0000001.jpg,2,people,22.999679999999984,17.99982,413.9901000575997,0.0007985920139999994,1.2777727777277763,True,large_small,near_square,16_32px,16_32px
768,11,0000154_01601_d_0000001.jpg,2,people,22.000319999999988,25.99992000000009,572.0065599744016,0.001103407716000003,0.8461687574423272,True,large_small,near_square,16_32px,16_32px
769,11,0000154_01601_d_0000001.jpg,6,truck,52.9996799999999,24.99983999999995,1324.9835200511948,0.00255590956799999,2.1200007680049153,False,out_of_range,very_wide,32_64px,16_32px
770,11,0000154_01601_d_0000001.jpg,4,car,58.000319999999874,23.00022000000007,1334.0201200704012,0.002573341281000002,2.521728922592901,False,out_of_range,very_wide,32_64px,16_32px
771,11,0000154_01601_d_0000001.jpg,4,car,51.000000000000114,23.99975999999998,1223.9877600000018,0.0023610875000000036,2.1250212502125088,False,out_of_range,very_wide,32_64px,16_32px
772,11,0000154_01601_d_0000001.jpg,5,van,66.00000000000011,29.000159999999937,1914.0105599999993,0.0036921499999999986,2.2758495125544225,False,out_of_range,very_wide,64px_plus,16_32px
773,11,0000154_01601_d_0000001.jpg,4,car,64.99968000000013,27.0,1754.9913600000034,0.0033854000000000067,2.4073955555555604,False,out_of_range,very_wide,64px_plus,16_32px
774,11,0000154_01601_d_0000001.jpg,4,car,75.0,29.000159999999994,2175.0119999999997,0.004195625,2.586192627902743,False,out_of_range,very_wide,64px_plus,16_32px
775,11,0000154_01601_d_0000001.jpg,4,car,55.000319999999874,21.000059999999962,1155.0100200191953,0.002228028587999991,2.6190553741275013,False,out_of_range,very_wide,32_64px,16_32px
776,11,0000154_01601_d_0000001.jpg,8,awning-tricycle,7.999680000000012,11.99987999999999,95.99520003840007,0.00018517592600000014,0.6666466664666663,True,small,tall,0_8px,8_16px
777,11,0000154_01601_d_0000001.jpg,10,motor,7.000320000000102,4.999860000000012,35.0006199552006,6.751662800000116e-05,1.4001032028896978,True,very_small,wide,0_8px,0_8px
778,11,0000154_01601_d_0000001.jpg,10,motor,4.999680000000069,9.000180000000057,44.99801994240091,8.680173600000175e-05,0.5555088898222077,True,very_small,tall,0_8px,8_16px
779,11,0000154_01601_d_0000001.jpg,10,motor,7.000320000000045,8.000099999999975,56.003260032000185,0.00010803098000000036,0.8750290621367316,True,very_small,near_square,0_8px,8_16px
780,11,0000154_01601_d_0000001.jpg,10,motor,7.999679999999898,10.999799999999993,87.99488006399883,0.00016974320999999776,0.7272568592156133,True,small,tall,0_8px,8_16px
781,11,0000154_01601_d_0000001.jpg,2,people,4.000320000000102,15.000119999999981,60.00528003840145,0.0001157509260000028,0.266685866513075,True,very_small,very_tall,0_8px,8_16px
782,11,0000154_01601_d_0000001.jpg,10,motor,10.000319999999874,12.99995999999993,130.00375998719767,0.0002507788579999955,0.7692577515623069,True,small,near_square,8_16px,8_16px
783,11,0000154_01601_d_0000001.jpg,2,people,4.000319999999988,7.0000199999999495,28.002320006399714,5.401682099999945e-05,0.5714726529352797,True,very_small,tall,0_8px,0_8px
784,11,0000154_01601_d_0000001.jpg,10,motor,6.000000000000057,5.999940000000009,35.9996400000004,6.944375000000076e-05,1.000010000100009,True,very_small,near_square,0_8px,0_8px
785,11,0000154_01601_d_0000001.jpg,4,car,13.000320000000045,8.000100000000003,104.0038600320004,0.0002006247300000008,1.6250196872539142,True,small,wide,8_16px,8_16px
786,11,0000154_01601_d_0000001.jpg,7,tricycle,7.000319999999988,10.000259999999969,70.00502008319967,0.00013504054799999936,0.7000137996412102,True,small,tall,0_8px,8_16px
787,11,0000154_01601_d_0000001.jpg,4,car,10.999679999999955,10.000259999999969,109.9996599167992,0.00021219070199999845,1.099939401575558,True,small,near_square,8_16px,8_16px
788,11,0000154_01601_d_0000001.jpg,4,car,10.000319999999988,9.00018,90.0046800575999,0.0001736201389999998,1.1111244441777817,True,small,near_square,8_16px,8_16px
789,11,0000154_01601_d_0000001.jpg,1,pedestrian,3.000000000000057,10.999799999999993,32.999400000000605,6.365625000000117e-05,0.27273223149512343,True,very_small,very_tall,0_8px,8_16px
790,11,0000154_01601_d_0000001.jpg,2,people,7.999680000000012,11.999879999999962,95.99520003839984,0.0001851759259999997,0.6666466664666678,True,small,tall,0_8px,8_16px
791,11,0000154_01601_d_0000001.jpg,10,motor,10.000319999999988,12.99995999999993,130.00375998719915,0.00025077885799999836,0.7692577515623157,True,small,near_square,8_16px,8_16px
792,12,0000193_00000_d_0000103.jpg,4,car,80.99999999999994,37.00025999999997,2997.0210599999955,0.0057812906249999916,2.189173805805689,False,out_of_range,very_wide,64px_plus,32_64px
793,12,0000193_00000_d_0000103.jpg,4,car,72.0,29.000159999999937,2088.0115199999955,0.004027799999999991,2.4827449227866385,False,out_of_range,very_wide,64px_plus,16_32px
794,12,0000193_00000_d_0000103.jpg,4,car,70.00031999999999,43.999739999999974,3079.9958799167975,0.0059413500769999955,1.5909257645613366,False,out_of_range,wide,64px_plus,32_64px
795,12,0000193_00000_d_0000103.jpg,5,van,49.00031999999999,22.000139999999988,1078.0139000447991,0.002079502121999998,2.227273099171188,False,out_of_range,very_wide,32_64px,16_32px
796,12,0000193_00000_d_0000103.jpg,4,car,60.0,27.0,1620.0,0.003125,2.2222222222222223,False,out_of_range,very_wide,32_64px,16_32px
797,12,0000193_00000_d_0000103.jpg,4,car,57.99983999999995,28.000080000000025,1624.0001599872,0.003132716358,2.0714169388087424,False,out_of_range,very_wide,32_64px,16_32px
798,12,0000193_00000_d_0000103.jpg,4,car,40.000319999999874,16.999739999999974,679.9950399167968,0.0013117188269999938,2.352995986997444,True,large_small,very_wide,32_64px,16_32px
799,12,0000193_00000_d_0000103.jpg,7,tricycle,37.0003200000001,14.000039999999956,518.0059600127997,0.0009992398919999995,2.6428724489358757,True,large_small,very_wide,32_64px,8_16px
800,12,0000193_00000_d_0000103.jpg,6,truck,73.00031999999996,42.00011999999998,3066.022200038397,0.005914394675999994,1.7380978911488822,False,out_of_range,wide,64px_plus,32_64px
801,12,0000193_00000_d_0000103.jpg,7,tricycle,55.000319999999874,43.00020000000006,2365.024760063998,0.0045621619599999965,1.279071260133669,False,out_of_range,near_square,32_64px,32_64px
802,12,0000193_00000_d_0000103.jpg,7,tricycle,48.000000000000114,43.999739999999974,2111.9875200000038,0.004074050000000007,1.0909155372281778,False,out_of_range,near_square,32_64px,32_64px
803,12,0000193_00000_d_0000103.jpg,3,bicycle,26.999999999999886,21.000059999999962,567.0016199999966,0.0010937531249999935,1.2857106122553905,True,large_small,near_square,16_32px,16_32px
804,12,0000193_00000_d_0000103.jpg,1,pedestrian,19.000319999999988,34.00002000000006,646.0112600064008,0.0012461636960000016,0.558832612451403,True,large_small,tall,16_32px,32_64px
805,12,0000193_00000_d_0000103.jpg,2,people,13.999680000000012,21.000059999999962,293.9941199807997,0.0005671182869999994,0.6666495238585051,True,large_small,tall,8_16px,16_32px
806,12,0000193_00000_d_0000103.jpg,2,people,18.0,23.999759999999924,431.99567999999863,0.0008333249999999974,0.7500075000750032,True,large_small,near_square,16_32px,16_32px
807,12,0000193_00000_d_0000103.jpg,2,people,15.0,29.000159999999994,435.0023999999999,0.0008391249999999998,0.5172385255805486,True,large_small,tall,8_16px,16_32px
808,12,0000193_00000_d_0000103.jpg,2,people,19.999680000000012,31.999859999999956,639.9869600447995,0.0012345427469999991,0.624992734343214,True,large_small,tall,16_32px,16_32px
809,12,0000193_00000_d_0000103.jpg,2,people,15.0,35.00010000000003,525.0015000000005,0.001012734375000001,0.4285702040851308,True,large_small,very_tall,8_16px,32_64px
810,12,0000193_00000_d_0000103.jpg,2,people,11.999999999999943,16.000200000000007,192.00239999999917,0.0003703749999999984,0.7499906251171822,True,small,tall,8_16px,16_32px
811,12,0000193_00000_d_0000103.jpg,2,people,15.0,22.000139999999988,330.0020999999998,0.0006365781249999997,0.6818138430028177,True,large_small,tall,8_16px,16_32px
812,12,0000193_00000_d_0000103.jpg,2,people,10.99968000000004,16.999740000000088,186.99170008320166,0.0003607092980000032,0.6470498960572328,True,small,tall,8_16px,16_32px
813,12,0000193_00000_d_0000103.jpg,2,people,9.000000000000057,14.000040000000013,126.00036000000091,0.00024305625000000175,0.6428553061277003,True,small,tall,8_16px,8_16px
814,12,0000193_00000_d_0000103.jpg,2,people,7.999679999999898,16.000200000000007,127.99647993599842,0.000246906789999997,0.49997375032811436,True,small,very_tall,0_8px,16_32px
815,12,0000193_00000_d_0000103.jpg,2,people,10.000319999999988,16.000200000000007,160.00712006399988,0.0003086557099999998,0.6250121873476572,True,small,tall,8_16px,16_32px
816,12,0000193_00000_d_0000103.jpg,2,people,8.999999999999886,16.999740000000088,152.99765999999886,0.0002951343749999978,0.5294198617155227,True,small,tall,8_16px,16_32px
817,12,0000193_00000_d_0000103.jpg,2,people,10.000319999999874,16.000200000000007,160.00712006399806,0.00030865570999999626,0.6250121873476501,True,small,tall,8_16px,16_32px
818,12,0000193_00000_d_0000103.jpg,2,people,13.999680000000126,22.000139999999988,307.9949199552026,0.000594126003000005,0.6363450414406514,True,large_small,tall,8_16px,16_32px
819,12,0000193_00000_d_0000103.jpg,2,people,16.999680000000012,22.000139999999988,373.99533995520005,0.0007214416280000001,0.7727078100412098,True,large_small,near_square,16_32px,16_32px
820,12,0000193_00000_d_0000103.jpg,2,people,10.000319999999874,16.000200000000035,160.00712006399834,0.0003086557099999968,0.625012187347649,True,small,tall,8_16px,16_32px
821,12,0000193_00000_d_0000103.jpg,2,people,8.999999999999886,10.999799999999993,98.99819999999869,0.00019096874999999748,0.8181966944853445,True,small,near_square,8_16px,8_16px
822,12,0000193_00000_d_0000103.jpg,1,pedestrian,7.999679999999955,19.999979999999994,159.99344000639906,0.00030862932099999816,0.3999843999843979,True,small,very_tall,0_8px,16_32px
823,12,0000193_00000_d_0000103.jpg,1,pedestrian,15.0,39.99995999999999,599.9993999999998,0.0011574062499999996,0.37500037500037514,True,large_small,very_tall,8_16px,32_64px
824,12,0000193_00000_d_0000103.jpg,10,motor,19.000319999999988,16.000200000000007,304.00892006399994,0.0005864369599999999,1.1875051561855465,True,large_small,near_square,16_32px,16_32px
825,12,0000193_00000_d_0000103.jpg,10,motor,9.0,16.999740000000003,152.99766000000002,0.00029513437500000003,0.529419861715532,True,small,tall,8_16px,16_32px
826,12,0000193_00000_d_0000103.jpg,10,motor,28.000320000000016,16.999740000000088,475.99815991680276,0.0009182063270000053,1.6471028380433979,True,large_small,wide,16_32px,16_32px
827,12,0000193_00000_d_0000103.jpg,10,motor,37.9996799999999,22.00013999999993,835.9982799551951,0.0016126510029999905,1.7272471902451538,True,large_small,wide,32_64px,16_32px
828,12,0000193_00000_d_0000103.jpg,10,motor,37.9996799999999,23.00022000000007,874.0009999296003,0.0016859587190000006,1.6521441968815855,True,large_small,wide,32_64px,16_32px
829,12,0000193_00000_d_0000103.jpg,10,motor,31.999680000000012,28.000080000000025,895.9935999744011,0.0017283827160000022,1.1428424490215736,True,large_small,near_square,16_32px,16_32px
830,12,0000193_00000_d_0000103.jpg,10,motor,30.0,24.99983999999995,749.9951999999985,0.001446749999999997,1.2000076800491548,True,large_small,near_square,16_32px,16_32px
831,12,0000193_00000_d_0000103.jpg,10,motor,22.0003200000001,15.000120000000038,330.00744003840236,0.0006365884260000046,1.4666762665898703,True,large_small,wide,16_32px,8_16px
832,12,0000193_00000_d_0000103.jpg,10,motor,19.0003200000001,15.000120000000095,285.00708003840333,0.0005497821760000064,1.2666778665770662,True,large_small,near_square,16_32px,8_16px
833,12,0000193_00000_d_0000103.jpg,10,motor,16.999680000000012,10.999799999999993,186.99308006400003,0.00036071196000000006,1.5454535537009784,True,small,wide,16_32px,8_16px
834,12,0000193_00000_d_0000103.jpg,10,motor,21.000000000000114,11.999879999999962,251.99748000000056,0.0004861062500000011,1.7500175001750167,True,small,wide,16_32px,8_16px
835,12,0000193_00000_d_0000103.jpg,10,motor,20.99999999999997,12.99995999999993,272.9991599999982,0.0005266187499999965,1.6153895858141167,True,large_small,wide,16_32px,8_16px
836,12,0000193_00000_d_0000103.jpg,10,motor,13.999680000000012,10.999799999999993,153.99368006400005,0.0002970557100000001,1.2727213222058602,True,small,near_square,8_16px,8_16px
837,12,0000193_00000_d_0000103.jpg,10,motor,15.0,10.000259999999969,150.00389999999953,0.0002893593749999991,1.4999610010139783,True,small,wide,8_16px,8_16px
838,12,0000193_00000_d_0000103.jpg,10,motor,10.000319999999988,10.999800000000022,110.00151993600008,0.00021219429000000016,0.9091365297550835,True,small,near_square,8_16px,8_16px
839,12,0000193_00000_d_0000103.jpg,10,motor,7.999679999999984,10.999799999999993,87.99488006399977,0.00016974320999999957,0.7272568592156211,True,small,tall,0_8px,8_16px
840,12,0000193_00000_d_0000103.jpg,7,tricycle,16.99968000000007,10.999800000000022,186.99308006400113,0.0003607119600000022,1.5454535537009797,True,small,wide,16_32px,8_16px
841,12,0000193_00000_d_0000103.jpg,2,people,7.999680000000012,12.999960000000016,103.99552001280028,0.00020060864200000054,0.6153618934212107,True,small,tall,0_8px,8_16px
842,12,0000193_00000_d_0000103.jpg,2,people,9.000000000000028,11.999879999999962,107.99892,0.00020833125,0.7500075000750055,True,small,near_square,8_16px,8_16px
843,12,0000193_00000_d_0000103.jpg,2,people,7.000320000000016,10.000259999999969,70.00502008319995,0.0001350405479999999,0.7000137996412131,True,small,tall,0_8px,8_16px
844,12,0000193_00000_d_0000103.jpg,2,people,7.999679999999984,10.999799999999993,87.99488006399977,0.00016974320999999957,0.7272568592156211,True,small,tall,0_8px,8_16px
845,12,0000193_00000_d_0000103.jpg,2,people,7.999680000000069,11.999879999999962,95.99520003840053,0.000185175926000001,0.6666466664666725,True,small,tall,0_8px,8_16px
846,12,0000193_00000_d_0000103.jpg,2,people,7.000319999999988,10.999799999999993,77.00211993599981,0.00014853803999999963,0.6364042982599677,True,small,tall,0_8px,8_16px
847,12,0000193_00000_d_0000103.jpg,1,pedestrian,6.0,16.999740000000003,101.99844000000002,0.00019675625000000003,0.3529465744770214,True,small,very_tall,0_8px,16_32px
848,12,0000193_00000_d_0000103.jpg,1,pedestrian,7.000319999999931,16.000200000000035,112.00652006399915,0.00021606195999999836,0.43751453106835636,True,small,very_tall,0_8px,16_32px
849,12,0000193_00000_d_0000103.jpg,2,people,7.000320000000016,12.999960000000016,91.00387998720032,0.00017554760800000062,0.5384878107317259,True,small,tall,0_8px,8_16px
850,12,0000193_00000_d_0000103.jpg,2,people,7.000320000000045,11.99987999999999,84.00299996160047,0.0001620428240000009,0.5833658336583408,True,small,tall,0_8px,8_16px
851,12,0000193_00000_d_0000103.jpg,3,bicycle,7.999679999999955,11.99987999999999,95.99520003839939,0.0001851759259999988,0.6666466664666615,True,small,tall,0_8px,8_16px
852,12,0000193_00000_d_0000103.jpg,10,motor,18.0,11.99987999999999,215.99783999999983,0.00041666249999999967,1.5000150001500028,True,small,wide,16_32px,8_16px
853,12,0000193_00000_d_0000103.jpg,5,van,39.0,17.999820000000028,701.9929800000011,0.0013541531250000022,2.166688333549999,True,large_small,very_wide,32_64px,16_32px
854,12,0000193_00000_d_0000103.jpg,5,van,40.9996799999999,19.999979999999994,819.9927800063977,0.0015817761959999955,2.0499860499860456,True,large_small,very_wide,32_64px,16_32px
855,13,0000196_04512_d_0000144.jpg,5,van,31.000319999999988,30.000239999999962,930.0170400767985,0.0004485035879999993,1.0333357333141344,True,large_small,near_square,16_32px,16_32px
856,13,0000196_04512_d_0000144.jpg,4,car,21.999360000000024,18.00036,395.99639976960043,0.0001909704860000002,1.2221622234221996,True,large_small,near_square,16_32px,16_32px
857,13,0000196_04512_d_0000144.jpg,4,car,27.999360000000024,21.999599999999987,615.9747202560002,0.0002970557100000001,1.2727213222058602,True,large_small,near_square,16_32px,16_32px
858,13,0000196_04512_d_0000144.jpg,4,car,33.99936000000014,45.000359999999944,1529.9834397696043,0.0007378392360000021,0.755535289051025,False,out_of_range,near_square,32_64px,32_64px
859,13,0000196_04512_d_0000144.jpg,4,car,32.000639999999976,36.999720000000025,1184.0147198207999,0.0005709947529999999,0.8648887072658916,False,out_of_range,near_square,32_64px,32_64px
860,13,0000196_04512_d_0000144.jpg,8,awning-tricycle,23.999999999999886,32.00040000000007,768.009599999998,0.00037037499999999907,0.7499906251171808,True,large_small,tall,16_32px,32_64px
861,13,0000196_04512_d_0000144.jpg,8,awning-tricycle,18.000000000000114,34.99955999999992,629.9920800000025,0.0003038156250000012,0.5142921796731204,True,large_small,tall,16_32px,32_64px
862,13,0000196_04512_d_0000144.jpg,4,car,28.999680000000012,30.000239999999962,869.9973599231993,0.00041955891199999966,0.9666482668138671,True,large_small,near_square,16_32px,16_32px
863,13,0000196_04512_d_0000144.jpg,2,people,7.000320000000102,17.000280000000032,119.00740008960194,5.739168600000094e-05,0.4117767472065218,True,small,very_tall,0_8px,16_32px
864,13,0000196_04512_d_0000144.jpg,10,motor,9.999360000000024,17.000280000000032,169.99191982080075,8.197912800000037e-05,0.588187959257142,True,small,tall,8_16px,16_32px
865,13,0000196_04512_d_0000144.jpg,8,awning-tricycle,13.000319999999988,31.00031999999993,403.01408010239874,0.00019435478399999938,0.4193608324043112,True,large_small,very_tall,8_16px,16_32px
866,13,0000196_04512_d_0000144.jpg,4,car,27.000960000000077,30.000239999999962,810.0352802304013,0.0003906420140000006,0.9000247998016053,True,large_small,near_square,16_32px,16_32px
867,13,0000196_04512_d_0000144.jpg,2,people,10.999680000000012,20.000519999999938,219.99931983359954,0.00010609535099999978,0.5499697007877818,True,small,tall,8_16px,16_32px
868,13,0000196_04512_d_0000144.jpg,10,motor,14.000639999999862,21.999599999999987,308.00847974399676,0.00014853803999999844,0.6364042982599625,True,large_small,tall,8_16px,16_32px
869,13,0000196_04512_d_0000144.jpg,10,motor,16.999680000000126,35.99964000000011,611.9823601152065,0.00029513038200000314,0.47221805551389046,True,large_small,very_tall,16_32px,32_64px
870,13,0000196_04512_d_0000144.jpg,2,people,13.000319999999874,28.00007999999991,364.01000002559533,0.00017554494599999774,0.4642958162976647,True,large_small,very_tall,8_16px,16_32px
871,13,0000196_04512_d_0000144.jpg,2,people,14.000639999999862,35.99964,504.017999769595,0.0002430642359999976,0.38891055577222056,True,large_small,very_tall,8_16px,32_64px
872,13,0000196_04512_d_0000144.jpg,10,motor,10.999680000000012,23.999759999999924,263.98968007679946,0.00012730983799999975,0.4583245832458344,True,large_small,very_tall,8_16px,16_32px
873,13,0000196_04512_d_0000144.jpg,2,people,16.999680000000012,33.00048000000004,560.997599846401,0.00027054282400000053,0.5151343253189042,True,large_small,tall,16_32px,32_64px
874,13,0000196_04512_d_0000144.jpg,10,motor,20.000639999999976,43.00019999999995,860.031520127998,0.000414752854999999,0.4651289994000028,True,large_small,very_tall,16_32px,32_64px
875,13,0000196_04512_d_0000144.jpg,2,people,15.999360000000024,35.99964,575.9712002304009,0.00027776388900000045,0.4444311109777771,True,large_small,very_tall,8_16px,32_64px
876,13,0000196_04512_d_0000144.jpg,10,motor,14.99904000000015,24.99983999999995,374.973600153603,0.00018083217600000146,0.5999654397788218,True,large_small,tall,8_16px,16_32px
877,13,0000196_04512_d_0000144.jpg,2,people,14.999040000000036,25.99991999999986,389.97384007679887,0.00018806608799999946,0.5768879288859395,True,large_small,tall,8_16px,16_32px
878,13,0000196_04512_d_0000144.jpg,10,motor,20.000639999999976,25.999919999999975,520.0150399487989,0.00025077885799999945,0.7692577515623124,True,large_small,near_square,16_32px,16_32px
879,13,0000196_04512_d_0000144.jpg,2,people,14.99904000000015,28.00007999999991,419.97431992320287,0.0002025339120000014,0.5356784694900942,True,large_small,tall,8_16px,16_32px
880,13,0000196_04512_d_0000144.jpg,10,motor,15.999360000000024,26.999999999999886,431.98271999999884,0.00020832499999999944,0.5925688888888923,True,large_small,tall,8_16px,16_32px
881,13,0000196_04512_d_0000144.jpg,2,people,18.0,33.99948000000006,611.9906400000011,0.0002951343750000005,0.5294198617155311,True,large_small,tall,16_32px,32_64px
882,13,0000196_04512_d_0000144.jpg,10,motor,18.0,33.00048000000004,594.0086400000007,0.00028646250000000036,0.5454466116856476,True,large_small,tall,16_32px,32_64px
883,13,0000196_04512_d_0000144.jpg,10,motor,49.00031999999976,54.0,2646.0172799999873,0.0012760499999999939,0.9074133333333289,False,out_of_range,near_square,32_64px,32_64px
884,13,0000196_04512_d_0000144.jpg,2,people,15.999359999999797,39.99995999999999,639.9737600255917,0.000308629320999996,0.39998439998439506,True,large_small,very_tall,8_16px,32_64px
885,13,0000196_04512_d_0000144.jpg,2,people,20.000639999999976,54.000000000000114,1080.034560000001,0.0005208500000000004,0.370382222222221,False,out_of_range,very_tall,16_32px,32_64px
886,13,0000196_04512_d_0000144.jpg,2,people,15.999359999999797,45.00035999999977,719.9769597695872,0.00034721111099999386,0.3555384890254184,True,large_small,very_tall,8_16px,32_64px
887,13,0000196_04512_d_0000144.jpg,2,people,25.000319999999874,48.99959999999987,1225.0056798719907,0.0005907627699999955,0.5102147772634866,False,out_of_range,tall,16_32px,32_64px
888,13,0000196_04512_d_0000144.jpg,10,motor,19.000319999999874,42.00012000000004,798.0157200383954,0.0003848455439999978,0.45238727889348546,True,large_small,very_tall,16_32px,32_64px
889,13,0000196_04512_d_0000144.jpg,4,car,122.00063999999998,49.9996799999999,6099.992959795187,0.0029417404319999935,2.440028416181868,False,out_of_range,very_wide,64px_plus,32_64px
890,13,0000196_04512_d_0000144.jpg,1,pedestrian,20.000639999999976,47.00052000000005,940.0404803327999,0.00045333742299999994,0.42554082380365055,True,large_small,very_tall,16_32px,32_64px
891,13,0000196_04512_d_0000144.jpg,10,motor,14.000640000000203,41.00004000000001,574.0268000256085,0.0002768261960000041,0.34147869124030605,True,large_small,very_tall,8_16px,32_64px
892,13,0000196_04512_d_0000144.jpg,2,people,20.00063999999975,33.00048000000004,660.0307203071925,0.0003183018519999964,0.6060711844191274,True,large_small,tall,16_32px,32_64px
893,13,0000196_04512_d_0000144.jpg,2,people,22.9996799999999,39.99995999999999,919.9862800127956,0.0004436662229999979,0.5749925749925726,True,large_small,tall,16_32px,32_64px
894,13,0000196_04512_d_0000144.jpg,10,motor,20.00063999999975,43.00019999999995,860.0315201279882,0.0004147528549999943,0.46512899939999747,True,large_small,very_tall,16_32px,32_64px
895,13,0000196_04512_d_0000144.jpg,1,pedestrian,14.999039999999923,38.999880000000076,584.9607601151981,0.0002820991319999991,0.3845919525906206,True,large_small,very_tall,8_16px,32_64px
896,13,0000196_04512_d_0000144.jpg,2,people,14.000640000000203,25.99991999999986,364.01551994880333,0.0001755476080000016,0.538487810731736,True,large_small,tall,8_16px,16_32px
897,13,0000196_04512_d_0000144.jpg,10,motor,18.0,26.999999999999886,485.99999999999795,0.00023437499999999902,0.6666666666666695,True,large_small,tall,16_32px,16_32px
898,13,0000196_04512_d_0000144.jpg,2,people,14.000640000000203,26.999999999999886,378.0172800000039,0.00018230000000000188,0.5185422222222319,True,large_small,tall,8_16px,16_32px
899,13,0000196_04512_d_0000144.jpg,3,bicycle,12.000000000000227,29.000160000000164,348.00192000000857,0.00016782500000000412,0.4137908204644443,True,large_small,very_tall,8_16px,16_32px
900,13,0000196_04512_d_0000144.jpg,2,people,8.999040000000036,20.000519999999995,179.98547950080066,8.679855300000032e-05,0.4499403015521616,True,small,very_tall,8_16px,16_32px
901,13,0000196_04512_d_0000144.jpg,10,motor,8.999040000000036,20.999520000000018,188.97552046080094,9.113402800000046e-05,0.428535509383073,True,small,very_tall,8_16px,16_32px
902,13,0000196_04512_d_0000144.jpg,2,people,10.999680000000012,18.00036,197.99819988480021,9.54852430000001e-05,0.6110811117110998,True,small,tall,8_16px,16_32px
903,13,0000196_04512_d_0000144.jpg,10,motor,12.000000000000114,20.000519999999938,240.00624000000153,0.00011574375000000074,0.599984400405597,True,small,tall,8_16px,16_32px
904,13,0000196_04512_d_0000144.jpg,2,people,9.999360000000138,18.00036,179.9920797696025,8.68017360000012e-05,0.5555088898222112,True,small,tall,8_16px,16_32px
905,13,0000196_04512_d_0000144.jpg,10,motor,9.999360000000138,19.00043999999997,189.99223971840232,9.162434400000112e-05,0.5262699179598027,True,small,tall,8_16px,16_32px
906,13,0000196_04512_d_0000144.jpg,1,pedestrian,8.999040000000264,20.000519999999938,179.9854795008047,8.679855300000227e-05,0.44994030155217424,True,small,very_tall,8_16px,16_32px
907,13,0000196_04512_d_0000144.jpg,2,people,10.999680000000126,19.00043999999997,208.99875985920204,0.00010079029700000098,0.578917119814075,True,small,tall,8_16px,16_32px
908,13,0000196_04512_d_0000144.jpg,10,motor,10.999680000000126,19.000439999999912,208.9987598592014,0.00010079029700000069,0.5789171198140768,True,small,tall,8_16px,16_32px
909,13,0000196_04512_d_0000144.jpg,1,pedestrian,10.999680000000353,31.0003200000001,340.99359989761206,0.00016444521600000582,0.354824724389952,True,large_small,very_tall,8_16px,16_32px
910,13,0000196_04512_d_0000144.jpg,1,pedestrian,9.999360000000252,30.000240000000076,299.9831998464083,0.00014466782400000401,0.3333093335253393,True,large_small,very_tall,8_16px,16_32px
911,13,0000196_04512_d_0000144.jpg,2,people,8.99904000000015,31.0003200000001,278.97311969280554,0.00013453564800000267,0.2902886163755768,True,large_small,very_tall,8_16px,16_32px
912,13,0000196_04512_d_0000144.jpg,10,motor,19.000319999999647,20.000519999999938,380.01628016639177,0.00018326402399999604,0.9499913002261794,True,large_small,near_square,16_32px,16_32px
913,13,0000196_04512_d_0000144.jpg,1,pedestrian,9.999360000000024,29.00016000000005,289.9830398976012,0.0001398452160000006,0.3448036148766078,True,large_small,very_tall,8_16px,16_32px
914,13,0000196_04512_d_0000144.jpg,1,pedestrian,8.99904000000015,25.999919999999975,233.97432007680368,0.00011283483800000177,0.346117988055354,True,small,very_tall,8_16px,16_32px
915,13,0000196_04512_d_0000144.jpg,10,motor,25.000319999999874,20.999520000000075,524.9947198463992,0.0002531803239999996,1.1905186404260566,True,large_small,near_square,16_32px,16_32px
916,13,0000196_04512_d_0000144.jpg,1,pedestrian,10.999680000000126,33.999480000000176,373.9834001664062,0.000180354649000003,0.3235249480286189,True,large_small,very_tall,8_16px,32_64px
917,13,0000196_04512_d_0000144.jpg,1,pedestrian,12.000000000000227,34.99956000000009,419.994720000009,0.00020254375000000434,0.3428614531154162,True,large_small,very_tall,8_16px,32_64px
918,13,0000196_04512_d_0000144.jpg,1,pedestrian,8.99904000000015,23.999759999999924,215.9748002304029,0.00010415451400000141,0.37496374963750384,True,small,very_tall,8_16px,16_32px
919,13,0000196_04512_d_0000144.jpg,7,tricycle,40.99968000000035,45.00035999999989,1845.0003598848114,0.0008897571180000055,0.9110967112263203,False,out_of_range,near_square,32_64px,32_64px
920,13,0000196_04512_d_0000144.jpg,2,people,14.999039999999923,19.000440000000026,284.98835957759894,0.0001374365159999995,0.7894048769396868,True,large_small,near_square,8_16px,16_32px
921,13,0000196_04512_d_0000144.jpg,2,people,14.000640000000203,25.99991999999986,364.01551994880333,0.0001755476080000016,0.538487810731736,True,large_small,tall,8_16px,16_32px
922,13,0000196_04512_d_0000144.jpg,10,motor,31.0003200000001,22.9996799999999,712.9974398975992,0.0003438452159999996,1.3478587528174408,True,large_small,wide,16_32px,16_32px
923,13,0000196_04512_d_0000144.jpg,1,pedestrian,12.000000000000227,31.0003200000001,372.00384000000827,0.00017940000000000398,0.3870927783971323,True,large_small,very_tall,8_16px,16_32px
924,14,0000213_02500_d_0000240.jpg,1,pedestrian,17.0,47.00007000000011,799.0011900000018,0.0007679750000000017,0.3617015889550795,True,large_small,very_tall,16_32px,32_64px
925,14,0000213_02500_d_0000240.jpg,4,car,157.99936000000002,53.99982000000006,8531.937000115211,0.00820063148800001,2.925923827153495,False,out_of_range,very_wide,64px_plus,32_64px
926,14,0000213_02500_d_0000240.jpg,1,pedestrian,12.000639999999976,27.999765000000025,336.0150998495996,0.0003229672239999996,0.42859788287508715,True,large_small,very_tall,8_16px,16_32px
927,14,0000213_02500_d_0000240.jpg,10,motor,14.999439999999993,31.999950000000013,479.98133002799995,0.00046134306999999995,0.4687332323956752,True,large_small,very_tall,8_16px,16_32px
928,14,0000213_02500_d_0000240.jpg,2,people,23.000319999999988,21.999869999999987,506.00404995839943,0.00048635529599999947,1.045475268717497,True,large_small,near_square,16_32px,16_32px
929,14,0000213_02500_d_0000240.jpg,1,pedestrian,10.999679999999955,32.99980499999998,362.9872950623983,0.0003488920559999984,0.3333256060149435,True,large_small,very_tall,8_16px,32_64px
930,14,0000213_02500_d_0000240.jpg,4,car,65.9994400000001,37.99984499999999,2507.9684900868037,0.0024105810170000036,1.7368344528773767,False,out_of_range,wide,64px_plus,32_64px
931,14,0000213_02500_d_0000240.jpg,1,pedestrian,7.999520000000075,15.999975000000006,127.99212001200125,0.0001230220300000012,0.4999707812043501,True,small,very_tall,0_8px,8_16px
932,14,0000213_02500_d_0000240.jpg,1,pedestrian,13.000239999999962,27.999764999999996,364.0036649435989,0.0003498689589999989,0.46429818250260185,True,large_small,very_tall,8_16px,16_32px
933,14,0000213_02500_d_0000240.jpg,10,motor,13.999840000000063,22.999725000000012,321.9924700440016,0.00030948911000000154,0.6086959735388164,True,large_small,tall,8_16px,16_32px
934,14,0000213_02500_d_0000240.jpg,3,bicycle,16.000400000000013,21.999869999999987,352.00671994800007,0.00033833787000000007,0.7272952067444045,True,large_small,tall,16_32px,16_32px
935,14,0000213_02500_d_0000240.jpg,4,car,78.00007999999997,27.999765000000025,2183.983909981201,0.002099177153000001,2.7857405231793875,False,out_of_range,very_wide,64px_plus,16_32px
936,14,0000213_02500_d_0000240.jpg,4,car,58.99952000000002,27.999764999999968,1651.9726951127986,0.0015878245819999986,2.1071433992392468,False,out_of_range,very_wide,32_64px,16_32px
937,14,0000213_02500_d_0000240.jpg,4,car,57.00031999999999,27.999764999999996,1595.9955649247995,0.0015340211119999995,2.035742799984214,False,out_of_range,very_wide,32_64px,16_32px
938,14,0000213_02500_d_0000240.jpg,4,car,54.99975999999998,20.000159999999966,1100.0039999615976,0.0010572895039999977,2.7499660002720017,False,out_of_range,very_wide,32_64px,16_32px
939,14,0000213_02500_d_0000240.jpg,5,van,54.00016000000005,25.000200000000007,1350.0148000320016,0.0012975920800000016,2.1599891200870407,False,out_of_range,very_wide,32_64px,16_32px
940,14,0000213_02500_d_0000240.jpg,4,car,43.00048000000004,19.000304999999997,817.0222351464006,0.0007852962660000006,2.263146828432493,True,large_small,very_wide,32_64px,16_32px
941,14,0000213_02500_d_0000240.jpg,4,car,24.999520000000075,24.00034499999998,599.9971048344013,0.0005766984860000013,1.0416316932110807,True,large_small,near_square,16_32px,16_32px
942,14,0000213_02500_d_0000240.jpg,5,van,29.000639999999976,32.99980499999998,957.0154648751986,0.0009198533879999987,0.8788124657100245,True,large_small,near_square,16_32px,32_64px
943,14,0000213_02500_d_0000240.jpg,5,van,19.00055999999995,30.000240000000048,570.0213601343994,0.0005478867359999995,0.6333469332245315,True,large_small,tall,16_32px,16_32px
944,14,0000213_02500_d_0000240.jpg,4,car,19.00055999999995,16.999830000000017,323.0062899047995,0.0003104635619999995,1.117691176911765,True,large_small,near_square,16_32px,16_32px
945,14,0000213_02500_d_0000240.jpg,4,car,20.99976000000015,19.000304999999997,399.0018449268028,0.0003835081170000027,1.1052327844211003,True,large_small,near_square,16_32px,16_32px
946,14,0000213_02500_d_0000240.jpg,4,car,23.000319999999988,26.99991,621.0065699711997,0.0005968921279999997,0.8518665432588475,True,large_small,near_square,16_32px,16_32px
947,14,0000213_02500_d_0000240.jpg,5,van,40.00031999999999,21.000015000000005,840.0073200047999,0.0008073888119999999,1.9047757823030116,True,large_small,wide,32_64px,16_32px
948,14,0000213_02500_d_0000240.jpg,7,tricycle,19.00055999999995,20.000159999999937,380.0142400895978,0.0003652578239999979,0.9500203998368019,True,large_small,near_square,16_32px,16_32px
949,14,0000213_02500_d_0000240.jpg,2,people,12.00064000000009,15.999975000000006,192.0099399840015,0.00018455396000000146,0.7500411719393365,True,small,near_square,8_16px,8_16px
950,14,0000213_02500_d_0000240.jpg,4,car,34.99959999999999,16.999830000000017,594.9872500680003,0.0005718831700000003,2.058820588205879,True,large_small,very_wide,32_64px,16_32px
951,14,0000213_02500_d_0000240.jpg,5,van,30.000240000000076,16.999830000000017,509.9989799592018,0.0004901950980000017,1.7647376473764764,True,large_small,wide,16_32px,16_32px
952,14,0000213_02500_d_0000240.jpg,4,car,36.000560000000064,16.999830000000003,612.0033999048012,0.0005882385620000012,2.1177011770117735,True,large_small,very_wide,32_64px,16_32px
953,14,0000213_02500_d_0000240.jpg,4,car,21.999360000000024,16.999830000000003,373.9853801088005,0.00035946307200000044,1.2940929409294104,True,large_small,near_square,16_32px,16_32px
954,14,0000213_02500_d_0000240.jpg,4,car,9.000480000000039,9.000224999999999,81.00634510800033,7.786077000000031e-05,1.000028332625022,True,small,near_square,8_16px,8_16px
955,14,0000213_02500_d_0000240.jpg,4,car,10.000080000000025,9.000225,90.00297001800023,8.650804500000022e-05,1.1110922226944353,True,small,near_square,8_16px,8_16px
956,14,0000213_02500_d_0000240.jpg,4,car,13.000239999999962,11.999790000000004,156.0001499495996,0.00014994247399999962,1.083372292348446,True,small,near_square,8_16px,8_16px
957,14,0000213_02500_d_0000240.jpg,4,car,29.000639999999976,11.999790000000004,348.00158986559984,0.00033448826399999984,2.4167622933401307,True,large_small,very_wide,16_32px,8_16px
958,14,0000213_02500_d_0000240.jpg,4,car,31.99944000000005,15.00012000000001,479.99543993280105,0.000461356632000001,2.1332789337685316,True,large_small,very_wide,16_32px,8_16px
959,14,0000213_02500_d_0000240.jpg,4,car,14.999439999999936,14.000264999999999,209.9961348515991,0.00020184172899999914,1.0713682919573264,True,small,near_square,8_16px,8_16px
960,14,0000213_02500_d_0000240.jpg,4,car,13.000239999999962,11.999790000000004,156.0001499495996,0.00014994247399999962,1.083372292348446,True,small,near_square,8_16px,8_16px
961,14,0000213_02500_d_0000240.jpg,4,car,13.999840000000063,14.000265000000013,196.00146995760107,0.00018839049400000104,0.9999696434317529,True,small,near_square,8_16px,8_16px
962,14,0000213_02500_d_0000240.jpg,5,van,27.999680000000012,12.999645000000008,363.9859001136004,0.00034985188400000035,2.153880355963566,True,large_small,very_wide,16_32px,8_16px
963,14,0000213_02500_d_0000240.jpg,4,car,26.000479999999925,11.999790000000004,312.0002998991992,0.00029988494799999924,2.166744584696892,True,large_small,very_wide,16_32px,8_16px
964,14,0000213_02500_d_0000240.jpg,4,car,24.999520000000075,9.000224999999993,225.00130489200052,0.0002162642300000005,2.7776550030693783,True,small,very_wide,16_32px,8_16px
965,14,0000213_02500_d_0000240.jpg,4,car,17.999599999999987,12.999645000000001,233.98841014199985,0.00022490235499999985,1.384622426227792,True,small,wide,16_32px,8_16px
966,14,0000213_02500_d_0000240.jpg,4,car,13.000239999999962,10.000080000000004,130.00344001919967,0.00012495524799999969,1.3000135998911966,True,small,near_square,8_16px,8_16px
967,14,0000213_02500_d_0000240.jpg,4,car,41.99951999999996,47.000069999999994,1973.980379966398,0.001897328315999998,0.8936054776088624,False,out_of_range,near_square,32_64px,32_64px
968,14,0000213_02500_d_0000240.jpg,10,motor,6.000319999999988,12.999644999999987,78.00202988639977,7.497311599999978e-05,0.4615756814897633,True,small,very_tall,0_8px,8_16px
969,14,0000213_02500_d_0000240.jpg,2,people,6.999920000000088,14.000265000000013,98.00073497880133,9.419524700000128e-05,0.4999848217158805,True,small,very_tall,0_8px,8_16px
970,14,0000213_02500_d_0000240.jpg,9,bus,13.999840000000063,24.000345,336.0009899448015,0.0003229536620000015,0.5833182814663732,True,large_small,tall,8_16px,16_32px
971,14,0000213_02500_d_0000240.jpg,6,truck,16.000400000000013,15.999975000000003,256.00599999000025,0.0002460649750000002,1.0000265625415046,True,large_small,near_square,16_32px,8_16px
972,14,0000213_02500_d_0000240.jpg,4,car,10.999680000000126,10.000079999999997,109.99767997440122,0.00010572633600000118,1.0999592003264103,True,small,near_square,8_16px,8_16px
973,14,0000213_02500_d_0000240.jpg,4,car,30.99983999999995,17.999685000000014,557.9873550503995,0.0005363200259999995,1.7222434725940996,True,large_small,wide,16_32px,16_32px
974,14,0000213_02500_d_0000240.jpg,4,car,20.999760000000038,15.000120000000024,314.9989199712011,0.000302767128000001,1.3999728002175986,True,large_small,wide,16_32px,8_16px
975,14,0000213_02500_d_0000240.jpg,10,motor,3.9997600000000375,6.999750000000006,27.997320060000288,2.6910150000000276e-05,0.5714146933819114,True,very_small,tall,0_8px,0_8px
976,14,0000213_02500_d_0000240.jpg,2,people,3.0001599999998234,9.000224999999993,27.00211503599839,2.5953589999998453e-05,0.3333427775416532,True,very_small,very_tall,0_8px,8_16px
977,14,0000213_02500_d_0000240.jpg,10,motor,3.9997600000000375,6.999749999999999,27.99732006000026,2.691015000000025e-05,0.571414693381912,True,very_small,tall,0_8px,0_8px
978,14,0000213_02500_d_0000240.jpg,2,people,3.9997600000000375,8.000369999999997,31.999559911200286,3.0756978000000275e-05,0.4999468774569225,True,very_small,very_tall,0_8px,8_16px
979,14,0000213_02500_d_0000240.jpg,4,car,13.999840000000063,10.999935,153.9973300104007,0.00014801742600000067,1.2727202478923796,True,small,near_square,8_16px,8_16px
980,14,0000213_02500_d_0000240.jpg,4,car,10.999680000000126,10.000079999999997,109.99767997440122,0.00010572633600000118,1.0999592003264103,True,small,near_square,8_16px,8_16px
981,14,0000213_02500_d_0000240.jpg,4,car,10.999680000000126,11.999789999999997,131.9938500672015,0.00012686836800000144,0.9166560414807366,True,small,near_square,8_16px,8_16px
982,14,0000213_02500_d_0000240.jpg,4,car,13.000240000000076,10.00008,130.00344001920078,0.00012495524800000074,1.3000135998912083,True,small,near_square,8_16px,8_16px
983,14,0000213_02500_d_0000240.jpg,4,car,24.999519999999848,11.999790000000004,299.9889901007983,0.0002883400519999983,2.083329791604673,True,large_small,very_wide,16_32px,8_16px
984,14,0000213_02500_d_0000240.jpg,4,car,29.000639999999862,10.000079999999997,290.0087200511985,0.00027874732799999856,2.9000407996735897,True,large_small,very_wide,16_32px,8_16px
985,14,0000213_02500_d_0000240.jpg,5,van,13.000240000000076,16.99982999999999,221.00186995920114,0.0002124200980000011,0.7647276472764778,True,small,near_square,8_16px,16_32px
986,14,0000213_02500_d_0000240.jpg,4,car,33.99999999999977,14.000265000000013,476.00900999999726,0.00045752499999999737,2.4285254600537733,True,large_small,very_wide,32_64px,8_16px
987,14,0000213_02500_d_0000240.jpg,4,car,29.000639999999862,11.999789999999997,348.00158986559825,0.0003344882639999983,2.4167622933401227,True,large_small,very_wide,16_32px,8_16px
988,14,0000213_02500_d_0000240.jpg,4,car,30.999840000000063,12.999645000000001,402.98691505680085,0.0003873384420000008,2.384668196708453,True,large_small,very_wide,16_32px,8_16px
989,14,0000213_02500_d_0000240.jpg,5,van,27.999680000000126,16.999830000000003,475.9898000544022,0.00045750653600000213,1.6470564705647128,True,large_small,wide,16_32px,16_32px
990,14,0000213_02500_d_0000240.jpg,4,car,16.000400000000013,15.999974999999992,256.0059999900001,0.00024606497500000006,1.0000265625415052,True,large_small,near_square,16_32px,8_16px
991,14,0000213_02500_d_0000240.jpg,10,motor,6.000320000000215,8.000370000000004,48.00478011840175,4.614069600000168e-05,0.7500053122543348,True,very_small,near_square,0_8px,8_16px
992,14,0000213_02500_d_0000240.jpg,2,people,4.999360000000024,10.999935000000008,54.99263504160031,5.2857204000000295e-05,0.45448995834975575,True,very_small,very_tall,0_8px,8_16px
993,14,0000213_02500_d_0000240.jpg,1,pedestrian,3.9997600000000375,12.999645000000001,51.99546008520049,4.9976413000000475e-05,0.30768224824601265,True,very_small,very_tall,0_8px,8_16px
994,14,0000213_02500_d_0000240.jpg,1,pedestrian,3.9997600000000375,12.999645000000001,51.99546008520049,4.9976413000000475e-05,0.30768224824601265,True,very_small,very_tall,0_8px,8_16px
995,14,0000213_02500_d_0000240.jpg,1,pedestrian,4.999360000000024,14.000265000000013,69.9923648304004,6.72744760000004e-05,0.35709038364631096,True,small,very_tall,0_8px,8_16px
996,14,0000213_02500_d_0000240.jpg,4,car,40.00031999999999,14.000264999999999,560.0150800847998,0.0005382690119999998,2.8571116332440845,True,large_small,very_wide,32_64px,8_16px
997,14,0000213_02500_d_0000240.jpg,4,car,41.999520000000075,14.000265000000013,588.0044098728016,0.0005651714820000015,2.9999089302952506,True,large_small,very_wide,32_64px,8_16px
998,14,0000213_02500_d_0000240.jpg,5,van,29.000639999999862,14.000265000000013,406.01664516959846,0.00039025052399999853,2.0714350764074707,True,large_small,very_wide,16_32px,8_16px
999,14,0000213_02500_d_0000240.jpg,4,car,36.00055999999995,11.99978999999999,431.99915988239906,0.0004152241059999991,3.000099168402112,True,large_small,very_wide,32_64px,8_16px
1000,14,0000213_02500_d_0000240.jpg,4,car,41.99952000000019,16.999830000000017,713.9847000816039,0.0006862598040000038,2.470584705847067,True,large_small,very_wide,32_64px,16_32px
1001,14,0000213_02500_d_0000240.jpg,4,car,37.99976000000004,15.00012000000001,570.0009599712009,0.0005478671280000008,2.5332970669567985,True,large_small,very_wide,32_64px,8_16px
1002,14,0000213_02500_d_0000240.jpg,5,van,23.000319999999988,21.000015000000005,483.00706500479987,0.0004642513119999999,1.0952525510100817,True,large_small,near_square,16_32px,16_32px
1003,14,0000213_02500_d_0000240.jpg,1,pedestrian,4.999360000000024,16.999830000000003,84.98827010880042,8.168807200000041e-05,0.29408294082940967,True,small,very_tall,0_8px,16_32px
1004,14,0000213_02500_d_0000240.jpg,1,pedestrian,6.000320000000102,16.999830000000003,102.00441994560174,9.804346400000167e-05,0.35296352963530225,True,small,very_tall,0_8px,16_32px
1005,14,0000213_02500_d_0000240.jpg,1,pedestrian,21.999360000000024,19.000304999999997,417.9945498048004,0.00040176331200000035,1.1578424662130438,True,large_small,near_square,16_32px,16_32px
1006,14,0000213_02500_d_0000240.jpg,5,van,23.999919999999975,26.99991,647.9956800071993,0.0006228332179999994,0.888888888888888,True,large_small,near_square,16_32px,16_32px
1007,14,0000213_02500_d_0000240.jpg,8,awning-tricycle,20.000160000000164,26.99991,540.0025199856044,0.0005190335640000043,0.7407491358304589,True,large_small,tall,16_32px,16_32px
1008,14,0000213_02500_d_0000240.jpg,4,car,23.999919999999975,28.999619999999965,695.9885600303984,0.0006689624759999985,0.8275942926148688,True,large_small,near_square,16_32px,16_32px
1009,14,0000213_02500_d_0000240.jpg,10,motor,7.999519999999848,14.000265000000013,111.99539987279798,0.00010764648199999805,0.5713834702414448,True,small,tall,0_8px,8_16px
1010,14,0000213_02500_d_0000240.jpg,2,people,6.000320000000102,11.99978999999999,72.00257993280115,6.920663200000111e-05,0.500035417286478,True,small,tall,0_8px,8_16px
1011,14,0000213_02500_d_0000240.jpg,2,people,6.000320000000102,14.000265000000013,84.00607008480151,8.074401200000145e-05,0.4285861731903,True,small,very_tall,0_8px,8_16px
1012,14,0000213_02500_d_0000240.jpg,10,motor,6.999919999999975,15.00012000000001,104.99963999039969,0.0001009223759999997,0.46665760007253076,True,small,very_tall,0_8px,8_16px
1013,14,0000213_02500_d_0000240.jpg,2,people,6.999919999999975,12.999644999999987,90.99647502839957,8.746297099999959e-05,0.5384700889908902,True,small,tall,0_8px,8_16px
1014,14,0000213_02500_d_0000240.jpg,1,pedestrian,9.000480000000039,22.999725000000012,207.008564868001,0.00019897017000000097,0.3913298963357185,True,small,very_tall,8_16px,16_32px
1015,14,0000213_02500_d_0000240.jpg,4,car,30.000240000000076,30.00024000000002,900.0144000576029,0.0008650657440000027,1.000000000000002,True,large_small,near_square,16_32px,16_32px
1016,14,0000213_02500_d_0000240.jpg,10,motor,26.000479999999925,53.99982,1404.021239913596,0.0013495013839999962,0.48149197534362015,False,out_of_range,very_tall,16_32px,32_64px
1017,14,0000213_02500_d_0000240.jpg,2,people,23.0003200000001,33.99965999999995,782.0030598912023,0.0007516369280000022,0.6764867648676527,True,large_small,tall,16_32px,32_64px
1018,15,0000215_01869_d_0000260.jpg,4,car,31.999439999999936,18.9999225,607.9868800433987,0.0005843780084999988,1.6841879223454694,True,large_small,wide,16_32px,16_32px
1019,15,0000215_01869_d_0000260.jpg,4,car,24.999520000000075,28.999619999999997,724.9765801824021,0.0006968248560000021,0.862063709800338,True,large_small,near_square,16_32px,16_32px
1020,15,0000215_01869_d_0000260.jpg,7,tricycle,27.999680000000012,17.999684999999992,503.9854201008,0.00048441505200000004,1.555565000165282,True,large_small,wide,16_32px,16_32px
1021,15,0000215_01869_d_0000260.jpg,4,car,47.000240000000076,25.000200000000007,1175.0154000480022,0.0011293881200000022,1.8799945600435222,False,out_of_range,wide,32_64px,16_32px
1022,15,0000215_01869_d_0000260.jpg,4,car,54.00015999999994,24.00034499999999,1296.0224700551978,0.001245696337999998,2.249974323285768,False,out_of_range,very_wide,32_64px,16_32px
1023,15,0000215_01869_d_0000260.jpg,4,car,51.0,27.999764999999996,1427.988015,0.0013725375,1.8214438585466701,False,out_of_range,wide,32_64px,16_32px
1024,15,0000215_01869_d_0000260.jpg,4,car,53.000560000000064,27.999764999999996,1484.0032248684015,0.0014263775710000013,1.8928930296379298,False,out_of_range,wide,32_64px,16_32px
1025,15,0000215_01869_d_0000260.jpg,4,car,47.00023999999996,31.000094999999973,1457.0119050227977,0.0014004343569999978,1.5161321279821884,False,out_of_range,wide,32_64px,16_32px
1026,15,0000215_01869_d_0000260.jpg,4,car,54.00016000000005,36.000135000000014,1944.0130500216026,0.0018685246540000025,1.4999988194488723,False,out_of_range,wide,32_64px,32_64px
1027,15,0000215_01869_d_0000260.jpg,4,car,57.999919999999975,36.00013500000003,2088.0049499892007,0.0020069251730000007,1.6111028472532096,False,out_of_range,wide,32_64px,32_64px
1028,15,0000215_01869_d_0000260.jpg,4,car,65.99944000000005,38.99970000000002,2573.9583601680033,0.0024740084200000033,1.692306351074496,False,out_of_range,wide,64px_plus,32_64px
1029,15,0000215_01869_d_0000260.jpg,4,car,71.00015999999994,42.99988499999998,3052.9987149815956,0.0029344470539999956,1.6511709275501545,False,out_of_range,wide,64px_plus,32_64px
1030,15,0000215_01869_d_0000260.jpg,4,car,72.99935999999991,47.000069999999994,3430.975029955195,0.003297746087999995,1.5531755591002294,False,out_of_range,wide,64px_plus,32_64px
1031,15,0000215_01869_d_0000260.jpg,4,car,57.99992000000009,52.00011000000001,3016.002219991205,0.0028988871780000047,1.1153807174638684,False,out_of_range,near_square,32_64px,32_64px
1032,15,0000215_01869_d_0000260.jpg,7,tricycle,43.00048000000015,47.000069999999994,2021.025570033607,0.0019425466840000067,0.9149024671665417,False,out_of_range,near_square,32_64px,32_64px
1033,15,0000215_01869_d_0000260.jpg,4,car,54.999759999999924,66.00037500000002,3630.004784909996,0.003489047274999996,0.8333249621687742,False,out_of_range,near_square,32_64px,64px_plus
1034,15,0000215_01869_d_0000260.jpg,7,tricycle,30.000240000000076,51.00025500000004,1530.019890061205,0.0014706073530000047,0.588237058814707,False,out_of_range,tall,16_32px,32_64px
1035,15,0000215_01869_d_0000260.jpg,3,bicycle,14.999439999999936,40.0003200000001,599.982399820799,0.000576684351999999,0.37498300013599634,True,large_small,very_tall,8_16px,32_64px
1036,15,0000215_01869_d_0000260.jpg,7,tricycle,58.99952000000002,73.00012500000014,4306.972334940009,0.004139727350000009,0.8082112188164049,False,out_of_range,near_square,32_64px,64px_plus
1037,15,0000215_01869_d_0000260.jpg,4,car,115.99983999999995,110.00011499999994,12759.995739981587,0.012264509553999986,1.0545428975233346,False,out_of_range,near_square,64px_plus,64px_plus
1038,15,0000215_01869_d_0000260.jpg,4,car,157.99936000000014,109.00026000000014,17221.971319833636,0.016553221184000034,1.4495319552448769,False,out_of_range,wide,64px_plus,64px_plus
1039,15,0000215_01869_d_0000260.jpg,4,car,86.99988000000008,112.99968000000013,9830.958600038419,0.009449210496000018,0.7699126227614094,False,out_of_range,near_square,64px_plus,64px_plus
1040,15,0000215_01869_d_0000260.jpg,4,car,106.99936000000002,119.00034000000005,12732.960219782408,0.012238523856000008,0.8991517167093807,False,out_of_range,near_square,64px_plus,64px_plus
1041,15,0000215_01869_d_0000260.jpg,5,van,87.00055999999995,82.00034999999991,7134.076370195989,0.006857051489999989,1.060977910460139,False,out_of_range,near_square,64px_plus,64px_plus
1042,15,0000215_01869_d_0000260.jpg,5,van,85.99959999999987,70.99965000000003,6105.941500139994,0.005868840349999994,1.2112679428701385,False,out_of_range,near_square,64px_plus,64px_plus
1043,15,0000215_01869_d_0000260.jpg,4,car,65.99944000000005,58.999859999999956,3893.9577200784,0.003742750596,1.1186372306646168,False,out_of_range,near_square,64px_plus,32_64px
1044,15,0000215_01869_d_0000260.jpg,4,car,47.99983999999995,52.00010999999995,2495.996959982395,0.002399074355999995,0.9230718935017637,False,out_of_range,near_square,32_64px,32_64px
1045,15,0000215_01869_d_0000260.jpg,4,car,54.99975999999981,42.99988499999995,2364.983355027589,0.0022731481689999894,1.279067606808713,False,out_of_range,near_square,32_64px,32_64px
1046,15,0000215_01869_d_0000260.jpg,4,car,44.000080000000025,36.000135,1584.008820010801,0.0015224998270000009,1.222219861119966,False,out_of_range,near_square,32_64px,32_64px
1047,15,0000215_01869_d_0000260.jpg,4,car,40.00031999999999,31.000095000000016,1240.0137200304002,0.0011918624760000002,1.2903289489919294,False,out_of_range,near_square,32_64px,16_32px
1048,15,0000215_01869_d_0000260.jpg,4,car,37.00016000000005,30.000239999999977,1110.0136800384007,0.0010669104960000007,1.233328800036269,False,out_of_range,near_square,32_64px,16_32px
1049,15,0000215_01869_d_0000260.jpg,4,car,30.99983999999995,26.00005499999999,805.9975449911983,0.0007746996779999984,1.192299016290541,True,large_small,near_square,16_32px,16_32px
1050,15,0000215_01869_d_0000260.jpg,4,car,47.99983999999995,20.00016,960.004479974399,0.0009227263359999991,2.3999728002175957,True,large_small,very_wide,32_64px,16_32px
1051,15,0000215_01869_d_0000260.jpg,4,car,37.00016000000005,11.999789999999999,443.9941499664006,0.00042675331600000057,3.0834006261776294,True,large_small,very_wide,32_64px,8_16px
1052,15,0000215_01869_d_0000260.jpg,4,car,30.999840000000063,25.000200000000007,775.0021999680018,0.0007449079200000018,1.239983680130561,True,large_small,near_square,16_32px,16_32px
1053,15,0000215_01869_d_0000260.jpg,4,car,27.000079999999798,24.00034500000001,648.0112350275954,0.0006228481689999956,1.124987161642876,True,large_small,near_square,16_32px,16_32px
1054,15,0000215_01869_d_0000260.jpg,4,car,30.000240000000076,20.000160000000005,600.0096000384017,0.0005767104960000016,1.5000000000000036,True,large_small,wide,16_32px,16_32px
1055,15,0000215_01869_d_0000260.jpg,4,car,34.99959999999999,20.00016,699.9975999359998,0.0006728158399999998,1.749966000271997,True,large_small,wide,32_64px,16_32px
1056,15,0000215_01869_d_0000260.jpg,5,van,33.99999999999977,21.999869999999998,747.9955799999949,0.0007189499999999951,1.5454636777399038,True,large_small,wide,32_64px,16_32px
1057,15,0000215_01869_d_0000260.jpg,4,car,24.999519999999848,15.00012,374.99579994239775,0.00036043425599999786,1.6666213336959868,True,large_small,wide,16_32px,8_16px
1058,15,0000215_01869_d_0000260.jpg,4,car,23.0003200000001,20.00016,460.01008005120207,0.000442147328000002,1.1500067999456054,True,large_small,near_square,16_32px,16_32px
1059,15,0000215_01869_d_0000260.jpg,1,pedestrian,10.999680000000012,17.999685,197.99077510080022,0.0001903025520000002,0.611104027653818,True,small,tall,8_16px,16_32px
1060,15,0000215_01869_d_0000260.jpg,4,car,30.999840000000063,30.00023999999999,930.0026399616016,0.0008938895040000016,1.033319733442135,True,large_small,near_square,16_32px,16_32px
1061,15,0000215_01869_d_0000260.jpg,1,pedestrian,10.000080000000025,13.9998825,139.99994499060037,0.00013456357650000036,0.7142974235676639,True,small,tall,8_16px,8_16px
1062,15,0000215_01869_d_0000260.jpg,1,pedestrian,6.999920000000088,13.9998825,97.99805750940124,9.41926735000012e-05,0.4999984821301242,True,small,very_tall,0_8px,8_16px
1063,15,0000215_01869_d_0000260.jpg,3,bicycle,23.999919999999975,17.999685,431.9910000251995,0.00041521626299999954,1.3333522225527823,True,large_small,wide,16_32px,16_32px
1064,15,0000215_01869_d_0000260.jpg,3,bicycle,27.99968000000007,11.999789999999999,335.9902800672008,0.00032294336800000077,2.333347500247927,True,large_small,very_wide,16_32px,8_16px
1065,15,0000215_01869_d_0000260.jpg,3,bicycle,24.999520000000018,8.9998425,224.99174257560017,0.00021625503900000016,2.777773055472917,True,small,very_wide,16_32px,8_16px
1066,15,0000215_01869_d_0000260.jpg,10,motor,27.000080000000025,15.000119999999999,405.00444000960033,0.0003892776240000003,1.799990933405868,True,large_small,wide,16_32px,8_16px
1067,15,0000215_01869_d_0000260.jpg,1,pedestrian,10.000079999999969,22.999724999999994,229.99908997799923,0.00022106794499999926,0.43479128554797813,True,small,very_tall,8_16px,16_32px
1068,15,0000215_01869_d_0000260.jpg,2,people,10.000079999999969,14.000265000000013,140.0037700211997,0.0001345672529999997,0.7142779083110183,True,small,tall,8_16px,8_16px
1069,15,0000215_01869_d_0000260.jpg,1,pedestrian,7.999519999999961,22.999724999999998,183.9867601319991,0.00017684232999999911,0.34780937598166767,True,small,very_tall,0_8px,16_32px
1070,15,0000215_01869_d_0000260.jpg,1,pedestrian,9.000480000000039,19.000305000000004,171.01186514640077,0.00016437126600000074,0.4737018695226227,True,small,very_tall,8_16px,16_32px
1071,15,0000215_01869_d_0000260.jpg,1,pedestrian,10.000079999999969,17.999685,179.99828997479943,0.00017300873699999946,0.5555697224701415,True,small,tall,8_16px,16_32px
1072,15,0000215_01869_d_0000260.jpg,1,pedestrian,13.000239999999991,22.999724999999998,299.00194493399977,0.00028739133499999976,0.5652345843265514,True,large_small,tall,8_16px,16_32px
1073,15,0000215_01869_d_0000260.jpg,10,motor,27.999680000000012,15.000119999999999,419.99855996160017,0.00040368950400000014,1.866630400290132,True,large_small,wide,16_32px,8_16px
1074,15,0000215_01869_d_0000260.jpg,10,motor,20.99975999999998,15.999975,335.99563500599965,0.00032294851499999966,1.3124870507610156,True,large_small,near_square,16_32px,8_16px
1075,15,0000215_01869_d_0000260.jpg,1,pedestrian,17.0,31.000095000000016,527.0016150000002,0.0005065375000000002,0.5483854162382403,True,large_small,tall,16_32px,16_32px
1076,15,0000215_01869_d_0000260.jpg,1,pedestrian,10.000079999999997,20.000159999999994,200.00320001279988,0.00019223683199999988,0.5,True,small,tall,8_16px,16_32px
1077,15,0000215_01869_d_0000260.jpg,3,bicycle,20.000159999999994,21.999870000000016,440.0009199792002,0.0004229151480000002,0.9091035537937261,True,large_small,near_square,16_32px,16_32px
1078,15,0000215_01869_d_0000260.jpg,2,people,13.00024000000002,21.999870000000016,286.0035899688006,0.0002748977220000006,0.590923491820634,True,large_small,tall,8_16px,16_32px
1079,15,0000215_01869_d_0000260.jpg,1,pedestrian,16.000399999999992,26.999909999999986,432.00935996399954,0.00041523390999999955,0.5926093827720167,True,large_small,tall,16_32px,16_32px
1080,15,0000215_01869_d_0000260.jpg,1,pedestrian,19.00056,26.99991,513.0134099496,0.000493092474,0.7037267902004117,True,large_small,tall,16_32px,16_32px
1081,15,0000215_01869_d_0000260.jpg,1,pedestrian,13.999839999999999,28.999619999999993,405.99004006079986,0.0003902249519999999,0.48275942926148696,True,large_small,very_tall,8_16px,16_32px
1082,15,0000215_01869_d_0000260.jpg,1,pedestrian,12.000639999999997,26.999910000000014,324.0161999424001,0.0003114342560000001,0.44446962971358017,True,large_small,very_tall,8_16px,16_32px
1083,15,0000215_01869_d_0000260.jpg,2,people,14.999439999999993,15.00012000000001,224.99339993280003,0.00021625663200000003,0.9999546670293293,True,small,near_square,8_16px,8_16px
1084,15,0000215_01869_d_0000260.jpg,1,pedestrian,13.000240000000005,27.999765000000004,364.0036649436002,0.0003498689590000002,0.4642981825026033,True,large_small,very_tall,8_16px,16_32px
1085,15,0000215_01869_d_0000260.jpg,1,pedestrian,13.000240000000005,25.000199999999992,325.008600048,0.00031238812,0.5200054399564807,True,large_small,tall,8_16px,16_32px
1086,15,0000215_01869_d_0000260.jpg,1,pedestrian,10.999680000000026,24.00034499999998,263.99611488960045,0.0002537448240000004,0.45831341174470763,True,large_small,very_tall,8_16px,16_32px
1087,15,0000215_01869_d_0000260.jpg,10,motor,30.00023999999999,17.999684999999985,539.9948699243994,0.0005190262109999994,1.6667091674104306,True,large_small,wide,16_32px,16_32px
1088,15,0000215_01869_d_0000260.jpg,10,motor,24.999520000000018,16.999829999999996,424.9875900816002,0.00040848480400000023,1.4705747057470588,True,large_small,wide,16_32px,16_32px
1089,15,0000215_01869_d_0000260.jpg,2,people,20.000159999999994,20.00016,400.0064000255999,0.00038447366399999987,0.9999999999999997,True,large_small,near_square,16_32px,16_32px
1090,15,0000215_01869_d_0000260.jpg,2,people,10.000079999999997,20.00016,200.00320001279994,0.00019223683199999994,0.49999999999999983,True,small,very_tall,8_16px,16_32px
1091,15,0000215_01869_d_0000260.jpg,1,pedestrian,23.99992000000003,36.999990000000025,887.9968000008017,0.0008535148020000017,0.6486466617963955,True,large_small,tall,16_32px,32_64px
1092,15,0000215_01869_d_0000260.jpg,2,people,19.00055999999995,28.999619999999936,551.0090197871973,0.0005296126679999974,0.6552003095212969,True,large_small,tall,16_32px,16_32px
1093,15,0000215_01869_d_0000260.jpg,8,awning-tricycle,44.00007999999991,58.99986000000001,2595.9985599887955,0.002495192771999996,0.74576583741046,False,out_of_range,tall,32_64px,32_64px
1094,15,0000215_01869_d_0000260.jpg,1,pedestrian,13.00024,21.000015000000005,273.00523500360003,0.00026240410900000004,0.6190586054343293,True,large_small,tall,8_16px,16_32px
1095,15,0000215_01869_d_0000260.jpg,2,people,16.999999999999886,36.99998999999997,628.9998299999953,0.0006045749999999955,0.4594595836377226,True,large_small,very_tall,16_32px,32_64px
1096,16,0000242_00963_d_0000005.jpg,1,pedestrian,19.999680000000126,50.000219999999956,999.9883999296054,0.0019289899690000105,0.3999918400359067,True,large_small,very_tall,16_32px,32_64px
1097,16,0000242_00963_d_0000005.jpg,4,car,64.00032000000002,39.99995999999999,2560.0102399872,0.0049382913579999995,1.600009600009601,False,out_of_range,wide,64px_plus,32_64px
1098,16,0000242_00963_d_0000005.jpg,4,car,70.99968,46.99998000000005,3336.9835400064035,0.006437082446000007,1.5106321321838843,False,out_of_range,wide,64px_plus,32_64px
1099,16,0000242_00963_d_0000005.jpg,4,car,106.99967999999998,83.00016,8880.990559948797,0.017131540431999995,1.2891502859753523,False,out_of_range,near_square,64px_plus,64px_plus
1100,16,0000242_00963_d_0000005.jpg,3,bicycle,15.99984,28.00007999999997,447.9967999871995,0.000864191357999999,0.5714212245107878,True,large_small,tall,8_16px,16_32px
1101,16,0000242_00963_d_0000005.jpg,3,bicycle,24.0,17.99982,431.99568,0.000833325,1.3333466668000014,True,large_small,wide,16_32px,16_32px
1102,16,0000242_00963_d_0000005.jpg,3,bicycle,34.000320000000045,27.0,918.0086400000012,0.0017708500000000022,1.2592711111111128,True,large_small,near_square,32_64px,16_32px
1103,16,0000242_00963_d_0000005.jpg,3,bicycle,31.999679999999955,25.99992000000003,831.9891200255998,0.0016049172839999997,1.2307607100329507,True,large_small,near_square,16_32px,16_32px
1104,16,0000242_00963_d_0000005.jpg,7,tricycle,112.99968000000001,46.999979999999994,5310.9827000064,0.010244951196,2.4042495337232066,False,out_of_range,very_wide,64px_plus,32_64px
1105,16,0000242_00963_d_0000005.jpg,4,car,127.00031999999999,83.00016000000005,10541.046880051206,0.020333809568000013,1.5301213877178057,False,out_of_range,wide,64px_plus,64px_plus
1106,16,0000242_00963_d_0000005.jpg,5,van,112.99967999999996,110.00016000000011,12429.982879948808,0.023977590432000016,1.0272683239733456,False,out_of_range,near_square,64px_plus,64px_plus
1107,16,0000242_00963_d_0000005.jpg,6,truck,136.00031999999993,95.00004000000001,12920.035840012795,0.024922908641999992,1.4315817130182251,False,out_of_range,wide,64px_plus,64px_plus
1108,16,0000242_00963_d_0000005.jpg,7,tricycle,82.00031999999993,62.00010000000009,5084.0280400320025,0.009807152855000004,1.322583673252137,False,out_of_range,near_square,64px_plus,32_64px
1109,17,0000242_03199_d_0000011.jpg,4,car,13.000319999999988,16.0002,208.0077200639998,0.00040124945999999963,0.8125098436269539,True,small,near_square,8_16px,16_32px
1110,17,0000242_03199_d_0000011.jpg,4,car,18.000000000000057,19.999979999999994,359.999640000001,0.000694443750000002,0.9000009000009032,True,large_small,near_square,16_32px,16_32px
1111,17,0000242_03199_d_0000011.jpg,4,car,31.999680000000012,46.99998000000002,1503.9843200064013,0.0029012043210000023,0.6808445450402318,False,out_of_range,tall,16_32px,32_64px
1112,17,0000242_03199_d_0000011.jpg,4,car,31.000319999999988,36.00018000000003,1116.0171000576004,0.0021528107640000006,0.8611156944215269,False,out_of_range,near_square,16_32px,32_64px
1113,17,0000242_03199_d_0000011.jpg,4,car,55.99968000000001,39.99995999999999,2239.9849600127995,0.004320958641999999,1.3999933999934007,False,out_of_range,wide,32_64px,32_64px
1114,17,0000242_03199_d_0000011.jpg,7,tricycle,21.0,25.999919999999975,545.9983199999995,0.001053237499999999,0.8076947929070559,True,large_small,near_square,16_32px,16_32px
1115,17,0000242_03199_d_0000011.jpg,7,tricycle,17.99999999999997,23.000219999999985,414.00395999999904,0.0007986187499999982,0.7826012099014698,True,large_small,near_square,16_32px,16_32px
1116,17,0000242_03199_d_0000011.jpg,7,tricycle,21.0,24.999840000000006,524.9966400000001,0.0010127250000000001,0.8400053760344064,True,large_small,near_square,16_32px,16_32px
1117,17,0000242_03199_d_0000011.jpg,7,tricycle,19.999680000000012,21.000060000000005,419.99447998080035,0.0008101745370000007,0.9523629932485911,True,large_small,near_square,16_32px,16_32px
1118,18,0000242_04600_d_0000014.jpg,4,car,46.99968000000001,68.00003999999996,3195.9801199871986,0.006165085107999998,0.6911713581344958,False,out_of_range,tall,32_64px,64px_plus
1119,18,0000242_04600_d_0000014.jpg,4,car,34.000320000000045,38.99988000000002,1326.0083999616024,0.0025578865740000047,0.8718057594023374,False,out_of_range,near_square,32_64px,32_64px
1120,18,0000242_04600_d_0000014.jpg,4,car,52.999679999999984,58.999859999999956,3126.9737000447967,0.006031970871999993,0.8983017925805251,False,out_of_range,near_square,32_64px,32_64px
1121,18,0000242_04600_d_0000014.jpg,4,car,35.99999999999994,37.99979999999999,1367.9927999999977,0.0026388749999999954,0.9473734072284578,False,out_of_range,near_square,32_64px,32_64px
1122,18,0000242_04600_d_0000014.jpg,4,car,25.000320000000045,25.999919999999975,650.0063199744005,0.0012538702160000011,0.9615537278576268,True,large_small,near_square,16_32px,16_32px
1123,18,0000242_04600_d_0000014.jpg,4,car,37.9996799999999,50.000219999999956,1899.9923599295932,0.003665108718999987,0.7599902560428721,False,out_of_range,near_square,32_64px,32_64px
1124,18,0000242_04600_d_0000014.jpg,4,car,61.99968000000001,66.99995999999999,4153.9760800128,0.008013071141999999,0.9253689106680067,False,out_of_range,near_square,32_64px,64px_plus
1125,18,0000242_04600_d_0000014.jpg,4,car,67.99968,31.999859999999956,2175.980240044797,0.0041974927469999946,2.124999296871927,False,out_of_range,very_wide,64px_plus,16_32px
1126,18,0000242_04600_d_0000014.jpg,4,car,67.99967999999997,30.000239999999962,2040.0067199231964,0.003935198147999993,2.266637866897067,False,out_of_range,very_wide,64px_plus,16_32px
1127,18,0000242_04600_d_0000014.jpg,4,car,82.00031999999999,34.00002000000006,2788.012520006405,0.00537811057100001,2.4117726989572312,False,out_of_range,very_wide,64px_plus,32_64px
1128,18,0000242_04600_d_0000014.jpg,4,car,25.000320000000045,23.99976000000001,600.0016799232013,0.0011574106480000026,1.0416904169041705,True,large_small,near_square,16_32px,16_32px
1129,18,0000242_04600_d_0000014.jpg,4,car,19.999679999999955,22.000139999999988,439.99575995519876,0.0008487572529999976,0.9090705786417708,True,large_small,near_square,16_32px,16_32px
1130,18,0000242_04600_d_0000014.jpg,4,car,18.000000000000057,19.999979999999994,359.999640000001,0.000694443750000002,0.9000009000009032,True,large_small,near_square,16_32px,16_32px
1131,18,0000242_04600_d_0000014.jpg,4,car,69.99983999999999,43.00020000000001,3010.007119968,0.0058063408950000004,1.6278956842061196,False,out_of_range,wide,64px_plus,32_64px
1132,18,0000242_04600_d_0000014.jpg,4,car,64.99968000000001,30.000239999999962,1950.005999923198,0.003761585647999996,2.166638666890668,False,out_of_range,very_wide,64px_plus,16_32px
1133,18,0000242_04600_d_0000014.jpg,4,car,58.99968000000001,27.000000000000057,1592.9913600000036,0.003072900000000007,2.185173333333329,False,out_of_range,very_wide,32_64px,16_32px
1134,18,0000242_04600_d_0000014.jpg,10,motor,15.0,34.00002000000006,510.00030000000095,0.0009837968750000018,0.4411762110728162,True,large_small,very_tall,8_16px,32_64px
1135,18,0000242_04600_d_0000014.jpg,7,tricycle,61.00032,27.000000000000057,1647.0086400000034,0.0031771000000000065,2.2592711111111066,False,out_of_range,very_wide,32_64px,16_32px
1136,18,0000242_04600_d_0000014.jpg,10,motor,46.00031999999999,31.999859999999956,1472.0037999551976,0.0028395135029999955,1.4375162891337665,False,out_of_range,wide,32_64px,16_32px
1137,18,0000242_04600_d_0000014.jpg,8,awning-tricycle,28.00031999999993,51.999840000000006,1456.0121599487966,0.002808665431999993,0.5384693491364575,False,out_of_range,tall,16_32px,32_64px
1138,18,0000242_04600_d_0000014.jpg,2,people,11.999999999999943,17.99982,215.99783999999897,0.00041666249999999805,0.6666733333999976,True,small,tall,8_16px,16_32px
1139,18,0000242_04600_d_0000014.jpg,2,people,13.000320000000045,23.00022000000007,299.01022007040194,0.0005767944060000037,0.5652258978392383,True,large_small,tall,8_16px,16_32px
1140,18,0000242_04600_d_0000014.jpg,10,motor,15.0,21.00006000000002,315.0009000000003,0.0006076406250000005,0.714283673475218,True,large_small,tall,8_16px,16_32px
1141,18,0000242_04600_d_0000014.jpg,2,people,10.000319999999988,16.99974000000003,170.0028399168001,0.0003279375770000002,0.5882631146123394,True,small,tall,8_16px,16_32px
1142,18,0000242_04600_d_0000014.jpg,3,bicycle,10.000319999999874,18.999900000000025,190.00507996799786,0.0003665221449999959,0.5263354017652652,True,small,tall,8_16px,16_32px
1143,18,0000242_04600_d_0000014.jpg,4,car,22.999680000000012,19.999979999999965,459.9931400063994,0.0008873324459999989,1.1499851499851526,True,large_small,near_square,16_32px,16_32px
1144,18,0000242_04600_d_0000014.jpg,4,car,15.0,15.000119999999981,225.00179999999972,0.00043403124999999947,0.9999920000640007,True,small,near_square,8_16px,8_16px
1145,18,0000242_04600_d_0000014.jpg,7,tricycle,16.999680000000012,22.000140000000016,373.99533995520056,0.000721441628000001,0.7727078100412088,True,large_small,near_square,16_32px,16_32px
1146,18,0000242_04600_d_0000014.jpg,2,people,10.000319999999988,11.999879999999962,120.00263996159947,0.00023148657399999897,0.8333683336833385,True,small,near_square,8_16px,8_16px
1147,19,0000244_03000_d_0000007.jpg,4,car,23.999999999999886,36.00018,864.0043199999959,0.001666674999999992,0.6666633333499967,True,large_small,tall,16_32px,32_64px
1148,19,0000244_03000_d_0000007.jpg,4,car,40.000319999999874,36.00018000000006,1440.0187200575976,0.0027778138889999957,1.1111144444277725,False,out_of_range,near_square,32_64px,32_64px
1149,19,0000244_03000_d_0000007.jpg,5,van,46.99968000000001,23.99975999999998,1127.9810400767994,0.002175889351999999,1.9583395833958361,False,out_of_range,wide,32_64px,16_32px
1150,19,0000244_03000_d_0000007.jpg,4,car,30.0,37.000260000000026,1110.0078000000008,0.0021412187500000016,0.8108051132613657,False,out_of_range,near_square,16_32px,32_64px
1151,19,0000244_03000_d_0000007.jpg,4,car,33.00000000000006,36.00018000000006,1188.0059400000039,0.0022916781250000074,0.91666208335625,False,out_of_range,near_square,32_64px,32_64px
1152,19,0000244_03000_d_0000007.jpg,4,car,46.99968000000004,23.99975999999998,1127.9810400768001,0.002175889352,1.9583395833958372,False,out_of_range,wide,32_64px,16_32px
1153,19,0000244_03000_d_0000007.jpg,4,car,28.999680000000012,29.000159999999994,840.9953599488002,0.0016222904320000004,0.999983448367182,True,large_small,near_square,16_32px,16_32px
1154,19,0000244_03000_d_0000007.jpg,4,car,33.00000000000006,30.999779999999987,1022.9927400000013,0.0019733656250000026,1.0645236837164673,True,large_small,near_square,32_64px,16_32px
1155,19,0000244_03000_d_0000007.jpg,6,truck,19.000320000000045,23.00022000000007,437.01154007040236,0.0008430006560000045,0.8260929678063943,True,large_small,near_square,16_32px,16_32px
1156,19,0000244_03000_d_0000007.jpg,4,car,21.0,21.000059999999962,441.0012599999992,0.0008506968749999984,0.9999971428653079,True,large_small,near_square,16_32px,16_32px
1157,19,0000244_03000_d_0000007.jpg,4,car,13.999680000000012,15.000120000000038,209.9968799616007,0.00040508657400000137,0.9333045335637299,True,small,near_square,8_16px,8_16px
1158,19,0000244_03000_d_0000007.jpg,1,pedestrian,10.000319999999988,19.999979999999994,200.0061999935997,0.0003858144289999994,0.5000165000164996,True,small,tall,8_16px,16_32px
1159,19,0000244_03000_d_0000007.jpg,1,pedestrian,7.000320000000016,17.99982,126.00449994240029,0.00024306423600000055,0.3889105557722253,True,small,very_tall,0_8px,16_32px
1160,19,0000244_03000_d_0000007.jpg,1,pedestrian,7.000320000000016,15.000120000000038,105.00564003840051,0.000202557176000001,0.4666842665258677,True,small,very_tall,0_8px,8_16px
1161,19,0000244_03000_d_0000007.jpg,2,people,9.000000000000028,11.999880000000019,107.99892000000051,0.00020833125000000097,0.7500075000750019,True,small,near_square,8_16px,8_16px
1162,19,0000244_03000_d_0000007.jpg,8,awning-tricycle,19.000320000000045,22.000139999999988,418.00970004480075,0.0008063458720000015,0.8636454131655551,True,large_small,near_square,16_32px,16_32px
1163,19,0000244_03000_d_0000007.jpg,4,car,22.999680000000012,24.99983999999995,574.9883200511991,0.0011091595679999984,0.9199930879557653,True,large_small,near_square,16_32px,16_32px
1164,19,0000244_03000_d_0000007.jpg,7,tricycle,22.999679999999984,16.99974000000003,390.9885800832004,0.0007542217980000008,1.3529430450112732,True,large_small,wide,16_32px,16_32px
1165,19,0000244_03000_d_0000007.jpg,8,awning-tricycle,21.0,27.000000000000057,567.0000000000011,0.0010937500000000023,0.7777777777777761,True,large_small,near_square,16_32px,16_32px
1166,19,0000244_03000_d_0000007.jpg,4,car,13.000320000000045,15.000120000000038,195.00636003840117,0.00037616967600000227,0.8666810665514684,True,small,near_square,8_16px,8_16px
1167,19,0000244_03000_d_0000007.jpg,4,car,13.999680000000012,15.000120000000038,209.9968799616007,0.00040508657400000137,0.9333045335637299,True,small,near_square,8_16px,8_16px
1168,19,0000244_03000_d_0000007.jpg,4,car,11.999999999999943,11.999879999999962,143.99855999999886,0.0002777749999999978,1.0000100000999994,True,small,near_square,8_16px,8_16px
1169,19,0000244_03000_d_0000007.jpg,4,car,8.999999999999943,9.00018,81.00161999999949,0.000156253124999999,0.9999800003999857,True,small,near_square,8_16px,8_16px
1170,19,0000244_03000_d_0000007.jpg,4,car,10.999679999999955,10.000259999999969,109.9996599167992,0.00021219070199999845,1.099939401575558,True,small,near_square,8_16px,8_16px
1171,19,0000244_03000_d_0000007.jpg,4,car,16.999680000000012,10.000259999999969,170.00121991679958,0.0003279344519999992,1.699923801981155,True,small,wide,16_32px,8_16px
1172,19,0000244_03000_d_0000007.jpg,9,bus,22.000320000000045,37.99979999999999,836.0077599360015,0.001612669290000003,0.5789588366254572,True,large_small,tall,16_32px,32_64px
1173,19,0000244_03000_d_0000007.jpg,4,car,16.0003200000001,17.99982,288.0028799424018,0.0005555611110000036,0.8889155558222306,True,large_small,near_square,16_32px,16_32px
1174,19,0000244_03000_d_0000007.jpg,4,car,8.999999999999886,12.99995999999993,116.9996399999979,0.00022569374999999596,0.6923098224917564,True,small,tall,8_16px,8_16px
1175,19,0000244_03000_d_0000007.jpg,2,people,4.999680000000012,9.00018,44.99801994240011,8.680173600000021e-05,0.5555088898222049,True,very_small,tall,0_8px,8_16px
1176,19,0000244_03000_d_0000007.jpg,1,pedestrian,4.999680000000012,11.999879999999962,59.99556003839996,0.00011573217599999992,0.41664416644166674,True,very_small,very_tall,0_8px,8_16px
1177,19,0000244_03000_d_0000007.jpg,3,bicycle,10.999680000000012,5.999940000000095,65.99742001920112,0.00012730983800000216,1.833298332983303,True,small,wide,8_16px,0_8px
1178,19,0000244_03000_d_0000007.jpg,7,tricycle,7.999680000000012,10.999799999999993,87.99488006400009,0.00016974321000000017,0.7272568592156237,True,small,tall,0_8px,8_16px
1179,19,0000244_03000_d_0000007.jpg,1,pedestrian,4.000320000000045,8.000099999999975,32.00296003200026,6.17341050000005e-05,0.5000337495781374,True,very_small,tall,0_8px,8_16px
1180,19,0000244_03000_d_0000007.jpg,1,pedestrian,4.000320000000045,10.000260000000026,40.00424008320055,7.716867300000106e-05,0.40002159943841803,True,very_small,very_tall,0_8px,8_16px
1181,19,0000244_03000_d_0000007.jpg,4,car,10.000319999999988,9.00018,90.0046800575999,0.0001736201389999998,1.1111244441777817,True,small,near_square,8_16px,8_16px
1182,19,0000244_03000_d_0000007.jpg,4,car,7.999680000000069,9.00018,71.99855994240062,0.0001388861110000012,0.8888355566222085,True,small,near_square,0_8px,8_16px
1183,19,0000244_03000_d_0000007.jpg,4,car,7.000319999999931,8.000100000000032,56.00326003199967,0.00010803097999999937,0.8750290621367112,True,very_small,near_square,0_8px,8_16px
1184,19,0000244_03000_d_0000007.jpg,4,car,10.000319999999988,8.000100000000032,80.00356003200022,0.00015432785500000043,1.25002437469531,True,small,near_square,8_16px,8_16px
1185,19,0000244_03000_d_0000007.jpg,10,motor,4.999680000000069,8.000099999999975,39.99793996800042,7.715652000000081e-05,0.6249521880976594,True,very_small,tall,0_8px,8_16px
1186,19,0000244_03000_d_0000007.jpg,10,motor,4.000320000000045,7.000020000000006,28.00232000640034,5.4016821000000656e-05,0.5714726529352832,True,very_small,tall,0_8px,0_8px
1187,19,0000244_03000_d_0000007.jpg,10,motor,4.000320000000045,5.999940000000038,24.001679980800418,4.629953700000081e-05,0.666726667266676,True,very_small,tall,0_8px,0_8px
1188,19,0000244_03000_d_0000007.jpg,10,motor,3.0,5.999940000000038,17.999820000000113,3.472187500000022e-05,0.5000050000499974,True,very_small,tall,0_8px,0_8px
1189,19,0000244_03000_d_0000007.jpg,10,motor,3.000000000000057,5.999940000000038,17.999820000000454,3.4721875000000876e-05,0.5000050000500068,True,very_small,tall,0_8px,0_8px
1190,19,0000244_03000_d_0000007.jpg,8,awning-tricycle,4.999679999999955,8.000100000000032,39.9979399679998,7.715651999999961e-05,0.6249521880976407,True,very_small,tall,0_8px,8_16px
1191,20,0000244_04900_d_0000011.jpg,7,tricycle,40.9996799999999,45.999900000000025,1885.9811800319962,0.0036380809799999927,0.8912993289115819,False,out_of_range,near_square,32_64px,32_64px
1192,20,0000244_04900_d_0000011.jpg,7,tricycle,67.9996799999999,32.999939999999924,2243.9853600191914,0.0043286754629999835,2.0606001101820204,False,out_of_range,very_wide,64px_plus,32_64px
1193,20,0000244_04900_d_0000011.jpg,7,tricycle,64.0003200000001,32.99993999999998,2112.0067199808022,0.004074087037000004,1.9394071625584817,False,out_of_range,wide,64px_plus,32_64px
1194,20,0000244_04900_d_0000011.jpg,1,pedestrian,13.000319999999874,28.00007999999997,364.01000002559607,0.0007021797839999925,0.46429581629766375,True,large_small,very_tall,8_16px,16_32px
1195,20,0000244_04900_d_0000011.jpg,10,motor,30.0,23.99975999999998,719.9927999999994,0.0013888749999999988,1.2500125001250022,True,large_small,near_square,16_32px,16_32px
1196,20,0000244_04900_d_0000011.jpg,8,awning-tricycle,68.99999999999989,57.00023999999996,3933.016559999991,0.007586837499999982,1.2105212188580248,False,out_of_range,near_square,64px_plus,32_64px
1197,20,0000244_04900_d_0000011.jpg,4,car,76.99968000000013,64.99980000000005,5004.963800064012,0.009654636960000022,1.184614106504944,False,out_of_range,near_square,64px_plus,64px_plus
1198,20,0000244_04900_d_0000011.jpg,6,truck,81.00000000000011,108.0,8748.000000000013,0.016875000000000025,0.750000000000001,False,out_of_range,near_square,64px_plus,64px_plus
1199,20,0000244_04900_d_0000011.jpg,6,truck,115.00031999999987,59.99993999999998,6900.01229998079,0.013310208911999981,1.9166739166739153,False,out_of_range,wide,64px_plus,32_64px
1200,20,0000244_04900_d_0000011.jpg,1,pedestrian,16.000319999999988,35.00010000000003,560.0128000320001,0.0010802716050000002,0.45715069385515966,True,large_small,very_tall,16_32px,32_64px
1201,20,0000244_04900_d_0000011.jpg,1,pedestrian,15.0,35.00010000000003,525.0015000000005,0.001012734375000001,0.4285702040851308,True,large_small,very_tall,8_16px,32_64px
1202,20,0000244_04900_d_0000011.jpg,6,truck,48.0,92.9998799999999,4463.994239999995,0.008611099999999991,0.5161296982318692,False,out_of_range,tall,32_64px,64px_plus
1203,20,0000244_04900_d_0000011.jpg,10,motor,19.999680000000126,29.000159999999994,579.9939199488035,0.0011188154320000067,0.6896403330188567,True,large_small,tall,16_32px,16_32px
1204,20,0000244_04900_d_0000011.jpg,7,tricycle,25.9996799999999,48.99986999999999,1273.9809400415947,0.00245752496149999,0.5306071220188933,False,out_of_range,tall,16_32px,32_64px
1205,20,0000244_04900_d_0000011.jpg,4,car,75.0,30.000239999999962,2250.0179999999973,0.004340312499999995,2.4999800001600017,False,out_of_range,very_wide,64px_plus,16_32px
1206,20,0000244_04900_d_0000011.jpg,1,pedestrian,11.999999999999886,28.000080000000025,336.0009599999971,0.0006481499999999945,0.42857020408512675,True,large_small,very_tall,8_16px,16_32px
1207,20,0000244_04900_d_0000011.jpg,1,pedestrian,10.999680000000012,23.99975999999998,263.9896800768001,0.0005092393520000002,0.4583245832458333,True,large_small,very_tall,8_16px,16_32px
1208,20,0000244_04900_d_0000011.jpg,1,pedestrian,10.999680000000012,22.000139999999988,241.99449995520013,0.00046681037800000024,0.4999822728400828,True,small,very_tall,8_16px,16_32px
1209,20,0000244_04900_d_0000011.jpg,4,car,31.999680000000126,31.999859999999956,1023.9852800448026,0.001975280247000005,0.9999943749753958,True,large_small,near_square,16_32px,16_32px
1210,20,0000244_04900_d_0000011.jpg,4,car,67.99968000000001,30.000239999999962,2040.0067199231978,0.003935198147999996,2.266637866897068,False,out_of_range,very_wide,64px_plus,16_32px
1211,20,0000244_04900_d_0000011.jpg,4,car,68.99999999999989,24.99983999999995,1724.9889599999938,0.003327524999999988,2.760017664113051,False,out_of_range,very_wide,64px_plus,16_32px
1212,20,0000244_04900_d_0000011.jpg,4,car,70.00031999999999,30.999779999999987,2169.994519929599,0.004185946218999998,2.258090863870647,False,out_of_range,very_wide,64px_plus,16_32px
1213,20,0000244_04900_d_0000011.jpg,1,pedestrian,10.000319999999874,19.999979999999994,200.00619999359742,0.00038581442899999504,0.5000165000164939,True,small,tall,8_16px,16_32px
1214,20,0000244_04900_d_0000011.jpg,1,pedestrian,10.999680000000012,19.999979999999994,219.99338000640017,0.00042436994600000036,0.5499845499845508,True,small,tall,8_16px,16_32px
1215,20,0000244_04900_d_0000011.jpg,4,car,64.99968000000013,29.000159999999994,1885.0011199488033,0.0036361904320000066,2.2413559097605025,False,out_of_range,very_wide,64px_plus,16_32px
1216,20,0000244_04900_d_0000011.jpg,7,tricycle,43.9996799999999,19.999979999999994,879.9927200063977,0.0016975168209999955,2.1999861999861956,True,large_small,very_wide,32_64px,16_32px
1217,20,0000244_04900_d_0000011.jpg,7,tricycle,19.0003200000001,31.999859999999956,608.0075799552025,0.0011728541280000048,0.593762597711369,True,large_small,tall,16_32px,16_32px
1218,20,0000244_04900_d_0000011.jpg,5,van,49.999680000000126,22.00013999999993,1099.9999599551993,0.002121913502999999,2.2726982646474196,False,out_of_range,very_wide,32_64px,16_32px
1219,20,0000244_04900_d_0000011.jpg,4,car,68.99999999999989,25.99992000000003,1793.9944799999992,0.0034606374999999984,2.653854319551745,False,out_of_range,very_wide,64px_plus,16_32px
1220,20,0000244_04900_d_0000011.jpg,7,tricycle,34.00031999999999,14.000039999999956,476.00584001279833,0.0009182211419999968,2.4285873468933015,True,large_small,very_wide,32_64px,8_16px
1221,20,0000244_04900_d_0000011.jpg,4,car,41.999999999999886,19.999979999999965,839.9991599999963,0.001620368749999993,2.100002100002098,True,large_small,very_wide,32_64px,16_32px
1222,20,0000244_04900_d_0000011.jpg,4,car,38.999999999999886,18.999900000000025,740.9960999999988,0.0014293906249999977,2.0526423823283193,True,large_small,very_wide,32_64px,16_32px
1223,20,0000244_04900_d_0000011.jpg,4,car,37.9996799999999,16.000200000000035,608.0024799359998,0.0011728442899999996,2.3749503131210745,True,large_small,very_wide,32_64px,16_32px
1224,20,0000244_04900_d_0000011.jpg,4,car,40.00031999999999,17.999820000000057,719.998559942402,0.0013888861110000039,2.2222622226222186,True,large_small,very_wide,32_64px,16_32px
1225,20,0000244_04900_d_0000011.jpg,4,car,40.9996799999999,16.999739999999974,696.9839000831972,0.0013444905479999946,2.4117827684423387,True,large_small,very_wide,32_64px,16_32px
1226,20,0000244_04900_d_0000011.jpg,4,car,31.000319999999988,14.000039999999984,434.0057200127993,0.0008372023919999986,2.214302244850731,True,large_small,very_wide,16_32px,8_16px
1227,20,0000244_04900_d_0000011.jpg,4,car,34.0003200000001,14.000040000000013,476.00584001280185,0.0009182211420000035,2.4285873468932997,True,large_small,very_wide,32_64px,8_16px
1228,20,0000244_04900_d_0000011.jpg,6,truck,21.000000000000114,16.000200000000035,336.0042000000026,0.000648156250000005,1.3124835939550799,True,large_small,near_square,16_32px,16_32px
1229,20,0000244_04900_d_0000011.jpg,5,van,19.000319999999988,16.999739999999974,323.0004999167993,0.0006230719519999987,1.1176829763278742,True,large_small,near_square,16_32px,16_32px
1230,20,0000244_04900_d_0000011.jpg,4,car,34.00031999999999,43.99973999999992,1496.0052399167967,0.0028858125769999935,0.7727391116402064,False,out_of_range,near_square,32_64px,32_64px
1231,20,0000244_04900_d_0000011.jpg,7,tricycle,40.99968000000001,27.000000000000057,1106.9913600000027,0.002135400000000005,1.518506666666664,False,out_of_range,wide,32_64px,16_32px
1232,20,0000244_04900_d_0000011.jpg,2,people,10.999679999999955,21.000059999999962,230.99393998079864,0.0004455901619999974,0.5237927891634584,True,small,tall,8_16px,16_32px
1233,20,0000244_04900_d_0000011.jpg,2,people,13.999680000000012,24.99983999999995,349.9897600511996,0.0006751345679999992,0.5599907839410189,True,large_small,tall,8_16px,16_32px
1234,20,0000244_04900_d_0000011.jpg,4,car,31.999679999999955,38.99988000000002,1247.983680038399,0.002407375925999998,0.8205071400219678,False,out_of_range,near_square,16_32px,32_64px
1235,20,0000244_04900_d_0000011.jpg,4,car,27.0,31.999859999999956,863.9962199999989,0.0016666593749999979,0.8437536914224012,True,large_small,near_square,16_32px,16_32px
1236,20,0000244_04900_d_0000011.jpg,4,car,25.000319999999988,25.99992000000009,650.0063199744019,0.0012538702160000037,0.9615537278576205,True,large_small,near_square,16_32px,16_32px
1237,20,0000244_04900_d_0000011.jpg,1,pedestrian,10.999680000000012,21.000059999999962,230.99393998079984,0.00044559016199999967,0.5237927891634611,True,small,tall,8_16px,16_32px
1238,20,0000244_04900_d_0000011.jpg,1,pedestrian,7.999680000000012,19.999979999999994,159.9934400064002,0.0003086293210000004,0.3999843999844007,True,small,very_tall,0_8px,16_32px
1239,20,0000244_04900_d_0000011.jpg,4,car,25.000319999999988,25.99992000000003,650.0063199744005,0.0012538702160000011,0.9615537278576225,True,large_small,near_square,16_32px,16_32px
1240,20,0000244_04900_d_0000011.jpg,4,car,21.0,22.000139999999988,462.00293999999974,0.0008912093749999995,0.9545393802039447,True,large_small,near_square,16_32px,16_32px
1241,20,0000244_04900_d_0000011.jpg,4,car,23.999999999999886,21.00005999999999,504.0014399999974,0.000972224999999995,1.142853877560345,True,large_small,near_square,16_32px,16_32px
1242,20,0000244_04900_d_0000011.jpg,4,car,21.000000000000114,17.99982,377.99622000000204,0.000729159375000004,1.1666783334500075,True,large_small,near_square,16_32px,16_32px
1243,20,0000244_04900_d_0000011.jpg,4,car,18.000000000000057,16.999740000000003,305.995320000001,0.000590268750000002,1.0588397234310674,True,large_small,near_square,16_32px,16_32px
1244,20,0000244_04900_d_0000011.jpg,4,car,19.99968000000007,17.99981999999997,359.9906400576007,0.0006944263890000013,1.1111044443777827,True,large_small,near_square,16_32px,16_32px
1245,20,0000244_04900_d_0000011.jpg,4,car,21.0,23.99975999999998,503.9949599999996,0.0009722124999999993,0.8750087500875016,True,large_small,near_square,16_32px,16_32px
1246,20,0000244_04900_d_0000011.jpg,5,van,26.999999999999943,39.99995999999999,1079.9989199999975,0.002083331249999995,0.6750006750006738,False,out_of_range,tall,16_32px,32_64px
1247,20,0000244_04900_d_0000011.jpg,4,car,34.99968000000001,43.00020000000006,1504.9932399360027,0.0029031505400000054,0.81394226073367,False,out_of_range,near_square,32_64px,32_64px
1248,20,0000244_04900_d_0000011.jpg,4,car,34.000320000000045,30.00024000000002,1020.017760076802,0.001967626852000004,1.1333349333205343,True,large_small,near_square,32_64px,16_32px
1249,20,0000244_04900_d_0000011.jpg,4,car,16.000320000000045,15.000119999999981,240.00672003840037,0.0004629759260000007,1.0666794665642718,True,small,near_square,16_32px,8_16px
1250,20,0000244_04900_d_0000011.jpg,10,motor,9.0,10.999799999999993,98.99819999999994,0.0001909687499999999,0.8181966944853548,True,small,near_square,8_16px,8_16px
1251,20,0000244_04900_d_0000011.jpg,1,pedestrian,7.000319999999988,11.99987999999999,84.00299996159978,0.00016204282399999957,0.583365833658336,True,small,tall,0_8px,8_16px
1252,20,0000244_04900_d_0000011.jpg,4,car,16.999680000000126,15.000119999999981,254.99723996160157,0.0004918928240000031,1.1333029335765412,True,small,near_square,16_32px,8_16px
1253,20,0000244_04900_d_0000011.jpg,4,car,18.000000000000114,16.000200000000007,288.00360000000194,0.0005555625000000038,1.1249859376757856,True,large_small,near_square,16_32px,16_32px
1254,20,0000244_04900_d_0000011.jpg,7,tricycle,10.000319999999874,12.999960000000016,130.00375998719852,0.00025077885799999717,0.7692577515623019,True,small,near_square,8_16px,8_16px
1255,20,0000244_04900_d_0000011.jpg,4,car,10.999680000000012,11.99987999999999,131.99484003840004,0.0002546196760000001,0.9166491664916666,True,small,near_square,8_16px,8_16px
1256,20,0000244_04900_d_0000011.jpg,4,car,15.0,14.000040000000013,210.0006000000002,0.00040509375000000034,1.071425510212827,True,small,near_square,8_16px,8_16px
1257,20,0000244_04900_d_0000011.jpg,4,car,25.00031999999993,14.000040000000013,350.00548001279935,0.0006751648919999987,1.7857320407655912,True,large_small,wide,16_32px,8_16px
1258,20,0000244_04900_d_0000011.jpg,7,tricycle,7.999679999999898,10.000259999999969,79.99887991679873,0.00015431882699999756,0.7999472013727567,True,small,near_square,0_8px,8_16px
1259,20,0000244_04900_d_0000011.jpg,4,car,12.0,11.99987999999999,143.99855999999988,0.0002777749999999998,1.0000100001000019,True,small,near_square,8_16px,8_16px
1260,20,0000244_04900_d_0000011.jpg,4,car,21.000000000000114,14.000040000000013,294.00084000000186,0.0005671312500000036,1.4999957142979659,True,large_small,wide,16_32px,8_16px
1261,20,0000244_04900_d_0000011.jpg,4,car,13.000319999999988,12.999960000000016,169.00363998720005,0.0003260101080000001,1.0000276923928975,True,small,near_square,8_16px,8_16px
1262,20,0000244_04900_d_0000011.jpg,4,car,25.000319999999988,10.000259999999969,250.0097000831991,0.00048227179799999827,2.499967000857984,True,small,very_wide,16_32px,8_16px
1263,20,0000244_04900_d_0000011.jpg,7,tricycle,8.999999999999886,9.00018,81.00161999999898,0.00015625312499999803,0.9999800003999794,True,small,near_square,8_16px,8_16px
1264,20,0000244_04900_d_0000011.jpg,4,car,11.999999999999886,10.000259999999969,120.00311999999849,0.00023148749999999708,1.1999688008111713,True,small,near_square,8_16px,8_16px
1265,20,0000244_04900_d_0000011.jpg,4,car,13.000320000000045,14.000040000000013,182.0050000128008,0.00035108989200000154,0.9285916325953378,True,small,near_square,8_16px,8_16px
1266,20,0000244_04900_d_0000011.jpg,4,car,18.000000000000057,10.999799999999993,197.9964000000005,0.000381937500000001,1.6363933889707147,True,small,wide,16_32px,8_16px
1267,20,0000244_04900_d_0000011.jpg,4,car,13.000320000000045,10.999799999999993,143.0009199360004,0.0002758505400000008,1.1818687612502092,True,small,near_square,8_16px,8_16px
1268,20,0000244_04900_d_0000011.jpg,5,van,19.000320000000045,18.999899999999997,361.0041799680008,0.0006963815200000015,1.0000221053795044,True,large_small,near_square,16_32px,16_32px
1269,20,0000244_04900_d_0000011.jpg,5,van,13.999680000000012,16.999740000000003,237.99092008320025,0.0004590874230000005,0.8235231832957451,True,small,near_square,8_16px,16_32px
1270,20,0000244_04900_d_0000011.jpg,4,car,13.000320000000045,11.99987999999999,156.0022799616004,0.0003009303240000008,1.0833708337083416,True,small,near_square,8_16px,8_16px
1271,20,0000244_04900_d_0000011.jpg,1,pedestrian,5.999999999999943,10.999799999999993,65.99879999999933,0.0001273124999999987,0.5454644629902313,True,small,tall,0_8px,8_16px
1272,20,0000244_04900_d_0000011.jpg,4,car,13.999680000000012,12.999960000000016,181.99528001280038,0.00035107114200000073,1.0769017750823846,True,small,near_square,8_16px,8_16px
1273,20,0000244_04900_d_0000011.jpg,4,car,103.00032,29.000159999999937,2987.0257600511936,0.0057620095679999875,3.5517155767416533,False,out_of_range,very_wide,64px_plus,16_32px
1274,20,0000244_04900_d_0000011.jpg,6,truck,117.0,50.000219999999956,5850.025739999995,0.01128477187499999,2.3399897040453044,False,out_of_range,very_wide,64px_plus,32_64px
1275,20,0000244_04900_d_0000011.jpg,4,car,74.99952,44.99982000000006,3374.964900086404,0.0065103489585000085,1.6666626666506645,False,out_of_range,wide,64px_plus,32_64px
1276,20,0000244_04900_d_0000011.jpg,5,van,102.0,48.00006000000002,4896.006120000002,0.009444456250000004,2.1249973437533196,False,out_of_range,very_wide,64px_plus,32_64px
1277,20,0000244_04900_d_0000011.jpg,4,car,49.000320000000016,49.00013999999999,2401.0225400448003,0.004631602122000001,1.0000036734588928,False,out_of_range,near_square,32_64px,32_64px
1278,20,0000244_04900_d_0000011.jpg,4,car,74.99999999999997,37.99979999999999,2849.9849999999983,0.0054976562499999965,1.9736945983926226,False,out_of_range,wide,64px_plus,32_64px
1279,20,0000244_04900_d_0000011.jpg,1,pedestrian,11.999999999999943,22.000139999999988,264.0016799999986,0.0005092624999999973,0.5454510744022515,True,large_small,tall,8_16px,16_32px
1280,20,0000244_04900_d_0000011.jpg,6,truck,70.99967999999996,34.00002000000006,2413.990539993603,0.004656617554000006,2.0882246539854923,False,out_of_range,very_wide,64px_plus,32_64px
1281,20,0000244_04900_d_0000011.jpg,6,truck,66.0,31.999859999999956,2111.990759999997,0.004074056249999994,2.0625090234769807,False,out_of_range,very_wide,64px_plus,16_32px
1282,20,0000244_04900_d_0000011.jpg,5,van,58.00031999999996,30.999779999999987,1797.997159929598,0.003468358718999996,1.8709913425192044,False,out_of_range,wide,32_64px,16_32px
1283,20,0000244_04900_d_0000011.jpg,10,motor,19.999679999999984,22.000139999999988,439.9957599551994,0.0008487572529999988,0.9090705786417721,True,large_small,near_square,16_32px,16_32px
1284,20,0000244_04900_d_0000011.jpg,6,truck,43.99968000000001,32.999939999999924,1451.986800019197,0.0028009004629999945,1.333326060592841,False,out_of_range,near_square,32_64px,32_64px
1285,20,0000244_04900_d_0000011.jpg,4,car,54.00000000000006,25.99992000000003,1403.9956800000032,0.002708325000000006,2.076929467475284,False,out_of_range,very_wide,32_64px,16_32px
1286,20,0000244_04900_d_0000011.jpg,4,car,46.00031999999999,22.000139999999988,1012.0134800447992,0.0019521864969999983,2.0909103305706243,True,large_small,very_wide,32_64px,16_32px
1287,20,0000244_04900_d_0000011.jpg,4,car,43.99968000000001,21.000059999999962,923.9959199807986,0.0017823995369999973,2.0952168708089447,True,large_small,very_wide,32_64px,16_32px
1288,20,0000244_04900_d_0000011.jpg,5,van,39.0,23.99976000000001,935.9906400000003,0.0018055375000000007,1.625016250162501,True,large_small,wide,32_64px,16_32px
1289,20,0000244_04900_d_0000011.jpg,4,car,37.99968000000007,17.999820000000057,683.9874000576034,0.0013194201390000066,2.111114444477775,True,large_small,very_wide,32_64px,16_32px
1290,20,0000244_04900_d_0000011.jpg,4,car,37.99968000000007,16.000200000000035,608.0024799360025,0.0011728442900000048,2.374950313121085,True,large_small,very_wide,32_64px,16_32px
1291,20,0000244_04900_d_0000011.jpg,4,car,35.99999999999994,11.999879999999962,431.99567999999795,0.0008333249999999961,3.0000300003000078,True,large_small,very_wide,32_64px,8_16px
1292,20,0000244_04900_d_0000011.jpg,4,car,43.00031999999993,21.000059999999962,903.0093000191969,0.001741916087999994,2.047628435347328,True,large_small,very_wide,32_64px,16_32px
1293,20,0000244_04900_d_0000011.jpg,4,car,39.0,16.999740000000003,662.9898600000001,0.0012789156250000004,2.294152734100639,True,large_small,very_wide,32_64px,16_32px
1294,20,0000244_04900_d_0000011.jpg,4,car,18.0,14.000040000000013,252.00072000000023,0.00048611250000000047,1.2857106122553923,True,small,near_square,16_32px,8_16px
1295,20,0000244_04900_d_0000011.jpg,4,car,25.999679999999955,12.999960000000016,337.99480001279983,0.0006519961419999997,1.9999815384047277,True,large_small,wide,16_32px,8_16px
1296,20,0000244_04900_d_0000011.jpg,4,car,20.999999999999943,10.999800000000022,230.99579999999983,0.0004455937499999997,1.9091256204658178,True,small,wide,16_32px,8_16px
1297,21,0000249_02073_d_0000007.jpg,4,car,1.9996800000000121,3.000239999999991,5.999519923200018,1.1573148000000035e-05,0.6665066794656488,True,tiny,tall,0_8px,0_8px
1298,21,0000249_02073_d_0000007.jpg,4,car,1.9996800000000121,3.000239999999991,5.999519923200018,1.1573148000000035e-05,0.6665066794656488,True,tiny,tall,0_8px,0_8px
1299,21,0000249_02073_d_0000007.jpg,4,car,4.999680000000126,3.999780000000044,19.99762007040072,3.857565600000139e-05,1.2499887493812336,True,very_small,near_square,0_8px,0_8px
1300,21,0000249_02073_d_0000007.jpg,4,car,4.000320000000045,3.0002400000000193,12.00192007680021,2.3151852000000406e-05,1.3333333333333397,True,tiny,wide,0_8px,0_8px
1301,21,0000249_02073_d_0000007.jpg,4,car,3.000000000000057,3.9997800000000154,11.999340000000274,2.3146875000000527e-05,0.7500412522688861,True,tiny,near_square,0_8px,0_8px
1302,21,0000249_02073_d_0000007.jpg,4,car,4.999680000000069,3.999780000000044,19.997620070400494,3.857565600000095e-05,1.2499887493812194,True,very_small,near_square,0_8px,0_8px
1303,21,0000249_02073_d_0000007.jpg,4,car,4.999680000000069,4.999860000000012,24.997700044800407,4.822087200000079e-05,0.9999639989919831,True,very_small,near_square,0_8px,0_8px
1304,21,0000249_02073_d_0000007.jpg,4,car,4.000320000000045,4.999859999999984,20.00103995520016,3.858225300000031e-05,0.8000864024192792,True,very_small,near_square,0_8px,0_8px
1305,21,0000249_02073_d_0000007.jpg,4,car,13.000319999999931,4.999860000000012,64.99977995519981,0.00012538537799999965,2.600136803830487,True,small,very_wide,8_16px,0_8px
1306,21,0000249_02073_d_0000007.jpg,4,car,11.999999999999943,4.999860000000012,59.998319999999865,0.00011573749999999974,2.4000672018816354,True,very_small,very_wide,8_16px,0_8px
1307,21,0000249_02073_d_0000007.jpg,4,car,6.000000000000114,5.999940000000009,35.99964000000074,6.944375000000143e-05,1.0000100001000183,True,very_small,near_square,0_8px,0_8px
1308,21,0000249_02073_d_0000007.jpg,4,car,7.000320000000045,5.999940000000009,42.00149998080033,8.102141200000064e-05,1.1667316673166788,True,very_small,near_square,0_8px,0_8px
1309,21,0000249_02073_d_0000007.jpg,4,car,4.999680000000069,4.999860000000012,24.997700044800407,4.822087200000079e-05,0.9999639989919831,True,very_small,near_square,0_8px,0_8px
1310,21,0000249_02073_d_0000007.jpg,4,car,7.999679999999955,7.000019999999978,55.99791999359951,0.00010802067899999905,1.1428081634052447,True,very_small,near_square,0_8px,0_8px
1311,21,0000249_02073_d_0000007.jpg,4,car,7.999680000000012,5.999939999999981,47.99760001919992,9.258796299999985e-05,1.3332933329333356,True,very_small,near_square,0_8px,0_8px
1312,21,0000249_02073_d_0000007.jpg,4,car,9.000000000000057,9.00018,81.00162000000051,0.000156253125000001,0.9999800003999982,True,small,near_square,8_16px,8_16px
1313,21,0000249_02073_d_0000007.jpg,4,car,7.999680000000069,10.000259999999997,79.99887991680066,0.00015431882700000127,0.7999472013727714,True,small,near_square,0_8px,8_16px
1314,21,0000249_02073_d_0000007.jpg,4,car,7.999679999999955,10.000259999999969,79.9988799167993,0.00015431882699999864,0.7999472013727623,True,small,near_square,0_8px,8_16px
1315,21,0000249_02073_d_0000007.jpg,4,car,8.999999999999943,8.000100000000003,72.00089999999958,0.00013889062499999918,1.1249859376757714,True,small,near_square,8_16px,8_16px
1316,21,0000249_02073_d_0000007.jpg,4,car,10.000319999999931,10.999799999999993,110.00151993599917,0.0002121942899999984,0.9091365297550807,True,small,near_square,8_16px,8_16px
1317,21,0000249_02073_d_0000007.jpg,4,car,10.000319999999874,9.000179999999972,90.00468005759859,0.00017362013899999728,1.1111244441777726,True,small,near_square,8_16px,8_16px
1318,21,0000249_02073_d_0000007.jpg,4,car,9.0,9.000179999999972,81.00161999999975,0.00015625312499999952,0.9999800003999951,True,small,near_square,8_16px,8_16px
1319,21,0000249_02073_d_0000007.jpg,4,car,10.000319999999988,10.999799999999993,110.0015199359998,0.0002121942899999996,0.9091365297550859,True,small,near_square,8_16px,8_16px
1320,21,0000249_02073_d_0000007.jpg,4,car,22.0003200000001,24.99983999999995,550.0044799488014,0.0010609654320000027,0.8800184321179714,True,large_small,near_square,16_32px,16_32px
1321,21,0000249_02073_d_0000007.jpg,4,car,25.000319999999874,32.99993999999998,825.0090599807954,0.0015914526619999912,0.7575868319760548,True,large_small,near_square,16_32px,32_64px
1322,21,0000249_02073_d_0000007.jpg,4,car,22.999680000000012,39.99995999999999,919.9862800128002,0.0017746648920000004,0.5749925749925755,True,large_small,tall,16_32px,32_64px
1323,21,0000249_02073_d_0000007.jpg,4,car,35.99999999999994,64.00026000000003,2304.0093599999973,0.004444462499999995,0.5624977148530323,False,out_of_range,tall,32_64px,64px_plus
1324,21,0000249_02073_d_0000007.jpg,4,car,28.00031999999993,51.999840000000006,1456.0121599487966,0.002808665431999993,0.5384693491364575,False,out_of_range,tall,16_32px,32_64px
1325,21,0000249_02073_d_0000007.jpg,3,bicycle,33.00000000000003,11.999879999999962,395.9960399999991,0.0007638812499999982,2.7500275002750136,True,large_small,very_wide,32_64px,8_16px
1326,21,0000249_02073_d_0000007.jpg,3,bicycle,30.0,17.99982,539.9946,0.00104165625,1.6666833335000018,True,large_small,wide,16_32px,16_32px
1327,21,0000249_02073_d_0000007.jpg,6,truck,106.99968000000004,65.99988000000002,7061.966040038405,0.013622619676000008,1.621210220382219,False,out_of_range,wide,64px_plus,64px_plus
1328,21,0000249_02073_d_0000007.jpg,10,motor,13.999680000000012,27.0,377.9913600000003,0.0007291500000000007,0.5185066666666671,True,large_small,tall,8_16px,16_32px
1329,21,0000249_02073_d_0000007.jpg,7,tricycle,30.0,48.00005999999996,1440.0017999999989,0.0027777812499999977,0.6249992187509771,False,out_of_range,tall,16_32px,32_64px
1330,21,0000249_02073_d_0000007.jpg,5,van,49.00031999999999,22.00013999999993,1078.0139000447964,0.002079502121999993,2.2272730991711938,False,out_of_range,very_wide,32_64px,16_32px
1331,21,0000249_02073_d_0000007.jpg,4,car,57.0,27.000000000000057,1539.0000000000032,0.002968750000000006,2.1111111111111067,False,out_of_range,very_wide,32_64px,16_32px
1332,21,0000249_02073_d_0000007.jpg,7,tricycle,15.0,24.99983999999995,374.99759999999924,0.0007233749999999985,0.6000038400245774,True,large_small,tall,8_16px,16_32px
1333,21,0000249_02073_d_0000007.jpg,7,tricycle,15.0,17.999820000000057,269.99730000000085,0.0005208281250000017,0.8333416667499982,True,large_small,near_square,8_16px,16_32px
1334,21,0000249_02073_d_0000007.jpg,2,people,7.000319999999988,10.999799999999993,77.00211993599981,0.00014853803999999963,0.6364042982599677,True,small,tall,0_8px,8_16px
1335,21,0000249_02073_d_0000007.jpg,2,people,7.000319999999988,10.000259999999969,70.00502008319967,0.00013504054799999936,0.7000137996412102,True,small,tall,0_8px,8_16px
1336,21,0000249_02073_d_0000007.jpg,2,people,4.999679999999955,10.000259999999969,49.9980999167994,9.644695199999884e-05,0.49995500116996666,True,very_small,very_tall,0_8px,8_16px
1337,21,0000249_02073_d_0000007.jpg,10,motor,7.000319999999931,12.99995999999993,91.00387998719862,0.00017554760799999732,0.5384878107317229,True,small,tall,0_8px,8_16px
1338,21,0000249_02073_d_0000007.jpg,10,motor,6.0,14.000039999999956,84.00023999999974,0.0001620374999999995,0.4285702040851325,True,small,very_tall,0_8px,8_16px
1339,21,0000249_02073_d_0000007.jpg,4,car,16.999679999999955,23.00022000000007,390.99637992960015,0.0007542368440000003,0.7391094519965419,True,large_small,tall,16_32px,16_32px
1340,21,0000249_02073_d_0000007.jpg,4,car,13.999680000000012,16.99974000000003,237.99092008320065,0.00045908742300000124,0.8235231832957437,True,small,near_square,8_16px,16_32px
1341,21,0000249_02073_d_0000007.jpg,2,people,4.999680000000012,8.000100000000003,39.99793996800011,7.715652000000022e-05,0.6249521880976501,True,very_small,tall,0_8px,8_16px
1342,21,0000249_02073_d_0000007.jpg,2,people,4.000320000000045,10.000260000000026,40.00424008320055,7.716867300000106e-05,0.40002159943841803,True,very_small,very_tall,0_8px,8_16px
1343,21,0000249_02073_d_0000007.jpg,2,people,4.999680000000069,9.00018,44.998019942400624,8.68017360000012e-05,0.5555088898222112,True,very_small,tall,0_8px,8_16px
1344,21,0000249_02073_d_0000007.jpg,2,people,4.000320000000045,10.999799999999993,44.00271993600047,8.48817900000009e-05,0.36367206676485453,True,very_small,very_tall,0_8px,8_16px
1345,21,0000249_02073_d_0000007.jpg,2,people,6.000000000000114,11.999879999999962,71.99928000000114,0.0001388875000000022,0.5000050000500116,True,small,tall,0_8px,8_16px
1346,21,0000249_02073_d_0000007.jpg,10,motor,4.999680000000126,12.999959999999987,64.99564001280157,0.00012537739200000304,0.3845919525906334,True,small,very_tall,0_8px,8_16px
1347,21,0000249_02073_d_0000007.jpg,10,motor,4.999680000000012,10.999799999999993,54.9954800640001,0.00010608696000000019,0.4545246277205054,True,very_small,very_tall,0_8px,8_16px
1348,21,0000249_02073_d_0000007.jpg,10,motor,4.000320000000045,10.00025999999994,40.00424008320021,7.71686730000004e-05,0.40002159943842147,True,very_small,very_tall,0_8px,8_16px
1349,21,0000249_02073_d_0000007.jpg,2,people,4.999680000000012,10.000259999999969,49.998099916799966,9.644695199999993e-05,0.4999550011699723,True,very_small,very_tall,0_8px,8_16px
1350,21,0000249_02073_d_0000007.jpg,1,pedestrian,5.999999999999943,16.99974000000003,101.99843999999922,0.00019675624999999848,0.35294657447701744,True,small,very_tall,0_8px,16_32px
1351,21,0000249_02073_d_0000007.jpg,1,pedestrian,4.999680000000012,14.000039999999899,69.99571998719966,0.00013502260799999936,0.35711897966006156,True,small,very_tall,0_8px,8_16px
1352,21,0000249_02073_d_0000007.jpg,7,tricycle,10.999679999999955,16.999740000000088,186.99170008320021,0.0003607092980000004,0.6470498960572278,True,small,tall,8_16px,16_32px
1353,21,0000249_02073_d_0000007.jpg,7,tricycle,7.000320000000102,10.999799999999993,77.00211993600107,0.00014853804000000204,0.636404298259978,True,small,tall,0_8px,8_16px
1354,21,0000249_02073_d_0000007.jpg,7,tricycle,4.000320000000045,7.000019999999978,28.002320006400225,5.401682100000043e-05,0.5714726529352855,True,very_small,tall,0_8px,0_8px
1355,21,0000249_02073_d_0000007.jpg,2,people,3.000000000000057,3.9997800000000154,11.999340000000274,2.3146875000000527e-05,0.7500412522688861,True,tiny,near_square,0_8px,0_8px
1356,21,0000249_02073_d_0000007.jpg,2,people,3.000000000000057,4.999859999999984,14.999580000000236,2.8934375000000454e-05,0.6000168004704265,True,tiny,tall,0_8px,0_8px
1357,21,0000249_02073_d_0000007.jpg,10,motor,1.9996799999999553,3.999780000000044,7.998280070399908,1.5428780999999822e-05,0.4999474971123245,True,tiny,very_tall,0_8px,0_8px
1358,21,0000249_02073_d_0000007.jpg,10,motor,3.000000000000057,4.999859999999984,14.999580000000236,2.8934375000000454e-05,0.6000168004704265,True,tiny,tall,0_8px,0_8px
1359,21,0000249_02073_d_0000007.jpg,1,pedestrian,7.000319999999988,15.000120000000038,105.00564003840009,0.00020255717600000018,0.4666842665258658,True,small,very_tall,0_8px,8_16px
1360,21,0000249_02073_d_0000007.jpg,4,car,13.000320000000045,4.999860000000012,64.99977995520038,0.00012538537800000073,2.6001368038305097,True,small,very_wide,8_16px,0_8px
1361,21,0000249_02073_d_0000007.jpg,9,bus,6.0,8.000100000000003,48.00060000000002,9.259375000000004e-05,0.7499906251171857,True,very_small,tall,0_8px,8_16px
1362,21,0000249_02073_d_0000007.jpg,4,car,16.0003200000001,23.000220000000013,368.01088007040255,0.000709897531000005,0.6956594328228205,True,large_small,tall,16_32px,16_32px
1363,21,0000249_02073_d_0000007.jpg,6,truck,7.000320000000102,8.000100000000003,56.00326003200084,0.00010803098000000162,0.8750290621367356,True,very_small,near_square,0_8px,8_16px
1364,22,0000249_02900_d_0000009.jpg,10,motor,40.000319999999874,27.0,1080.0086399999966,0.0020833499999999934,1.4814933333333287,False,out_of_range,wide,32_64px,16_32px
1365,22,0000249_02900_d_0000009.jpg,2,people,13.999680000000012,22.000139999999988,307.9949199552001,0.0005941260030000001,0.6363450414406463,True,large_small,tall,8_16px,16_32px
1366,22,0000249_02900_d_0000009.jpg,4,car,55.00031999999999,43.99973999999992,2419.999779916795,0.00466820945199999,1.2500146591775336,False,out_of_range,near_square,32_64px,32_64px
1367,22,0000249_02900_d_0000009.jpg,4,car,55.9996799999999,44.99982000000006,2519.9755200575987,0.004861063888999997,1.244442311102574,False,out_of_range,near_square,32_64px,32_64px
1368,22,0000249_02900_d_0000009.jpg,3,bicycle,15.0,25.99992000000003,389.9988000000005,0.0007523125000000009,0.5769248520764673,True,large_small,tall,8_16px,16_32px
1369,22,0000249_02900_d_0000009.jpg,3,bicycle,22.0003200000001,16.99974000000003,373.9997199168024,0.0007214500770000047,1.2941562635663875,True,large_small,near_square,16_32px,16_32px
1370,22,0000249_02900_d_0000009.jpg,7,tricycle,28.000319999999988,22.000139999999988,616.0109600447994,0.0011882927469999988,1.2727337189672432,True,large_small,near_square,16_32px,16_32px
1371,22,0000249_02900_d_0000009.jpg,1,pedestrian,8.999999999999886,23.999759999999924,215.9978399999966,0.00041666249999999344,0.3750037500374968,True,small,very_tall,8_16px,16_32px
1372,22,0000249_02900_d_0000009.jpg,4,car,60.0,16.999739999999974,1019.9843999999985,0.001967562499999997,3.5294657447702193,True,large_small,very_wide,32_64px,16_32px
1373,22,0000249_02900_d_0000009.jpg,4,car,37.9996799999999,55.000080000000025,2089.9854399743954,0.0040316077159999915,0.6909022677785174,False,out_of_range,tall,32_64px,32_64px
1374,22,0000249_02900_d_0000009.jpg,4,car,41.99999999999994,45.999900000000025,1931.9957999999986,0.003726843749999997,0.9130454631423095,False,out_of_range,near_square,32_64px,32_64px
1375,22,0000249_02900_d_0000009.jpg,10,motor,15.0,31.999860000000012,479.9979000000002,0.0009259218750000003,0.46875205079022203,True,large_small,very_tall,8_16px,16_32px
1376,22,0000249_02900_d_0000009.jpg,2,people,13.999680000000012,27.000000000000057,377.9913600000011,0.0007291500000000022,0.518506666666666,True,large_small,tall,8_16px,16_32px
1377,22,0000249_02900_d_0000009.jpg,6,truck,56.99999999999994,62.00009999999992,3534.005699999992,0.006817140624999984,0.9193533558816843,False,out_of_range,near_square,32_64px,32_64px
1378,22,0000249_02900_d_0000009.jpg,4,car,43.00031999999999,51.99983999999995,2236.009759948797,0.004313290431999995,0.8269317751746934,False,out_of_range,near_square,32_64px,32_64px
1379,22,0000249_02900_d_0000009.jpg,4,car,40.99968000000001,57.99977999999999,2377.9724200704,0.0045871381559999995,0.7068937158037499,False,out_of_range,tall,32_64px,32_64px
1380,22,0000249_02900_d_0000009.jpg,4,car,31.99968000000007,42.000119999999924,1343.9903999616006,0.0025925740740000013,0.7618949660143858,False,out_of_range,near_square,16_32px,32_64px
1381,22,0000249_02900_d_0000009.jpg,6,truck,37.00031999999999,43.99973999999992,1628.0044599167963,0.003140440701999993,0.8409213327169673,False,out_of_range,near_square,32_64px,32_64px
1382,22,0000249_02900_d_0000009.jpg,10,motor,9.0,21.000059999999962,189.00053999999966,0.00036458437499999936,0.42857020408513197,True,small,very_tall,8_16px,16_32px
1383,22,0000249_02900_d_0000009.jpg,2,people,7.999680000000012,19.999979999999994,159.9934400064002,0.0003086293210000004,0.3999843999844007,True,small,very_tall,0_8px,16_32px
1384,22,0000249_02900_d_0000009.jpg,2,people,9.0,16.999740000000088,152.9976600000008,0.00029513437500000155,0.5294198617155293,True,small,tall,8_16px,16_32px
1385,22,0000249_02900_d_0000009.jpg,4,car,67.99967999999998,30.00024000000002,2040.0067199232008,0.003935198148000001,2.266637866897063,False,out_of_range,very_wide,64px_plus,16_32px
1386,22,0000249_02900_d_0000009.jpg,7,tricycle,37.00032,23.999759999999924,887.9987999231972,0.0017129606479999947,1.5416954169541746,True,large_small,wide,32_64px,16_32px
1387,22,0000249_02900_d_0000009.jpg,10,motor,19.00031999999996,21.00006000000002,399.0078600191995,0.000769691087999999,0.904774557786975,True,large_small,near_square,16_32px,16_32px
1388,22,0000249_02900_d_0000009.jpg,10,motor,16.999680000000012,21.000059999999962,356.9942999807996,0.0006886464119999992,0.8095062585535491,True,large_small,near_square,16_32px,16_32px
1389,22,0000249_02900_d_0000009.jpg,10,motor,12.0,18.99989999999997,227.99879999999962,0.0004398124999999993,0.6315822714856405,True,small,tall,8_16px,16_32px
1390,22,0000249_02900_d_0000009.jpg,7,tricycle,24.0,19.999979999999994,479.99951999999985,0.0009259249999999998,1.2000012000012004,True,large_small,near_square,16_32px,16_32px
1391,22,0000249_02900_d_0000009.jpg,1,pedestrian,10.000319999999995,16.99974000000003,170.0028399168002,0.0003279375770000004,0.5882631146123397,True,small,tall,8_16px,16_32px
1392,22,0000249_02900_d_0000009.jpg,1,pedestrian,10.99967999999999,17.99982,197.99226005759982,0.00038192951399999966,0.6110994443277761,True,small,tall,8_16px,16_32px
1393,22,0000249_02900_d_0000009.jpg,1,pedestrian,9.0,16.99974000000003,152.99766000000028,0.0002951343750000005,0.5294198617155311,True,small,tall,8_16px,16_32px
1394,22,0000249_02900_d_0000009.jpg,9,bus,40.999679999999955,50.99976000000004,2090.973840076799,0.004033514351999999,0.8039190772662445,False,out_of_range,near_square,32_64px,32_64px
1395,22,0000249_02900_d_0000009.jpg,4,car,28.000319999999988,35.00010000000003,980.0140000320005,0.0018904591050000008,0.8000068571232642,True,large_small,near_square,16_32px,32_64px
1396,22,0000249_02900_d_0000009.jpg,4,car,19.99968000000007,22.00013999999993,439.9957599552001,0.0008487572530000003,0.9090705786417783,True,large_small,near_square,16_32px,16_32px
1397,22,0000249_02900_d_0000009.jpg,4,car,21.0,22.00013999999993,462.00293999999855,0.0008912093749999972,0.9545393802039471,True,large_small,near_square,16_32px,16_32px
1398,22,0000249_02900_d_0000009.jpg,5,van,22.0003200000001,29.000159999999994,638.0128000512028,0.0012307345680000054,0.7586275386066872,True,large_small,near_square,16_32px,16_32px
1399,22,0000249_02900_d_0000009.jpg,1,pedestrian,7.999680000000012,17.999820000000057,143.99280005760068,0.0002777638890000013,0.4444311109777757,True,small,very_tall,0_8px,16_32px
1400,22,0000249_02900_d_0000009.jpg,4,car,22.0003200000001,25.99992000000003,572.0065599744033,0.0011034077160000065,0.8461687574423334,True,large_small,near_square,16_32px,16_32px
1401,22,0000249_02900_d_0000009.jpg,10,motor,7.999679999999955,12.99995999999993,103.99552001279886,0.0002006086419999978,0.6153618934212104,True,small,tall,0_8px,8_16px
1402,22,0000249_02900_d_0000009.jpg,2,people,4.000320000000045,10.999799999999993,44.00271993600047,8.48817900000009e-05,0.36367206676485453,True,very_small,very_tall,0_8px,8_16px
1403,22,0000249_02900_d_0000009.jpg,4,car,21.000000000000114,17.99982,377.99622000000204,0.000729159375000004,1.1666783334500075,True,large_small,near_square,16_32px,16_32px
1404,22,0000249_02900_d_0000009.jpg,10,motor,4.999680000000126,11.999880000000019,59.99556003840161,0.0001157321760000031,0.41664416644167424,True,very_small,very_tall,0_8px,8_16px
1405,22,0000249_02900_d_0000009.jpg,1,pedestrian,6.000000000000114,15.000120000000038,90.00072000000193,0.00017361250000000374,0.39999680002560634,True,small,very_tall,0_8px,8_16px
1406,22,0000249_02900_d_0000009.jpg,10,motor,16.999680000000012,10.000259999999969,170.00121991679958,0.0003279344519999992,1.699923801981155,True,small,wide,16_32px,8_16px
1407,22,0000249_02900_d_0000009.jpg,1,pedestrian,7.000319999999988,17.99982,126.00449994239978,0.00024306423599999957,0.3889105557722237,True,small,very_tall,0_8px,16_32px
1408,22,0000249_02900_d_0000009.jpg,1,pedestrian,6.000000000000114,16.999740000000088,101.99844000000246,0.00019675625000000475,0.35294657447702626,True,small,very_tall,0_8px,16_32px
1409,22,0000249_02900_d_0000009.jpg,1,pedestrian,4.999680000000126,16.000200000000007,79.99587993600204,0.00015431304000000393,0.31247609404883214,True,small,very_tall,0_8px,16_32px
1410,22,0000249_02900_d_0000009.jpg,1,pedestrian,4.999680000000126,15.000120000000038,74.99579996160207,0.00014466782400000401,0.3333093335253393,True,small,very_tall,0_8px,8_16px
1411,22,0000249_02900_d_0000009.jpg,10,motor,7.999679999999898,14.000039999999956,111.99583998719822,0.00021604135799999658,0.5714040817026182,True,small,tall,0_8px,8_16px
1412,22,0000249_02900_d_0000009.jpg,1,pedestrian,7.000320000000102,14.000039999999899,98.00476001280072,0.00018905239200000138,0.5000214285102151,True,small,tall,0_8px,8_16px
1413,22,0000249_02900_d_0000009.jpg,1,pedestrian,4.999680000000126,16.000200000000063,79.99587993600232,0.00015431304000000447,0.31247609404883103,True,small,very_tall,0_8px,16_32px
1414,22,0000249_02900_d_0000009.jpg,2,people,7.000319999999988,5.999940000000095,42.00149998080059,8.102141200000114e-05,1.1667316673166528,True,very_small,near_square,0_8px,0_8px
1415,22,0000249_02900_d_0000009.jpg,7,tricycle,10.999679999999898,15.000120000000038,164.9965199615989,0.0003182803239999979,0.733306133550923,True,small,tall,8_16px,8_16px
1416,22,0000249_02900_d_0000009.jpg,4,car,16.999680000000012,17.99982,305.9911800576002,0.0005902607640000004,0.9444361110277776,True,large_small,near_square,16_32px,16_32px
1417,22,0000249_02900_d_0000009.jpg,4,car,18.0,14.000039999999899,252.00071999999818,0.0004861124999999965,1.2857106122554027,True,small,near_square,16_32px,8_16px
1418,22,0000249_02900_d_0000009.jpg,4,car,33.0,11.999880000000019,395.9960400000006,0.0007638812500000012,2.7500275002749985,True,large_small,very_wide,32_64px,8_16px
1419,22,0000249_02900_d_0000009.jpg,4,car,15.0,15.000120000000038,225.00180000000057,0.0004340312500000011,0.9999920000639969,True,small,near_square,8_16px,8_16px
1420,22,0000249_02900_d_0000009.jpg,7,tricycle,10.000319999999988,12.999959999999987,130.00375998719971,0.00025077885799999945,0.7692577515623124,True,small,near_square,8_16px,8_16px
1421,22,0000249_02900_d_0000009.jpg,4,car,37.00031999999999,23.00022000000007,851.0155000704023,0.0016416194060000044,1.60869417770786,True,large_small,wide,32_64px,16_32px
1422,22,0000249_02900_d_0000009.jpg,1,pedestrian,10.000320000000045,11.999879999999962,120.00263996160015,0.0002314865740000003,0.8333683336833432,True,small,near_square,8_16px,8_16px
1423,22,0000249_02900_d_0000009.jpg,10,motor,7.999680000000012,14.000039999999899,111.99583998719936,0.00021604135799999877,0.5714040817026287,True,small,tall,0_8px,8_16px
1424,22,0000249_02900_d_0000009.jpg,5,van,19.000320000000045,22.000139999999988,418.00970004480075,0.0008063458720000015,0.8636454131655551,True,large_small,near_square,16_32px,16_32px
1425,22,0000249_02900_d_0000009.jpg,4,car,16.99968000000007,16.99974000000003,288.9901400832017,0.0005574655480000033,0.9999964705342574,True,large_small,near_square,16_32px,16_32px
1426,22,0000249_02900_d_0000009.jpg,5,van,15.0,17.999819999999943,269.99729999999914,0.0005208281249999984,0.8333416667500034,True,large_small,near_square,8_16px,16_32px
1427,22,0000249_02900_d_0000009.jpg,4,car,18.000000000000114,18.999900000000025,341.9982000000026,0.000659718750000005,0.9473734072284639,True,large_small,near_square,16_32px,16_32px
1428,22,0000249_02900_d_0000009.jpg,9,bus,28.00031999999993,32.99993999999998,924.0088799807972,0.0017824245369999947,0.8484960881747041,True,large_small,near_square,16_32px,32_64px
1429,22,0000249_02900_d_0000009.jpg,4,car,16.000319999999988,14.000040000000013,224.00512001280003,0.00043210864200000004,1.1428767346378992,True,small,near_square,16_32px,8_16px
1430,22,0000249_02900_d_0000009.jpg,4,car,11.999999999999943,10.999800000000022,131.99759999999964,0.0002546249999999993,1.090928925980465,True,small,near_square,8_16px,8_16px
1431,22,0000249_02900_d_0000009.jpg,7,tricycle,8.999999999999886,12.999959999999987,116.99963999999841,0.00022569374999999693,0.6923098224917534,True,small,tall,8_16px,8_16px
1432,22,0000249_02900_d_0000009.jpg,10,motor,6.000000000000114,10.000259999999969,60.00156000000095,0.00011574375000000183,0.5999844004056027,True,very_small,tall,0_8px,8_16px
1433,22,0000249_02900_d_0000009.jpg,2,people,4.000319999999988,10.000259999999969,40.004240083199754,7.716867299999952e-05,0.40002159943841464,True,very_small,very_tall,0_8px,8_16px
1434,22,0000249_02900_d_0000009.jpg,4,car,13.000319999999988,12.999959999999987,169.00363998719968,0.00032601010799999936,1.0000276923928997,True,small,near_square,8_16px,8_16px
1435,22,0000249_02900_d_0000009.jpg,8,awning-tricycle,7.999680000000012,10.999800000000022,87.99488006400031,0.0001697432100000006,0.7272568592156218,True,small,tall,0_8px,8_16px
1436,22,0000249_02900_d_0000009.jpg,4,car,22.999680000000012,10.999799999999993,252.991880064,0.00048802446,2.090918016691215,True,small,very_wide,16_32px,8_16px
1437,22,0000249_02900_d_0000009.jpg,4,car,22.99968000000007,10.000259999999969,230.00277991679997,0.00044367820199999993,2.299908202386752,True,small,very_wide,16_32px,8_16px
1438,22,0000249_02900_d_0000009.jpg,1,pedestrian,4.999680000000126,10.999799999999993,54.99548006400135,0.0001060869600000026,0.4545246277205157,True,very_small,very_tall,0_8px,8_16px
1439,22,0000249_02900_d_0000009.jpg,1,pedestrian,4.000320000000102,10.000259999999997,40.004240083201005,7.716867300000194e-05,0.40002159943842486,True,very_small,very_tall,0_8px,8_16px
1440,22,0000249_02900_d_0000009.jpg,4,car,15.0,16.999740000000003,254.99610000000004,0.000491890625,0.8823664361925534,True,small,near_square,8_16px,16_32px
1441,22,0000249_02900_d_0000009.jpg,7,tricycle,4.999680000000126,7.000019999999978,34.99785999360077,6.751130400000148e-05,0.7142379593201365,True,very_small,tall,0_8px,0_8px
1442,22,0000249_02900_d_0000009.jpg,2,people,3.0000000000001137,7.000019999999978,21.00006000000073,4.050937500000141e-05,0.4285702040851488,True,very_small,very_tall,0_8px,0_8px
1443,22,0000249_02900_d_0000009.jpg,4,car,10.999680000000012,10.000259999999969,109.99965991679977,0.00021219070199999957,1.0999394015755637,True,small,near_square,8_16px,8_16px
1444,22,0000249_02900_d_0000009.jpg,4,car,10.999680000000012,10.000259999999969,109.99965991679977,0.00021219070199999957,1.0999394015755637,True,small,near_square,8_16px,8_16px
1445,22,0000249_02900_d_0000009.jpg,4,car,10.999680000000012,10.000259999999969,109.99965991679977,0.00021219070199999957,1.0999394015755637,True,small,near_square,8_16px,8_16px
1446,22,0000249_02900_d_0000009.jpg,4,car,10.000319999999988,10.000259999999969,100.00580008319957,0.00019291242299999918,1.000005999844006,True,small,near_square,8_16px,8_16px
1447,22,0000249_02900_d_0000009.jpg,4,car,19.999680000000012,8.000100000000032,159.99943996800073,0.0003086408950000014,2.4999287508906054,True,small,very_wide,16_32px,8_16px
1448,22,0000249_02900_d_0000009.jpg,4,car,12.0,9.00018,108.00216,0.00020833750000000002,1.3333066671999894,True,small,near_square,8_16px,8_16px
1449,22,0000249_02900_d_0000009.jpg,4,car,10.000319999999988,7.000019999999978,70.0024400063997,0.0001350355709999994,1.4286130611055425,True,small,wide,8_16px,0_8px
1450,22,0000249_02900_d_0000009.jpg,4,car,15.0,8.000100000000003,120.00150000000005,0.0002314843750000001,1.8749765627929642,True,small,wide,8_16px,8_16px
1451,22,0000249_02900_d_0000009.jpg,4,car,8.999999999999886,8.000100000000003,72.00089999999912,0.0001388906249999983,1.1249859376757643,True,small,near_square,8_16px,8_16px
1452,22,0000249_02900_d_0000009.jpg,4,car,8.999999999999886,7.000019999999978,63.000179999999006,0.00012152812499999808,1.2857106122553814,True,very_small,near_square,8_16px,0_8px
1453,22,0000249_02900_d_0000009.jpg,4,car,8.999999999999886,7.0000199999999495,63.00017999999875,0.00012152812499999758,1.2857106122553865,True,very_small,near_square,8_16px,0_8px
1454,22,0000249_02900_d_0000009.jpg,4,car,7.000320000000102,5.999939999999981,42.001499980800475,8.102141200000091e-05,1.1667316673166939,True,very_small,near_square,0_8px,0_8px
1455,22,0000249_02900_d_0000009.jpg,7,tricycle,4.999680000000126,4.999860000000012,24.99770004480069,4.8220872000001336e-05,0.9999639989919945,True,very_small,near_square,0_8px,0_8px
1456,22,0000249_02900_d_0000009.jpg,2,people,1.9996800000001258,3.999780000000044,7.9982800704005905,1.542878100000114e-05,0.49994749711236713,True,tiny,very_tall,0_8px,0_8px
1457,22,0000249_02900_d_0000009.jpg,4,car,7.000320000000102,7.000019999999978,49.00238000640056,9.452619600000107e-05,1.0000428570204263,True,very_small,near_square,0_8px,0_8px
1458,22,0000249_02900_d_0000009.jpg,4,car,6.000000000000114,5.999939999999981,35.99964000000057,6.94437500000011e-05,1.0000100001000232,True,very_small,near_square,0_8px,0_8px
1459,22,0000249_02900_d_0000009.jpg,4,car,7.000320000000102,7.000019999999978,49.00238000640056,9.452619600000107e-05,1.0000428570204263,True,very_small,near_square,0_8px,0_8px
1460,22,0000249_02900_d_0000009.jpg,10,motor,3.0000000000001137,4.999860000000012,14.999580000000606,2.893437500000117e-05,0.6000168004704344,True,tiny,tall,0_8px,0_8px
1461,22,0000249_02900_d_0000009.jpg,2,people,3.0000000000001137,4.999860000000012,14.999580000000606,2.893437500000117e-05,0.6000168004704344,True,tiny,tall,0_8px,0_8px
1462,22,0000249_02900_d_0000009.jpg,9,bus,8.999999999999886,10.000259999999969,90.00233999999858,0.00017361562499999727,0.8999766006083756,True,small,near_square,8_16px,8_16px
1463,22,0000249_02900_d_0000009.jpg,4,car,7.999679999999898,5.999939999999981,47.99760001919924,9.258796299999854e-05,1.3332933329333165,True,very_small,near_square,0_8px,0_8px
1464,22,0000249_02900_d_0000009.jpg,6,truck,8.999999999999886,10.000259999999969,90.00233999999858,0.00017361562499999727,0.8999766006083756,True,small,near_square,8_16px,8_16px
1465,23,0000269_00601_d_0000351.jpg,4,car,60.00048000000004,77.00031000000007,4620.055560148807,0.004440653172000006,0.7792238758519282,False,out_of_range,near_square,32_64px,64px_plus
1466,23,0000269_00601_d_0000351.jpg,4,car,44.000080000000025,45.00036,1980.0194400288012,0.0019031328720000012,0.9777717333816891,False,out_of_range,near_square,32_64px,32_64px
1467,23,0000269_00601_d_0000351.jpg,4,car,37.99976000000004,37.99984499999994,1443.984990037199,0.001387913292999999,0.9999977631487734,False,out_of_range,near_square,32_64px,32_64px
1468,23,0000269_00601_d_0000351.jpg,4,car,30.000240000000076,30.00024000000002,900.0144000576029,0.0008650657440000027,1.000000000000002,True,large_small,near_square,16_32px,16_32px
1469,23,0000269_00601_d_0000351.jpg,4,car,23.999919999999975,24.00034499999998,576.006359972399,0.000553639330999999,0.99998229192122,True,large_small,near_square,16_32px,16_32px
1470,23,0000269_00601_d_0000351.jpg,4,car,26.000479999999925,28.999619999999936,754.0040398175962,0.0007247251439999963,0.89658002415204,True,large_small,near_square,16_32px,16_32px
1471,23,0000269_00601_d_0000351.jpg,4,car,34.0,26.99991000000003,917.9969400000009,0.0008823500000000008,1.259263456804114,True,large_small,near_square,32_64px,16_32px
1472,23,0000269_00601_d_0000351.jpg,4,car,85.99959999999987,33.999660000000006,2923.957160135996,0.0028104163399999965,2.5294252942529383,False,out_of_range,very_wide,64px_plus,32_64px
1473,23,0000269_00601_d_0000351.jpg,4,car,37.00016000000005,38.99970000000002,1442.9951399520028,0.0013869618800000027,0.9487293492001229,False,out_of_range,near_square,32_64px,32_64px
1474,23,0000269_00601_d_0000351.jpg,4,car,37.000160000000164,32.99980499999998,1220.9980649688048,0.0011735852220000045,1.1212235951091283,False,out_of_range,near_square,32_64px,32_64px
1475,23,0000269_00601_d_0000351.jpg,4,car,19.00055999999995,17.999685000000028,342.00409482359964,0.00032872365899999965,1.055605139756608,True,large_small,near_square,16_32px,16_32px
1476,23,0000269_00601_d_0000351.jpg,4,car,17.9996000000001,20.000159999999994,359.9948799360019,0.0003460158400000018,0.8999728002176035,True,large_small,near_square,16_32px,16_32px
1477,23,0000269_00601_d_0000351.jpg,4,car,24.999519999999848,16.999830000000003,424.9875900815975,0.0004084848039999976,1.4705747057470482,True,large_small,wide,16_32px,16_32px
1478,23,0000269_00601_d_0000351.jpg,4,car,16.000400000000013,19.000304999999983,304.012480122,0.000292207305,0.8421127976629863,True,large_small,near_square,16_32px,16_32px
1479,23,0000269_00601_d_0000351.jpg,4,car,17.999600000000214,15.999975000000006,287.99315001000355,0.0002768100250000034,1.1249767577761969,True,large_small,near_square,16_32px,8_16px
1480,23,0000269_00601_d_0000351.jpg,4,car,13.00024000000019,11.999790000000004,156.00014994960233,0.00014994247400000225,1.0833722923484648,True,small,near_square,8_16px,8_16px
1481,23,0000269_00601_d_0000351.jpg,4,car,21.999360000000024,21.999870000000016,483.9830600832009,0.00046518940800000083,0.9999768180448343,True,large_small,near_square,16_32px,16_32px
1482,23,0000269_00601_d_0000351.jpg,4,car,24.999519999999848,27.999764999999996,699.9806851127956,0.0006727995819999958,0.8928474935414583,True,large_small,near_square,16_32px,16_32px
1483,23,0000269_00601_d_0000351.jpg,4,car,10.000079999999912,11.999790000000004,119.99885998319898,0.00011533915799999902,0.8333545837052072,True,small,near_square,8_16px,8_16px
1484,23,0000269_00601_d_0000351.jpg,4,car,68.0,31.99995000000004,2175.9966000000027,0.0020915000000000026,2.1250033203176852,False,out_of_range,very_wide,64px_plus,16_32px
1485,23,0000269_00601_d_0000351.jpg,4,car,60.000479999999996,32.99980499999998,1980.0041399063987,0.0019031181659999988,1.8182071075874549,False,out_of_range,wide,32_64px,32_64px
1486,23,0000269_00601_d_0000351.jpg,4,car,75.99951999999996,42.99988499999995,3267.9706200551946,0.003141071337999995,1.7674354245366017,False,out_of_range,wide,64px_plus,32_64px
1487,23,0000269_00601_d_0000351.jpg,4,car,23.999919999999975,21.00001499999999,503.9986799987992,0.00048442779699999926,1.1428525170101063,True,large_small,near_square,16_32px,16_32px
1488,23,0000269_00601_d_0000351.jpg,4,car,16.000400000000013,15.999975000000006,256.0059999900003,0.00024606497500000027,1.0000265625415043,True,large_small,near_square,16_32px,8_16px
1489,23,0000269_00601_d_0000351.jpg,4,car,20.00016000000005,17.999685000000028,359.9965799496015,0.0003460174740000014,1.1111394449402876,True,large_small,near_square,16_32px,16_32px
1490,23,0000269_00601_d_0000351.jpg,4,car,13.99983999999995,15.00012000000001,209.99927998079937,0.0002018447519999994,0.9333152001450615,True,small,near_square,8_16px,8_16px
1491,23,0000269_00601_d_0000351.jpg,4,car,14.999439999999936,12.999645000000015,194.9873951987994,0.0001874157969999994,1.153834585482905,True,small,near_square,8_16px,8_16px
1492,23,0000269_00601_d_0000351.jpg,4,car,13.00024000000019,12.999644999999994,168.9985049148024,0.0001624360870000023,1.0000457704806704,True,small,near_square,8_16px,8_16px
1493,23,0000269_00601_d_0000351.jpg,4,car,19.00055999999995,19.000304999999997,361.016435170799,0.00034699772699999903,1.0000134208371894,True,large_small,near_square,16_32px,16_32px
1494,23,0000269_00601_d_0000351.jpg,4,car,17.0,17.999685000000028,305.99464500000045,0.0002941125000000004,0.9444609725114619,True,large_small,near_square,16_32px,16_32px
1495,23,0000269_00601_d_0000351.jpg,4,car,20.99976000000015,25.000199999999978,524.9981999520033,0.0005046118800000032,0.8399836801305657,True,large_small,near_square,16_32px,16_32px
1496,23,0000269_00601_d_0000351.jpg,5,van,27.000079999999798,26.99991000000003,728.9997299927953,0.0007006917819999955,1.0000062963172756,True,large_small,near_square,16_32px,16_32px
1497,23,0000269_00601_d_0000351.jpg,4,car,23.0003200000001,24.00034499999998,552.015615110402,0.0005305801760000019,0.9583328906313688,True,large_small,near_square,16_32px,16_32px
1498,23,0000269_00601_d_0000351.jpg,5,van,24.999519999999848,33.999660000000034,849.9751801631957,0.0008169696079999958,0.7352873528735235,True,large_small,tall,16_32px,32_64px
1499,23,0000269_00601_d_0000351.jpg,5,van,30.000240000000076,41.000174999999984,1230.0150900420026,0.0011822521050000026,0.7317100475790673,False,out_of_range,tall,16_32px,32_64px
1500,23,0000269_00601_d_0000351.jpg,4,car,29.000639999999862,30.00023999999999,870.0261601535956,0.0008362419839999958,0.9666802665578632,True,large_small,near_square,16_32px,16_32px
1501,23,0000269_00601_d_0000351.jpg,4,car,33.999999999999886,42.99988499999995,1461.9960899999935,0.0014052249999999937,0.7906997890808295,False,out_of_range,near_square,32_64px,32_64px
1502,23,0000269_00601_d_0000351.jpg,4,car,27.999680000000012,30.00024000000002,839.9971199232009,0.0008073790080000008,0.9333152001450653,True,large_small,near_square,16_32px,16_32px
1503,23,0000269_00601_d_0000351.jpg,4,car,33.0003999999999,35.00028000000003,1155.0232401119974,0.0011101722799999976,0.9428610285403394,False,out_of_range,near_square,32_64px,32_64px
1504,23,0000269_00601_d_0000351.jpg,4,car,54.999759999999924,37.99984499999994,2089.9823550371934,0.0020088257929999935,1.4473680090010899,False,out_of_range,wide,32_64px,32_64px
1505,23,0000269_00601_d_0000351.jpg,4,car,16.999999999999886,15.00012000000001,255.00203999999846,0.00024509999999999853,1.1333242667391912,True,small,near_square,16_32px,8_16px
1506,23,0000269_00601_d_0000351.jpg,4,car,10.999680000000126,11.999790000000004,131.99385006720155,0.0001268683680000015,0.9166560414807361,True,small,near_square,8_16px,8_16px
1507,23,0000269_00601_d_0000351.jpg,5,van,10.000079999999912,10.000079999999997,100.00160000639909,9.611841599999913e-05,0.9999999999999915,True,small,near_square,8_16px,8_16px
1508,23,0000269_00601_d_0000351.jpg,4,car,9.000480000000039,9.000224999999993,81.00634510800029,7.786077000000027e-05,1.0000283326250228,True,small,near_square,8_16px,8_16px
1509,23,0000269_00601_d_0000351.jpg,4,car,9.000480000000039,8.000369999999997,72.00717017760027,6.921104400000026e-05,1.1250079683814678,True,small,near_square,8_16px,8_16px
1510,23,0000269_00601_d_0000351.jpg,4,car,10.000079999999912,8.000369999999997,80.00434002959926,7.689767399999929e-05,1.2499521897112154,True,small,near_square,8_16px,8_16px
1511,23,0000269_00601_d_0000351.jpg,4,car,6.999920000000088,8.000369999999997,56.00194997040068,5.3827326000000654e-05,0.8749495335840831,True,very_small,near_square,0_8px,8_16px
1512,23,0000269_00601_d_0000351.jpg,4,car,9.000480000000039,10.00008,90.00552003840039,8.651049600000037e-05,0.9000407996736064,True,small,near_square,8_16px,8_16px
1513,23,0000269_00601_d_0000351.jpg,4,car,6.999919999999975,6.999750000000002,48.99769001999984,4.709504999999984e-05,1.0000242865816598,True,very_small,near_square,0_8px,0_8px
1514,23,0000269_00601_d_0000351.jpg,1,pedestrian,7.999519999999961,16.999830000000003,135.99048008159937,0.0001307098039999994,0.4705647056470541,True,small,very_tall,0_8px,16_32px
1515,23,0000269_00601_d_0000351.jpg,1,pedestrian,9.000480000000039,25.000200000000007,225.01380009600103,0.000216276240000001,0.3600163198694425,True,small,very_tall,8_16px,16_32px
1516,23,0000269_00601_d_0000351.jpg,1,pedestrian,9.000479999999925,30.00024000000002,270.01656011519793,0.000259531487999998,0.3000135998911982,True,large_small,very_tall,8_16px,16_32px
1517,23,0000269_00601_d_0000351.jpg,1,pedestrian,10.000079999999912,27.999764999999968,279.9998899811972,0.0002691271529999973,0.3571487117838283,True,large_small,very_tall,8_16px,16_32px
1518,23,0000269_00601_d_0000351.jpg,4,car,37.99976000000004,49.999634999999955,1899.9741300876,0.001826195819,0.7600007480054619,False,out_of_range,near_square,32_64px,32_64px
1519,23,0000269_00601_d_0000351.jpg,1,pedestrian,12.000639999999862,42.00003000000004,504.02724001919466,0.0004844552479999949,0.28572931971714904,True,large_small,very_tall,8_16px,32_64px
1520,23,0000269_00601_d_0000351.jpg,2,people,17.0,24.000345000000095,408.0058650000016,0.00039216250000000157,0.7083231511880322,True,large_small,tall,16_32px,16_32px
1521,23,0000269_00601_d_0000351.jpg,2,people,14.999439999999936,20.000159999999994,299.9911999103986,0.00028834217599999867,0.7499660002719949,True,large_small,tall,8_16px,16_32px
1522,23,0000269_00601_d_0000351.jpg,2,people,16.000400000000013,26.000054999999975,416.01128002199994,0.00039985705499999993,0.6153986981950627,True,large_small,tall,16_32px,16_32px
1523,23,0000269_00601_d_0000351.jpg,2,people,13.000239999999962,22.999724999999955,299.0019449339986,0.0002873913349999986,0.5652345843265512,True,large_small,tall,8_16px,16_32px
1524,23,0000269_00601_d_0000351.jpg,2,people,20.000160000000164,30.000239999999906,600.009600038403,0.0005767104960000029,0.6666666666666743,True,large_small,tall,16_32px,16_32px
1525,23,0000269_00601_d_0000351.jpg,10,motor,20.000160000000164,30.000239999999962,600.0096000384042,0.000576710496000004,0.666666666666673,True,large_small,tall,16_32px,16_32px
1526,23,0000269_00601_d_0000351.jpg,7,tricycle,33.0003999999999,45.00036,1485.0298801439956,0.0014273643599999957,0.7333363555313758,False,out_of_range,tall,32_64px,32_64px
1527,23,0000269_00601_d_0000351.jpg,4,car,68.00000000000011,100.00003500000003,6800.0023800000135,0.0065359500000000135,0.6799997620000843,False,out_of_range,tall,64px_plus,64px_plus
1528,23,0000269_00601_d_0000351.jpg,4,car,71.99975999999992,110.00011500000005,7919.981879972395,0.007612439330999995,0.6545425884327475,False,out_of_range,tall,64px_plus,64px_plus
1529,23,0000269_00601_d_0000351.jpg,2,people,24.999519999999848,38.999700000000075,974.9737801439959,0.000937114359999996,0.6410182642430531,True,large_small,tall,16_32px,32_64px
1530,23,0000269_00601_d_0000351.jpg,10,motor,33.99999999999977,35.00028000000009,1190.009519999995,0.0011437999999999952,0.9714208000621619,False,out_of_range,near_square,32_64px,32_64px
1531,23,0000269_00601_d_0000351.jpg,1,pedestrian,19.00055999999995,52.999964999999975,1007.0290149803969,0.000967924850999997,0.3585013688216579,True,large_small,very_tall,16_32px,32_64px
1532,23,0000269_00601_d_0000351.jpg,4,car,58.999520000000075,33.999660000000006,2005.963620163203,0.0019280696080000027,1.7352973529735316,False,out_of_range,wide,32_64px,32_64px
1533,23,0000269_00601_d_0000351.jpg,1,pedestrian,10.999680000000126,24.00034499999998,263.99611488960284,0.0002537448240000027,0.45831341174471174,True,large_small,very_tall,8_16px,16_32px
1534,23,0000269_00601_d_0000351.jpg,1,pedestrian,10.000080000000025,19.00030499999997,190.00457002440018,0.0001826264610000002,0.5263115513145732,True,small,tall,8_16px,16_32px
1535,23,0000269_00601_d_0000351.jpg,1,pedestrian,10.000080000000025,21.99986999999996,220.00045998960016,0.00021145757400000016,0.4545517768968655,True,small,very_tall,8_16px,16_32px
1536,23,0000269_00601_d_0000351.jpg,1,pedestrian,14.999439999999822,24.00034499999998,359.9917348067955,0.00034601281699999563,0.6249676827562202,True,large_small,tall,8_16px,16_32px
1537,23,0000269_00601_d_0000351.jpg,1,pedestrian,10.999680000000126,26.999910000000057,296.990370028804,0.00028545787200000386,0.4073969135452712,True,large_small,very_tall,8_16px,16_32px
1538,23,0000269_00601_d_0000351.jpg,2,people,13.000240000000076,22.999725000000012,299.0019449340019,0.0002873913350000019,0.5652345843265547,True,large_small,tall,8_16px,16_32px
1539,23,0000269_00601_d_0000351.jpg,2,people,10.000079999999912,15.000119999999981,150.0024000095985,0.00014417762399999854,0.6666666666666616,True,small,tall,8_16px,8_16px
1540,23,0000269_00601_d_0000351.jpg,2,people,12.000639999999976,17.999685,216.00773979839957,0.0002076198959999996,0.6667138897152909,True,small,tall,8_16px,16_32px
1541,23,0000269_00601_d_0000351.jpg,10,motor,13.99983999999995,21.99986999999996,307.9946600207983,0.00029603485199999836,0.6363601239461858,True,large_small,tall,8_16px,16_32px
1542,23,0000269_00601_d_0000351.jpg,10,motor,23.999919999999975,17.999685,431.9910000251995,0.00041521626299999954,1.3333522225527823,True,large_small,wide,16_32px,16_32px
1543,23,0000269_00601_d_0000351.jpg,6,truck,57.99992000000009,77.00031000000007,4466.0118199752105,0.00429259113800001,0.7532426817502428,False,out_of_range,near_square,32_64px,64px_plus
1544,23,0000269_00601_d_0000351.jpg,4,car,33.00040000000001,26.00005500000003,858.0122150220014,0.0008246945550000014,1.2692434689080454,True,large_small,near_square,32_64px,16_32px
1545,23,0000269_00601_d_0000351.jpg,4,car,30.000240000000076,27.999764999999996,839.999669943602,0.000807381459000002,1.071446135351496,True,large_small,near_square,16_32px,16_32px
1546,23,0000269_00601_d_0000351.jpg,4,car,27.999680000000126,28.999619999999965,811.9800801216027,0.0007804499040000026,0.9655188585229793,True,large_small,near_square,16_32px,16_32px
1547,23,0000269_00601_d_0000351.jpg,2,people,7.999520000000075,16.999830000000003,135.9904800816013,0.00013070980400000124,0.4705647056470608,True,small,very_tall,0_8px,16_32px
1548,23,0000269_00601_d_0000351.jpg,2,people,12.00064000000009,24.00034499999998,288.01950022080194,0.00027683535200000186,0.5000194788866618,True,large_small,tall,8_16px,16_32px
1549,23,0000269_00601_d_0000351.jpg,2,people,6.000320000000102,10.999934999999965,66.0031299792009,6.344014800000087e-05,0.545486859695091,True,small,tall,0_8px,8_16px
1550,23,0000269_00601_d_0000351.jpg,10,motor,6.000320000000102,10.99993499999998,66.00312997920099,6.344014800000096e-05,0.5454868596950903,True,small,tall,0_8px,8_16px
1551,23,0000269_00601_d_0000351.jpg,10,motor,9.000479999999925,15.00012000000001,135.00828005759897,0.000129765743999999,0.6000271997823964,True,small,tall,8_16px,8_16px
1552,23,0000269_00601_d_0000351.jpg,10,motor,6.000320000000102,8.000370000000018,48.00478011840092,4.614069600000089e-05,0.7500053122543192,True,very_small,near_square,0_8px,8_16px
1553,23,0000269_00601_d_0000351.jpg,2,people,6.000320000000102,9.000225000000029,54.004230072001086,5.1907180000001046e-05,0.6666855550833543,True,very_small,tall,0_8px,8_16px
1554,23,0000269_00601_d_0000351.jpg,1,pedestrian,3.999760000000151,10.000079999999997,39.9979199808015,3.844475200000144e-05,0.3999728002176135,True,very_small,very_tall,0_8px,8_16px
1555,23,0000269_00601_d_0000351.jpg,1,pedestrian,3.9997600000000375,10.999934999999994,43.99710001560039,4.228863900000037e-05,0.36361669409865055,True,very_small,very_tall,0_8px,8_16px
1556,23,0000269_00601_d_0000351.jpg,4,car,13.000240000000076,12.999644999999987,168.9985049148008,0.00016243608700000078,1.0000457704806622,True,small,near_square,8_16px,8_16px
1557,23,0000269_00601_d_0000351.jpg,4,car,71.99976000000004,40.000320000000045,2880.0134399232047,0.0027681790080000047,1.7999796001631976,False,out_of_range,wide,64px_plus,32_64px
1558,24,0000271_06401_d_0000404.jpg,4,car,80.00063999999998,121.00004999999999,9680.081440031996,0.009304192079999996,0.6611620408421317,False,out_of_range,tall,64px_plus,64px_plus
1559,24,0000271_06401_d_0000404.jpg,4,car,48.999439999999936,58.999859999999956,2890.960100078394,0.0027787005959999944,0.8305009537310762,False,out_of_range,near_square,32_64px,32_64px
1560,24,0000271_06401_d_0000404.jpg,4,car,44.00007999999991,42.00002999999998,1848.0046800023954,0.0017762444059999955,1.047620204080805,False,out_of_range,near_square,32_64px,32_64px
1561,24,0000271_06401_d_0000404.jpg,4,car,82.99943999999999,30.00024000000002,2490.0031198656015,0.0023933132640000013,2.766625866993062,False,out_of_range,very_wide,64px_plus,16_32px
1562,24,0000271_06401_d_0000404.jpg,4,car,72.99935999999991,35.000280000000004,2554.998039820797,0.002455784351999997,2.0856793145654806,False,out_of_range,very_wide,64px_plus,32_64px
1563,24,0000271_06401_d_0000404.jpg,4,car,71.99976000000004,33.999660000000034,2447.9673600816036,0.0023529098040000035,2.1176611766117652,False,out_of_range,very_wide,64px_plus,32_64px
1564,24,0000271_06401_d_0000404.jpg,4,car,68.00000000000006,28.99962000000002,1971.9741600000032,0.001895400000000003,2.3448583119365014,False,out_of_range,very_wide,64px_plus,16_32px
1565,24,0000271_06401_d_0000404.jpg,4,car,64.99984,28.999619999999993,1884.9706600607997,0.0018117749519999996,2.2414031632138633,False,out_of_range,very_wide,64px_plus,16_32px
1566,24,0000271_06401_d_0000404.jpg,4,car,63.00064000000003,26.000055000000003,1638.0201050352011,0.0015744137880000012,2.4230964126806662,False,out_of_range,very_wide,32_64px,16_32px
1567,24,0000271_06401_d_0000404.jpg,4,car,60.00047999999998,26.000054999999975,1560.015780026398,0.0014994384659999982,2.3077058875452394,False,out_of_range,very_wide,32_64px,16_32px
1568,24,0000271_06401_d_0000404.jpg,10,motor,20.999760000000038,17.999685000000028,377.9890650756013,0.00036331128900000124,1.1666737501239608,True,large_small,near_square,16_32px,16_32px
1569,24,0000271_06401_d_0000404.jpg,5,van,30.000240000000076,31.99995,960.0061799880024,0.0009227279700000023,0.93750896485776,True,large_small,near_square,16_32px,16_32px
1570,24,0000271_06401_d_0000404.jpg,5,van,26.000479999999982,26.99991,702.0106199567995,0.0006747506919999995,0.9629839506872424,True,large_small,near_square,16_32px,16_32px
1571,24,0000271_06401_d_0000404.jpg,1,pedestrian,7.999520000000018,20.000160000000008,159.99167992320042,0.0001537790080000004,0.399972800217599,True,small,very_tall,0_8px,16_32px
1572,24,0000271_06401_d_0000404.jpg,1,pedestrian,7.999520000000075,16.999830000000003,135.9904800816013,0.00013070980400000124,0.4705647056470608,True,small,very_tall,0_8px,16_32px
1573,24,0000271_06401_d_0000404.jpg,1,pedestrian,7.999520000000075,19.000304999999997,151.9933198536014,0.00014609123400000136,0.42102060993231827,True,small,very_tall,0_8px,16_32px
1574,24,0000271_06401_d_0000404.jpg,1,pedestrian,10.000079999999912,26.999910000000057,270.00125999279817,0.00025951678199999823,0.37037456791522233,True,large_small,very_tall,8_16px,16_32px
1575,24,0000271_06401_d_0000404.jpg,1,pedestrian,10.000079999999912,24.00034499999998,240.0053700275977,0.0002306856689999978,0.41666401045484636,True,small,very_tall,8_16px,16_32px
1576,24,0000271_06401_d_0000404.jpg,1,pedestrian,7.999519999999961,22.999725000000012,183.9867601319992,0.00017684232999999925,0.3478093759816675,True,small,very_tall,0_8px,16_32px
1577,24,0000271_06401_d_0000404.jpg,1,pedestrian,13.99983999999995,27.999764999999968,391.9922300375981,0.0003767706939999982,0.49999848213011666,True,large_small,very_tall,8_16px,16_32px
1578,24,0000271_06401_d_0000404.jpg,4,car,26.000479999999925,25.000199999999978,650.0172000959975,0.0006247762399999976,1.0400108799129586,True,large_small,near_square,16_32px,16_32px
1579,24,0000271_06401_d_0000404.jpg,4,car,21.999360000000024,21.99987,483.98306008320054,0.0004651894080000005,0.999976818044835,True,large_small,near_square,16_32px,16_32px
1580,24,0000271_06401_d_0000404.jpg,4,car,23.0003200000001,19.000304999999997,437.0130950976019,0.0004200433440000018,1.2105237258033545,True,large_small,near_square,16_32px,16_32px
1581,24,0000271_06401_d_0000404.jpg,4,car,19.00055999999995,17.999685000000007,342.00409482359925,0.00032872365899999927,1.0556051397566093,True,large_small,near_square,16_32px,16_32px
1582,24,0000271_06401_d_0000404.jpg,4,car,33.0003999999999,19.000305,627.0176651219981,0.0006026698049999982,1.7368352771179145,True,large_small,wide,32_64px,16_32px
1583,24,0000271_06401_d_0000404.jpg,4,car,19.000559999999837,21.99987,418.00984992719646,0.0004017780179999966,0.863666921668166,True,large_small,near_square,16_32px,16_32px
1584,24,0000271_06401_d_0000404.jpg,4,car,36.00055999999984,38.99970000000002,1404.0110398319944,0.0013494915799999946,0.9230983828080682,False,out_of_range,near_square,32_64px,32_64px
1585,24,0000271_06401_d_0000404.jpg,2,people,10.999680000000126,24.00034500000004,263.99611488960346,0.00025374482400000335,0.4583134117447107,True,large_small,very_tall,8_16px,16_32px
1586,24,0000271_06401_d_0000404.jpg,10,motor,10.999680000000126,20.00016000000005,219.99535994880307,0.00021145267200000295,0.5499796001632036,True,small,tall,8_16px,16_32px
1587,24,0000271_06401_d_0000404.jpg,4,car,24.999520000000075,26.99991,674.984790043202,0.0006487743080000019,0.9259112345189326,True,large_small,near_square,16_32px,16_32px
1588,24,0000271_06401_d_0000404.jpg,4,car,24.999520000000075,28.999620000000007,724.9765801824024,0.0006968248560000023,0.8620637098003376,True,large_small,near_square,16_32px,16_32px
1589,24,0000271_06401_d_0000404.jpg,4,car,23.999919999999975,17.999684999999992,431.99100002519936,0.00041521626299999937,1.3333522225527827,True,large_small,wide,16_32px,16_32px
1590,24,0000271_06401_d_0000404.jpg,4,car,21.99935999999991,17.999685,395.9815502015984,0.00038060510399999845,1.2222080553076295,True,large_small,near_square,16_32px,16_32px
1591,24,0000271_06401_d_0000404.jpg,4,car,37.99976000000004,17.999685,683.9837100756007,0.0006574237890000007,2.111134722635426,True,large_small,very_wide,32_64px,16_32px
1592,24,0000271_06401_d_0000404.jpg,5,van,89.99935999999998,99.00018000000011,8909.952839884809,0.008563968512000008,0.9090827915666404,False,out_of_range,near_square,64px_plus,64px_plus
1593,24,0000271_06401_d_0000404.jpg,4,car,103.99987999999999,94.9999949999999,9879.988080000589,0.009496336101499988,1.0947356365650345,False,out_of_range,near_square,64px_plus,64px_plus
1594,24,0000271_06401_d_0000404.jpg,4,car,84.00039999999996,85.9997699999999,7224.0150799079875,0.006943497769999988,0.9767514494515515,False,out_of_range,near_square,64px_plus,64px_plus
1595,24,0000271_06401_d_0000404.jpg,5,van,95.00007999999991,61.00033500000001,5795.036705026795,0.005570008366999995,1.557369807887119,False,out_of_range,wide,64px_plus,32_64px
1596,24,0000271_06401_d_0000404.jpg,4,car,101.00040000000001,54.999675000000025,5554.989174870003,0.005339282175000003,1.8363817604376746,False,out_of_range,wide,64px_plus,32_64px
1597,24,0000271_06401_d_0000404.jpg,4,car,78.00007999999997,37.99984499999999,2963.9909499875985,0.0028488955689999983,2.0526420568294417,False,out_of_range,very_wide,64px_plus,32_64px
1598,24,0000271_06401_d_0000404.jpg,4,car,74.99991999999997,36.99999,2774.996290000799,0.002667239801999999,2.0270254127095706,False,out_of_range,very_wide,64px_plus,32_64px
1599,24,0000271_06401_d_0000404.jpg,4,car,41.99951999999996,28.99962000000005,1217.970120182401,0.001170674856000001,1.4482782877844569,False,out_of_range,wide,32_64px,16_32px
1600,24,0000271_06401_d_0000404.jpg,4,car,30.99983999999995,26.99991000000003,836.9928900143994,0.0008044914359999995,1.148146049375717,True,large_small,near_square,16_32px,16_32px
1601,24,0000271_06401_d_0000404.jpg,4,car,27.000080000000025,31.99995,864.0012099960007,0.0008304509900000008,0.843753818365342,True,large_small,near_square,16_32px,16_32px
1602,24,0000271_06401_d_0000404.jpg,4,car,26.000479999999925,15.999975,416.0070299879988,0.00039985296999999885,1.6250325391133378,True,large_small,wide,16_32px,8_16px
1603,24,0000271_06401_d_0000404.jpg,4,car,43.00048000000004,15.000119999999995,645.0123600576004,0.0006199657440000004,2.866675733260804,True,large_small,very_wide,32_64px,8_16px
1604,24,0000271_06401_d_0000404.jpg,4,car,41.99951999999996,20.00016,839.9971199231993,0.0008073790079999993,2.099959200326395,True,large_small,very_wide,32_64px,16_32px
1605,24,0000271_06401_d_0000404.jpg,4,car,36.00055999999995,15.999974999999992,576.0080599859989,0.000553640964999999,2.250038515685179,True,large_small,very_wide,32_64px,8_16px
1606,24,0000271_06401_d_0000404.jpg,5,van,29.000639999999976,15.000119999999995,435.0130800767995,0.0004181209919999995,1.933360533115734,True,large_small,wide,16_32px,8_16px
1607,24,0000271_06401_d_0000404.jpg,4,car,34.99959999999993,15.000119999999999,524.9981999519989,0.000504611879999999,2.3332880003626593,True,large_small,very_wide,32_64px,8_16px
1608,24,0000271_06401_d_0000404.jpg,4,car,44.000080000000025,16.99983,747.9938799864004,0.0007189483660000005,2.588265882658828,True,large_small,very_wide,32_64px,16_32px
1609,24,0000271_06401_d_0000404.jpg,4,car,38.999360000000024,17.999685,701.9761952016004,0.0006747176040000003,2.166669027819099,True,large_small,very_wide,32_64px,16_32px
1610,24,0000271_06401_d_0000404.jpg,4,car,38.99936000000014,15.000120000000003,584.9950799232022,0.0005622790080000021,2.5999365338410714,True,large_small,very_wide,32_64px,8_16px
1611,24,0000271_06401_d_0000404.jpg,6,truck,57.99992000000009,101.99974499999996,5915.977050020407,0.005686252451000007,0.5686280882368884,False,out_of_range,tall,32_64px,64px_plus
1612,24,0000271_06401_d_0000404.jpg,4,car,63.000639999999976,96.99970499999995,6111.043494811194,0.005873744227999994,0.6494931092831675,False,out_of_range,tall,32_64px,64px_plus
1613,24,0000271_06401_d_0000404.jpg,4,car,71.99975999999992,100.99988999999994,7271.967840026387,0.006989588465999988,0.7128696872838175,False,out_of_range,tall,64px_plus,64px_plus
1614,24,0000271_06401_d_0000404.jpg,4,car,88.00016000000005,101.9997449999999,8975.993879959196,0.008627445097999996,0.8627488235387268,False,out_of_range,near_square,64px_plus,64px_plus
1615,24,0000271_06401_d_0000404.jpg,4,car,119.9996000000001,131.99998500000004,15839.945400006018,0.015224861015000018,0.9090879820933317,False,out_of_range,near_square,64px_plus,64px_plus
1616,24,0000271_06401_d_0000404.jpg,4,car,123.9993599999998,49.999634999999955,6199.922740233585,0.005959172183999985,2.4800053040387176,False,out_of_range,very_wide,64px_plus,32_64px
1617,24,0000271_06401_d_0000404.jpg,4,car,40.999919999999975,42.99988499999995,1762.9918450091968,0.001694532722999997,0.9534890616567934,False,out_of_range,near_square,32_64px,32_64px
1618,24,0000271_06401_d_0000404.jpg,4,car,60.00048000000015,53.99982,3240.015119913608,0.0031142013840000076,1.111123703745682,False,out_of_range,near_square,32_64px,32_64px
1619,24,0000271_06401_d_0000404.jpg,4,car,46.0006400000002,38.99970000000002,1794.0111598080089,0.0017243475200000085,1.1795126629179244,False,out_of_range,near_square,32_64px,32_64px
1620,24,0000271_06401_d_0000404.jpg,4,car,46.00064000000009,38.99970000000002,1794.0111598080043,0.0017243475200000042,1.1795126629179216,False,out_of_range,near_square,32_64px,32_64px
1621,24,0000271_06401_d_0000404.jpg,4,car,41.999520000000075,47.000069999999994,1973.9803799664032,0.001897328316000003,0.8936054776088649,False,out_of_range,near_square,32_64px,32_64px
1622,24,0000271_06401_d_0000404.jpg,4,car,60.00048000000015,22.999725000000012,1379.9945398680043,0.0013264076700000042,2.6087477132878814,False,out_of_range,very_wide,32_64px,16_32px
1623,24,0000271_06401_d_0000404.jpg,4,car,57.000319999999874,26.99991,1539.0035099711965,0.0014792421279999966,2.1111300000629587,False,out_of_range,very_wide,32_64px,16_32px
1624,24,0000271_06401_d_0000404.jpg,4,car,63.00064000000009,21.999869999999987,1386.0058899168012,0.0013321855920000012,2.863682376304957,False,out_of_range,very_wide,32_64px,16_32px
1625,24,0000271_06401_d_0000404.jpg,4,car,67.0003999999999,28.999619999999993,1942.9861398479966,0.0018675376199999967,2.3103888947510316,False,out_of_range,very_wide,64px_plus,16_32px
1626,24,0000271_06401_d_0000404.jpg,4,car,71.00016000000005,27.999764999999996,1987.9877949624013,0.0019107918060000011,2.5357412821143344,False,out_of_range,very_wide,64px_plus,16_32px
1627,24,0000271_06401_d_0000404.jpg,4,car,71.99975999999981,27.999764999999996,2015.9763600563945,0.0019376935409999947,2.57144158174184,False,out_of_range,very_wide,64px_plus,16_32px
1628,24,0000271_06401_d_0000404.jpg,4,car,70.00056000000006,31.000095000000016,2170.0240100532033,0.002085759333000003,2.258075660735879,False,out_of_range,very_wide,64px_plus,16_32px
1629,24,0000271_06401_d_0000404.jpg,4,car,125.00031999999999,35.000279999999975,4375.046200089597,0.004205157823999997,3.5714091430125725,False,out_of_range,very_wide,64px_plus,32_64px
1630,24,0000271_06401_d_0000404.jpg,4,car,105.99976000000015,47.999925000000076,5087.980530018015,0.004890408045000015,2.208331783851745,False,out_of_range,very_wide,64px_plus,32_64px
1631,24,0000271_06401_d_0000404.jpg,4,car,58.999520000000075,17.999685000000028,1061.972775151203,0.001020735078000003,3.2778084727593835,False,out_of_range,very_wide,32_64px,16_32px
1632,24,0000271_06401_d_0000404.jpg,4,car,24.999519999999848,26.99991,674.9847900431959,0.000648774307999996,0.9259112345189242,True,large_small,near_square,16_32px,16_32px
1633,24,0000271_06401_d_0000404.jpg,4,car,23.999919999999975,26.00005499999999,623.999239995599,0.0005997685889999991,0.9230718935017631,True,large_small,near_square,16_32px,16_32px
1634,24,0000271_06401_d_0000404.jpg,4,car,29.000639999999862,22.999724999999998,667.0067448239968,0.0006411060599999968,1.2609124674316698,True,large_small,near_square,16_32px,16_32px
1635,24,0000271_06401_d_0000404.jpg,4,car,20.999760000000038,15.999974999999992,335.99563500600044,0.0003229485150000004,1.3124870507610198,True,large_small,near_square,16_32px,8_16px
1636,24,0000271_06401_d_0000404.jpg,4,car,50.0003999999999,21.00001499999999,1050.0091500059975,0.0010092360149999977,2.380969727878762,False,out_of_range,very_wide,32_64px,16_32px
1637,24,0000271_06401_d_0000404.jpg,4,car,57.000319999999874,22.999725000000012,1310.9916849119977,0.0012600842799999979,2.478304414509297,False,out_of_range,very_wide,32_64px,16_32px
1638,24,0000271_06401_d_0000404.jpg,4,car,54.999759999999924,16.999830000000017,934.9865700407996,0.0008986799019999996,3.2353123531235237,True,large_small,very_wide,32_64px,16_32px
1639,24,0000271_06401_d_0000404.jpg,4,car,54.999759999999924,21.999870000000016,1209.987570031199,0.0011630022779999991,2.500003863659189,False,out_of_range,very_wide,32_64px,16_32px
1640,24,0000271_06401_d_0000404.jpg,4,car,47.99983999999995,16.999830000000017,815.9891200272,0.000784303268,2.823548235482349,True,large_small,very_wide,32_64px,16_32px
1641,24,0000271_06401_d_0000404.jpg,4,car,47.99983999999995,19.00030500000001,912.0115999511996,0.0008765970779999996,2.5262668151905943,True,large_small,very_wide,32_64px,16_32px
1642,24,0000271_06401_d_0000404.jpg,4,car,50.0003999999999,19.000304999999997,950.022850121998,0.000913132304999998,2.63155775657285,True,large_small,very_wide,32_64px,16_32px
1643,24,0000271_06401_d_0000404.jpg,4,car,54.999759999999924,25.000199999999985,1375.0049999519972,0.0013216118799999972,2.1999728002175964,False,out_of_range,very_wide,32_64px,16_32px
1644,24,0000271_06401_d_0000404.jpg,4,car,44.000080000000025,17.999685,791.9875799748004,0.0007612337370000004,2.4444916674930717,True,large_small,very_wide,32_64px,16_32px
1645,24,0000271_06401_d_0000404.jpg,4,car,41.999520000000075,17.999684999999985,755.9781301512007,0.0007266225780000007,2.333347500247927,True,large_small,very_wide,32_64px,16_32px
1646,24,0000271_06401_d_0000404.jpg,4,car,40.999919999999975,15.999975,655.9976950019995,0.0006305245049999995,2.562499003904692,True,large_small,very_wide,32_64px,8_16px
1647,24,0000271_06401_d_0000404.jpg,4,car,41.999520000000075,14.000265000000006,588.0044098728013,0.0005651714820000012,2.999908930295252,True,large_small,very_wide,32_64px,8_16px
1648,24,0000271_06401_d_0000404.jpg,4,car,46.00064000000009,15.999975,736.0090899840014,0.0007074289600000013,2.875044492257025,True,large_small,very_wide,32_64px,8_16px
1649,24,0000271_06401_d_0000404.jpg,4,car,41.999520000000075,15.999975,671.9912700120011,0.0006458970300000011,2.6249741015220383,True,large_small,very_wide,32_64px,8_16px
1650,24,0000271_06401_d_0000404.jpg,4,car,34.9996000000001,14.000264999999999,490.0036748940014,0.00047097623500000135,2.4999241085793806,True,large_small,very_wide,32_64px,8_16px
1651,24,0000271_06401_d_0000404.jpg,4,car,36.00055999999984,15.000120000000003,540.0127200671976,0.0005190433679999977,2.4000181331882566,True,large_small,very_wide,32_64px,8_16px
1652,24,0000271_06401_d_0000404.jpg,5,van,54.999759999999924,26.000055000000003,1429.9967849867983,0.0013744682669999983,2.115370909792303,False,out_of_range,very_wide,32_64px,16_32px
1653,24,0000271_06401_d_0000404.jpg,10,motor,13.999840000000063,12.999645000000001,181.99295005680082,0.0001749259420000008,1.0769401779817882,True,small,near_square,8_16px,8_16px
1654,24,0000271_06401_d_0000404.jpg,10,motor,19.000559999999837,19.000304999999997,361.01643517079685,0.00034699772699999697,1.0000134208371834,True,large_small,near_square,16_32px,16_32px
1655,24,0000271_06401_d_0000404.jpg,10,motor,30.99983999999995,47.00007000000005,1456.9946499887992,0.0014004177719999992,0.6595700814913662,False,out_of_range,tall,16_32px,32_64px
1656,24,0000271_06401_d_0000404.jpg,10,motor,20.99976000000015,49.9996349999999,1049.9803350876055,0.0010092083190000052,0.4199982659873456,False,out_of_range,very_tall,16_32px,32_64px
1657,24,0000271_06401_d_0000404.jpg,10,motor,24.999519999999848,52.00010999999995,1299.9777899471908,0.0012494980679999912,0.48075898300984116,False,out_of_range,very_tall,16_32px,32_64px
1658,24,0000271_06401_d_0000404.jpg,10,motor,27.9996799999999,45.999832500000025,1287.980590053596,0.001237966733999996,0.608690912081036,False,out_of_range,tall,16_32px,32_64px
1659,24,0000271_06401_d_0000404.jpg,10,motor,19.00055999999995,49.9996349999999,950.0210647955956,0.0009131305889999958,0.3800139741020107,True,large_small,very_tall,16_32px,32_64px
1660,24,0000271_06401_d_0000404.jpg,7,tricycle,26.000479999999925,30.00024000000002,780.0206401151983,0.0007497314879999983,0.8666757332607975,True,large_small,near_square,16_32px,16_32px
1661,24,0000271_06401_d_0000404.jpg,1,pedestrian,7.999519999999848,20.000159999999994,159.9916799231969,0.000153779007999997,0.39997280021759074,True,small,very_tall,0_8px,16_32px
1662,24,0000271_06401_d_0000404.jpg,6,truck,44.000080000000025,24.000345000000003,1056.0171000276007,0.0010150106690000006,1.8333103128309205,False,out_of_range,wide,32_64px,16_32px
1663,24,0000271_06401_d_0000404.jpg,2,people,7.999519999999961,11.99978999999999,95.99256010079945,9.226505199999948e-05,0.6666383328374886,True,small,tall,0_8px,8_16px
1664,24,0000271_06401_d_0000404.jpg,10,motor,9.000480000000039,15.00012000000001,135.00828005760067,0.00012976574400000063,0.6000271997824039,True,small,tall,8_16px,8_16px
1665,24,0000271_06401_d_0000404.jpg,2,people,4.999360000000024,12.999644999999987,64.98990522720025,6.246626800000024e-05,0.38457665574713995,True,small,very_tall,0_8px,8_16px
1666,24,0000271_06401_d_0000404.jpg,10,motor,9.000480000000039,11.99978999999999,108.00386989920038,0.00010380994800000037,0.7500531259297076,True,small,near_square,8_16px,8_16px
1667,24,0000271_06401_d_0000404.jpg,1,pedestrian,10.000079999999969,21.00001500000002,210.00183000119952,0.00020184720299999955,0.47619394557575123,True,small,very_tall,8_16px,16_32px
1668,24,0000271_06401_d_0000404.jpg,2,people,10.999680000000012,10.99993500000005,120.99576502080069,0.00011629735200000067,0.9999768180448304,True,small,near_square,8_16px,8_16px
1669,24,0000271_06401_d_0000404.jpg,1,pedestrian,13.00024000000002,27.999765000000025,364.0036649436009,0.00034986895900000086,0.4642981825026034,True,large_small,very_tall,8_16px,16_32px
1670,24,0000271_06401_d_0000404.jpg,1,pedestrian,13.000240000000076,38.99970000000002,507.00545992800323,0.0004873178200000031,0.3333420513491147,True,large_small,very_tall,8_16px,32_64px
1671,24,0000271_06401_d_0000404.jpg,1,pedestrian,13.000239999999962,36.000135,468.01039503239866,0.0004498369809999987,0.3611164235911883,True,large_small,very_tall,8_16px,32_64px
1672,24,0000271_06401_d_0000404.jpg,1,pedestrian,4.999360000000024,15.000120000000003,74.99099992320038,7.207900800000036e-05,0.3332880003626653,True,small,very_tall,0_8px,8_16px
1673,24,0000271_06401_d_0000404.jpg,1,pedestrian,4.999360000000024,12.999644999999994,64.98990522720028,6.246626800000027e-05,0.38457665574713973,True,small,very_tall,0_8px,8_16px
1674,24,0000271_06401_d_0000404.jpg,1,pedestrian,4.999359999999967,14.000264999999999,69.99236483039954,6.727447599999955e-05,0.35709038364630724,True,small,very_tall,0_8px,8_16px
1675,24,0000271_06401_d_0000404.jpg,1,pedestrian,7.999520000000075,15.999975,127.9921200120012,0.00012302203000000116,0.49997078120435035,True,small,very_tall,0_8px,8_16px
1676,24,0000271_06401_d_0000404.jpg,2,people,6.999919999999975,15.000120000000003,104.99963999039964,0.00010092237599999966,0.466657600072531,True,small,very_tall,0_8px,8_16px
1677,24,0000271_06401_d_0000404.jpg,3,bicycle,14.999439999999936,10.999935000000004,164.99286503639937,0.0001585859909999994,1.3635935121434746,True,small,wide,8_16px,8_16px
1678,24,0000271_06401_d_0000404.jpg,3,bicycle,54.99975999999998,31.000094999999988,1704.9977849771988,0.0016387906429999987,1.774180369447255,False,out_of_range,wide,32_64px,16_32px
1679,24,0000271_06401_d_0000404.jpg,10,motor,44.00008,26.00005500000003,1144.0045000044013,0.0010995814110000013,1.6923071893501742,False,out_of_range,wide,32_64px,16_32px
1680,24,0000271_06401_d_0000404.jpg,10,motor,30.999840000000006,25.000200000000063,775.0021999680022,0.0007449079200000021,1.2399836801305562,True,large_small,near_square,16_32px,16_32px
1681,24,0000271_06401_d_0000404.jpg,4,car,51.99959999999999,25.000199999999978,1300.0003999199985,0.0012495197999999985,2.079967360261119,False,out_of_range,very_wide,32_64px,16_32px
1682,24,0000271_06401_d_0000404.jpg,1,pedestrian,7.999520000000075,19.000305000000004,151.99331985360146,0.00014609123400000142,0.4210206099323181,True,small,very_tall,0_8px,16_32px
1683,24,0000271_06401_d_0000404.jpg,4,car,82.99944000000005,33.999660000000006,2821.952740190402,0.002712372876000002,2.4411844118441195,False,out_of_range,very_wide,64px_plus,32_64px
1684,24,0000271_06401_d_0000404.jpg,4,car,44.99968000000001,20.000159999999994,900.0007999488,0.000865052672,2.249966000271999,True,large_small,very_wide,32_64px,16_32px
1685,24,0000271_06401_d_0000404.jpg,10,motor,34.99959999999999,24.00034499999998,840.0024748619991,0.0008073841549999991,1.458295703665927,True,large_small,wide,32_64px,16_32px
1686,25,0000276_02201_d_0000518.jpg,4,car,71.9997599999997,53.99982000000011,3887.974080043192,0.0037369993079999922,1.3333333333333248,False,out_of_range,wide,64px_plus,32_64px
1687,25,0000276_02201_d_0000518.jpg,1,pedestrian,10.999680000000353,21.99986999999993,241.991530041607,0.00023259470400000673,0.4999884090224346,True,small,very_tall,8_16px,16_32px
1688,25,0000276_02201_d_0000518.jpg,1,pedestrian,7.999520000000075,17.999685,143.98884015120134,0.0001383975780000013,0.4444255552249984,True,small,very_tall,0_8px,16_32px
1689,25,0000276_02201_d_0000518.jpg,6,truck,157.99936000000002,104.00022000000001,16431.968199859206,0.015793894848000006,1.5192214016470351,False,out_of_range,wide,64px_plus,64px_plus
1690,25,0000276_02201_d_0000518.jpg,6,truck,102.99959999999987,69.999795,7209.950885081992,0.006929979704999993,1.4714271663224137,False,out_of_range,wide,64px_plus,64px_plus
1691,25,0000276_02201_d_0000518.jpg,6,truck,94.00047999999992,46.000215000000054,4324.042290103202,0.004156134458000001,2.043479144608342,False,out_of_range,very_wide,64px_plus,32_64px
1692,25,0000276_02201_d_0000518.jpg,6,truck,106.9993599999998,57.00014999999999,6098.979569903988,0.0058621487599999885,1.8771768144469763,False,out_of_range,wide,64px_plus,32_64px
1693,25,0000276_02201_d_0000518.jpg,6,truck,70.00056000000018,31.999950000000013,2240.0144199720066,0.0021530319300000064,2.187520918001439,False,out_of_range,very_wide,64px_plus,16_32px
1694,25,0000276_02201_d_0000518.jpg,6,truck,70.00055999999995,30.00024000000002,2100.0336001344,0.002018486736,2.3333333333333304,False,out_of_range,very_wide,64px_plus,16_32px
1695,25,0000276_02201_d_0000518.jpg,6,truck,72.99936000000002,30.00024000000002,2189.998319846402,0.0021049580160000018,2.43329253365973,False,out_of_range,very_wide,64px_plus,16_32px
1696,25,0000276_02201_d_0000518.jpg,4,car,14.999439999999936,10.999935000000022,164.99286503639962,0.00015858599099999963,1.3635935121434724,True,small,wide,8_16px,8_16px
1697,25,0000276_02201_d_0000518.jpg,4,car,33.0003999999999,11.999789999999962,395.9978699159975,0.00038062078999999763,2.7500814597588796,True,large_small,very_wide,32_64px,8_16px
1698,25,0000276_02201_d_0000518.jpg,10,motor,4.999360000000024,9.000225000000029,44.995364856000364,4.324814000000035e-05,0.5554705576805034,True,very_small,tall,0_8px,8_16px
1699,25,0000276_02201_d_0000518.jpg,2,people,3.999760000000151,8.000370000000004,31.999559911201224,3.0756978000001176e-05,0.4999468774569363,True,very_small,very_tall,0_8px,8_16px
1700,25,0000276_02201_d_0000518.jpg,6,truck,36.00055999999995,46.000215000000054,1656.0335001203996,0.0015917277009999996,0.7826172116804216,False,out_of_range,near_square,32_64px,32_64px
1701,25,0000276_02201_d_0000518.jpg,6,truck,43.00048000000004,79.99987499999997,3440.033024940002,0.003306452350000002,0.5375068398544379,False,out_of_range,tall,32_64px,64px_plus
1702,25,0000276_02201_d_0000518.jpg,4,car,31.99944000000005,38.999700000000075,1247.9685601680044,0.0011995084200000041,0.820504773113639,False,out_of_range,near_square,16_32px,32_64px
1703,25,0000276_02201_d_0000518.jpg,4,car,21.999360000000024,25.000200000000063,549.988399872002,0.000528631680000002,0.8799673602611167,True,large_small,near_square,16_32px,16_32px
1704,25,0000276_02201_d_0000518.jpg,4,car,26.000479999999982,26.00005500000003,676.0139100264004,0.0006497634660000003,1.000016346119266,True,large_small,near_square,16_32px,16_32px
1705,25,0000276_02201_d_0000518.jpg,6,truck,47.00024000000002,104.00022000000001,4888.035300052803,0.004698226932000003,0.45192442862140114,False,out_of_range,very_tall,32_64px,64px_plus
1706,25,0000276_02201_d_0000518.jpg,6,truck,17.999599999999987,17.999685000000014,323.987130126,0.000311406315,0.999995277695136,True,large_small,near_square,16_32px,16_32px
1707,25,0000276_02201_d_0000518.jpg,6,truck,23.000320000000045,42.99988499999998,989.0111149632014,0.0009506066080000014,0.534892593317402,True,large_small,tall,16_32px,32_64px
1708,25,0000276_02201_d_0000518.jpg,6,truck,23.000320000000045,36.999990000000025,851.0116099968022,0.0008179657920000022,0.6216304382784976,True,large_small,tall,16_32px,32_64px
1709,25,0000276_02201_d_0000518.jpg,6,truck,20.000159999999994,28.999619999999993,579.9970399391997,0.0005574750479999997,0.6896697267067637,True,large_small,tall,16_32px,16_32px
1710,25,0000276_02201_d_0000518.jpg,1,pedestrian,3.999759999999924,15.999975000000035,63.99606000599892,6.151101499999897e-05,0.2499853906021675,True,very_small,very_tall,0_8px,8_16px
1711,25,0000276_02201_d_0000518.jpg,4,car,13.99983999999995,14.000265000000013,196.00146995759948,0.0001883904939999995,0.9999696434317448,True,small,near_square,8_16px,8_16px
1712,25,0000276_02201_d_0000518.jpg,4,car,12.000639999999976,11.999789999999962,144.00515986559924,0.00013841326399999926,1.0000708345729394,True,small,near_square,8_16px,8_16px
1713,25,0000276_02201_d_0000518.jpg,4,car,10.000080000000025,8.000370000000032,80.00434002960053,7.689767400000051e-05,1.249952189711224,True,small,near_square,8_16px,8_16px
1714,25,0000276_02201_d_0000518.jpg,4,car,10.999680000000012,10.000079999999969,109.99767997439977,0.00010572633599999978,1.099959200326402,True,small,near_square,8_16px,8_16px
1715,25,0000276_02201_d_0000518.jpg,4,car,12.000640000000033,10.999934999999965,132.00625995839994,0.00012688029599999993,1.0909737193901665,True,small,near_square,8_16px,8_16px
1716,25,0000276_02201_d_0000518.jpg,4,car,10.999679999999955,9.000225000000029,98.99959492799991,9.51553199999999e-05,1.2221561127638387,True,small,near_square,8_16px,8_16px
1717,25,0000276_02201_d_0000518.jpg,4,car,10.000080000000082,9.000225,90.00297001800074,8.650804500000071e-05,1.1110922226944417,True,small,near_square,8_16px,8_16px
1718,25,0000276_02201_d_0000518.jpg,4,car,10.000080000000082,9.000225000000029,90.00297001800102,8.650804500000098e-05,1.1110922226944382,True,small,near_square,8_16px,8_16px
1719,25,0000276_02201_d_0000518.jpg,4,car,9.000479999999982,6.999750000000006,63.00110987999992,6.0554699999999924e-05,1.2858287795992678,True,very_small,near_square,8_16px,0_8px
1720,25,0000276_02201_d_0000518.jpg,4,car,9.000480000000039,8.000370000000032,72.0071701776006,6.921104400000058e-05,1.1250079683814627,True,small,near_square,8_16px,8_16px
1721,25,0000276_02201_d_0000518.jpg,4,car,7.999520000000075,6.999749999999992,55.99464012000046,5.3820300000000444e-05,1.142829386763825,True,very_small,near_square,0_8px,0_8px
1722,25,0000276_02201_d_0000518.jpg,6,truck,14.999439999999936,16.999830000000003,254.98793009519895,0.000245086437999999,0.8823288232882289,True,small,near_square,8_16px,16_32px
1723,25,0000276_02201_d_0000518.jpg,4,car,6.9999200000000315,6.999749999999992,48.997690020000164,4.7095050000000155e-05,1.0000242865816693,True,very_small,near_square,0_8px,0_8px
1724,25,0000276_02201_d_0000518.jpg,4,car,6.000319999999988,5.999894999999995,36.001289966399895,3.46033159999999e-05,1.0000708345729372,True,very_small,near_square,0_8px,0_8px
1725,25,0000276_02201_d_0000518.jpg,4,car,6.999920000000088,5.000039999999984,34.99987999680033,3.364079200000032e-05,1.3999728002176204,True,very_small,wide,0_8px,0_8px
1726,25,0000276_02201_d_0000518.jpg,4,car,7.999520000000075,5.0000399999999985,39.99791998080036,3.844475200000035e-05,1.5998912008704085,True,very_small,wide,0_8px,0_8px
1727,26,0000276_04001_d_0000527.jpg,4,car,38.999360000000024,32.99980499999998,1286.9712751248,0.0012369966120000001,1.1818057712765286,False,out_of_range,near_square,32_64px,32_64px
1728,26,0000276_04001_d_0000527.jpg,6,truck,27.000079999999798,26.000054999999975,702.0035650043941,0.0006747439109999943,1.0384624186371847,True,large_small,near_square,16_32px,16_32px
1729,26,0000276_04001_d_0000527.jpg,6,truck,50.0003999999999,22.999725000000012,1149.9954498899983,0.0011053397249999983,2.1739564277398915,False,out_of_range,very_wide,32_64px,16_32px
1730,26,0000276_04001_d_0000527.jpg,6,truck,34.9996000000001,15.000119999999924,524.9981999519989,0.000504611879999999,2.3332880003626824,True,large_small,very_wide,32_64px,8_16px
1731,26,0000276_04001_d_0000527.jpg,9,bus,60.00048000000004,42.00002999999998,2520.0219600144005,0.0024221664360000003,1.4285818367272611,False,out_of_range,wide,32_64px,32_64px
1732,26,0000276_04001_d_0000527.jpg,1,pedestrian,7.999519999999848,12.999644999999987,103.99092017039791,9.9952825999998e-05,0.6153644964920085,True,small,tall,0_8px,8_16px
1733,26,0000276_04001_d_0000527.jpg,6,truck,48.99944000000005,24.00034499999998,1176.0034648068004,0.0011303378170000003,2.0416139851323005,False,out_of_range,very_wide,32_64px,16_32px
1734,26,0000276_04001_d_0000527.jpg,4,car,6.999919999999975,6.9997499999999775,48.997690019999666,4.709504999999968e-05,1.0000242865816633,True,very_small,near_square,0_8px,0_8px
1735,26,0000276_04001_d_0000527.jpg,4,car,6.000320000000102,5.999894999999981,36.00128996640049,3.460331600000047e-05,1.0000708345729585,True,very_small,near_square,0_8px,0_8px
1736,26,0000276_04001_d_0000527.jpg,6,truck,14.999439999999936,8.000370000000018,120.00106979279975,0.00011534128199999976,1.8748432884978947,True,small,wide,8_16px,8_16px
1737,26,0000276_04001_d_0000527.jpg,6,truck,20.00016000000005,27.999764999999996,559.9997799624014,0.0005382543060000013,0.714297423567664,True,large_small,tall,16_32px,16_32px
1738,26,0000276_04001_d_0000527.jpg,6,truck,10.999680000000126,19.000305000000026,208.99727490240267,0.00020088165600000256,0.578921233106527,True,small,tall,8_16px,16_32px
1739,26,0000276_04001_d_0000527.jpg,4,car,10.999680000000126,9.000225000000029,98.99959492800144,9.515532000000138e-05,1.2221561127638576,True,small,near_square,8_16px,8_16px
1740,26,0000276_04001_d_0000527.jpg,4,car,12.000639999999976,10.999935000000022,132.0062599584,0.000126880296,1.0909737193901556,True,small,near_square,8_16px,8_16px
1741,26,0000276_04001_d_0000527.jpg,4,car,13.00024000000019,10.999935000000022,143.00179498440238,0.00013744886100000228,1.181846983641282,True,small,near_square,8_16px,8_16px
1742,26,0000276_04001_d_0000527.jpg,4,car,10.000079999999912,9.000225000000029,90.00297001799949,8.65080449999995e-05,1.1110922226944193,True,small,near_square,8_16px,8_16px
1743,26,0000276_04001_d_0000527.jpg,5,van,10.999680000000126,11.999789999999962,131.9938500672011,0.00012686836800000106,0.9166560414807393,True,small,near_square,8_16px,8_16px
1744,26,0000276_04001_d_0000527.jpg,4,car,10.999680000000126,10.999935000000022,120.99576502080163,0.00011629735200000156,0.9999768180448433,True,small,near_square,8_16px,8_16px
1745,26,0000276_04001_d_0000527.jpg,4,car,12.000639999999976,10.999935000000022,132.0062599584,0.000126880296,1.0909737193901556,True,small,near_square,8_16px,8_16px
1746,26,0000276_04001_d_0000527.jpg,4,car,13.000240000000076,10.999935000000022,143.00179498440113,0.0001374488610000011,1.1818469836412715,True,small,near_square,8_16px,8_16px
1747,26,0000276_04001_d_0000527.jpg,5,van,12.000639999999862,12.999645000000015,156.0040597727984,0.00014994623199999845,0.9231513629795158,True,small,near_square,8_16px,8_16px
1748,26,0000276_04001_d_0000527.jpg,4,car,13.999840000000063,12.999645000000015,181.99295005680102,0.000174925942000001,1.0769401779817869,True,small,near_square,8_16px,8_16px
1749,26,0000276_04001_d_0000527.jpg,5,van,16.000400000000127,17.999685000000028,288.00215987400276,0.00027681868500000265,0.888926667327795,True,large_small,near_square,16_32px,16_32px
1750,26,0000276_04001_d_0000527.jpg,4,car,17.0,10.99993500000005,186.99889500000086,0.0001797375000000008,1.545463677739907,True,small,wide,16_32px,8_16px
1751,26,0000276_04001_d_0000527.jpg,4,car,10.999680000000126,10.999935000000022,120.99576502080163,0.00011629735200000156,0.9999768180448433,True,small,near_square,8_16px,8_16px
1752,26,0000276_04001_d_0000527.jpg,4,car,12.000639999999976,11.99978999999999,144.00515986559958,0.0001384132639999996,1.0000708345729372,True,small,near_square,8_16px,8_16px
1753,26,0000276_04001_d_0000527.jpg,4,car,13.000240000000076,10.999935000000022,143.00179498440113,0.0001374488610000011,1.1818469836412715,True,small,near_square,8_16px,8_16px
1754,26,0000276_04001_d_0000527.jpg,4,car,12.000639999999976,14.000264999999985,168.0121401695995,0.00016148802399999952,0.8571723463805856,True,small,near_square,8_16px,8_16px
1755,26,0000276_04001_d_0000527.jpg,4,car,13.000240000000076,15.000119999999953,195.00516002880053,0.00018743287200000052,0.8666757332608084,True,small,near_square,8_16px,8_16px
1756,26,0000276_04001_d_0000527.jpg,4,car,16.000400000000013,15.000119999999981,240.0079200479999,0.0002306881199999999,1.0666847998549367,True,small,near_square,16_32px,8_16px
1757,26,0000276_04001_d_0000527.jpg,4,car,16.000400000000013,16.999829999999974,272.0040799319998,0.0002614418299999998,0.9412094120941231,True,large_small,near_square,16_32px,16_32px
1758,26,0000276_04001_d_0000527.jpg,4,car,14.999439999999936,10.999935000000022,164.99286503639962,0.00015858599099999963,1.3635935121434724,True,small,wide,8_16px,8_16px
1759,26,0000276_04001_d_0000527.jpg,4,car,14.999439999999936,10.999935000000022,164.99286503639962,0.00015858599099999963,1.3635935121434724,True,small,wide,8_16px,8_16px
1760,26,0000276_04001_d_0000527.jpg,4,car,12.00064000000009,12.999645000000015,156.00405977280136,0.0001499462320000013,0.9231513629795334,True,small,near_square,8_16px,8_16px
1761,26,0000276_04001_d_0000527.jpg,5,van,16.000400000000013,21.00001499999999,336.0086400060001,0.00032296101500000013,0.7619232652929068,True,large_small,near_square,16_32px,16_32px
1762,26,0000276_04001_d_0000527.jpg,4,car,10.999680000000126,10.000079999999997,109.99767997440122,0.00010572633600000118,1.0999592003264103,True,small,near_square,8_16px,8_16px
1763,26,0000276_04001_d_0000527.jpg,4,car,14.999439999999936,11.999790000000019,179.9901301175995,0.00017300089399999952,1.2499752078994644,True,small,near_square,8_16px,8_16px
1764,26,0000276_04001_d_0000527.jpg,4,car,13.999840000000063,9.000225,126.00170996400057,0.00012110891000000054,1.5554988903055271,True,small,wide,8_16px,8_16px
1765,26,0000276_04001_d_0000527.jpg,4,car,13.99983999999995,12.999644999999987,181.99295005679915,0.00017492594199999917,1.0769401779817804,True,small,near_square,8_16px,8_16px
1766,26,0000276_04001_d_0000527.jpg,4,car,19.00055999999995,22.999725000000012,437.00765484599907,0.0004200381149999991,0.8261211818836939,True,large_small,near_square,16_32px,16_32px
1767,26,0000276_04001_d_0000527.jpg,6,truck,57.99992000000009,42.99988499999998,2493.9898900092026,0.0023971452230000024,1.3488389561972112,False,out_of_range,wide,32_64px,32_64px
1768,26,0000276_04001_d_0000527.jpg,6,truck,41.99951999999985,38.99970000000002,1637.9686801439948,0.001574364359999995,1.076919053223482,False,out_of_range,near_square,32_64px,32_64px
1769,26,0000276_04001_d_0000527.jpg,6,truck,40.00031999999999,45.00036,1800.0288001151994,0.0017301314879999993,0.8888888888888886,False,out_of_range,near_square,32_64px,32_64px
1770,26,0000276_04001_d_0000527.jpg,6,truck,64.99984,54.999675000000025,3574.970075052002,0.0034361496300000017,1.1818222562224228,False,out_of_range,near_square,64px_plus,32_64px
1771,26,0000276_04001_d_0000527.jpg,6,truck,68.00000000000011,121.00004999999999,8228.003400000012,0.007908500000000011,0.5619832388499023,False,out_of_range,tall,64px_plus,64px_plus
1772,26,0000276_04001_d_0000527.jpg,6,truck,89.99935999999997,121.00004999999999,10889.927059967995,0.010467057919999995,0.7437960562826211,False,out_of_range,tall,64px_plus,64px_plus
1773,26,0000276_04001_d_0000527.jpg,6,truck,80.00063999999998,111.99982500000004,8960.057679888001,0.008612127720000001,0.7142925446535291,False,out_of_range,tall,64px_plus,64px_plus
1774,26,0000276_04001_d_0000527.jpg,4,car,31.99944000000005,35.00028000000003,1119.9893598432027,0.0010764988080000026,0.9142624001865134,False,out_of_range,near_square,16_32px,32_64px
1775,26,0000276_04001_d_0000527.jpg,4,car,24.999520000000075,31.000095000000044,774.9874949544035,0.0007448937860000033,0.8064336577033083,True,large_small,near_square,16_32px,16_32px
1776,26,0000276_04001_d_0000527.jpg,4,car,33.00040000000001,36.000135,1188.0188550540006,0.0011418866350000007,0.9166743402490022,False,out_of_range,near_square,32_64px,32_64px
1777,26,0000276_04001_d_0000527.jpg,4,car,29.000639999999862,35.000279999999975,1015.0305201791945,0.0009756156479999947,0.828583085621026,True,large_small,near_square,16_32px,32_64px
1778,26,0000276_04001_d_0000527.jpg,4,car,27.999680000000012,32.99980499999998,923.9839800623998,0.0008881045559999999,0.8484801652615834,True,large_small,near_square,16_32px,32_64px
1779,26,0000276_04001_d_0000527.jpg,4,car,29.000639999999862,26.000054999999975,754.0182350351956,0.0007247387879999958,1.1154068712546912,True,large_small,near_square,16_32px,16_32px
1780,26,0000276_04001_d_0000527.jpg,4,car,37.99976000000015,37.99984500000011,1443.9849900372099,0.0013879132930000094,0.9999977631487719,False,out_of_range,near_square,32_64px,32_64px
1781,27,0000276_04801_d_0000531.jpg,4,car,10.000079999999912,14.000265000000002,140.0037700211988,0.00013456725299999884,0.7142779083110148,True,small,tall,8_16px,8_16px
1782,27,0000276_04801_d_0000531.jpg,4,car,12.00064000000009,11.99979,144.0051598656011,0.00013841326400000105,1.0000708345729457,True,small,near_square,8_16px,8_16px
1783,27,0000276_04801_d_0000531.jpg,4,car,23.0003200000001,25.000199999999978,575.0126000640021,0.000552684160000002,0.9200054399564852,True,large_small,near_square,16_32px,16_32px
1784,27,0000276_04801_d_0000531.jpg,6,truck,34.0,58.99986000000003,2005.9952400000009,0.001928100000000001,0.5762725538670768,False,out_of_range,tall,32_64px,32_64px
1785,27,0000276_04801_d_0000531.jpg,6,truck,37.00015999999994,62.00019000000003,2294.0169500303973,0.0022049374759999974,0.5967749453671016,False,out_of_range,tall,32_64px,32_64px
1786,27,0000276_04801_d_0000531.jpg,2,people,10.000080000000025,19.000304999999997,190.00457002440046,0.00018262646100000046,0.5263115513145724,True,small,tall,8_16px,16_32px
1787,27,0000276_04801_d_0000531.jpg,7,tricycle,13.999840000000063,25.000200000000035,349.99879996800206,0.00033640792000000195,0.559989120087041,True,large_small,tall,8_16px,16_32px
1788,27,0000276_04801_d_0000531.jpg,6,truck,193.99991999999997,184.000095,35696.003709992394,0.034309884380999994,1.0543468469404866,False,out_of_range,near_square,64px_plus,64px_plus
1789,27,0000276_04801_d_0000531.jpg,4,car,75.99952000000008,112.99968000000001,8587.92144015361,0.00825444198400001,0.6725640284999043,False,out_of_range,tall,64px_plus,64px_plus
1790,27,0000276_04801_d_0000531.jpg,4,car,10.999680000000012,5.9998949999999995,65.99692503360006,6.343418400000007e-05,1.833312082961454,True,small,wide,8_16px,0_8px
1791,28,0000277_05001_d_0000562.jpg,4,car,67.00039999999998,69.99979499999995,4690.014264917995,0.004507895294999995,0.9571513745147401,False,out_of_range,near_square,64px_plus,64px_plus
1792,28,0000277_05001_d_0000562.jpg,4,car,48.99944000000001,41.000174999999956,2008.9856149019981,0.0019309742549999981,1.1951031916327202,False,out_of_range,near_square,32_64px,32_64px
1793,28,0000277_05001_d_0000562.jpg,4,car,89.99936000000002,53.99982,4859.949240115201,0.004671231488000001,1.6666603703493832,False,out_of_range,wide,64px_plus,32_64px
1794,28,0000277_05001_d_0000562.jpg,4,car,95.00007999999991,47.99992499999996,4559.996714993992,0.004382926484999992,1.9791714257886859,False,out_of_range,wide,64px_plus,32_64px
1795,28,0000277_05001_d_0000562.jpg,4,car,199.0006400000002,111.9998250000001,22288.036854888043,0.02142256522000004,1.7767942048123737,False,out_of_range,wide,64px_plus,64px_plus
1796,28,0000277_05001_d_0000562.jpg,4,car,47.99984000000006,28.99962000000002,1391.977120060803,0.0013379249520000028,1.6551885852297383,False,out_of_range,wide,32_64px,16_32px
1797,28,0000277_05001_d_0000562.jpg,4,car,44.00007999999997,31.000095000000016,1364.0066600075997,0.0013110406189999998,1.419353069724462,False,out_of_range,wide,32_64px,16_32px
1798,28,0000277_05001_d_0000562.jpg,4,car,74.99991999999992,58.99986000000001,4424.984780011196,0.004253157227999996,1.271188101124306,False,out_of_range,near_square,64px_plus,32_64px
1799,28,0000277_05001_d_0000562.jpg,4,car,61.00007999999997,42.99988499999998,2622.996424990797,0.0025211422769999972,1.418610305585701,False,out_of_range,wide,32_64px,32_64px
1800,28,0000277_05001_d_0000562.jpg,4,car,51.999600000000015,36.000135,1871.9926199460006,0.0017993008650000004,1.444427916728646,False,out_of_range,wide,32_64px,32_64px
1801,28,0000277_05001_d_0000562.jpg,4,car,40.000320000000016,32.99980499999998,1320.0027599375999,0.001268745444,1.2121380717249706,False,out_of_range,near_square,32_64px,32_64px
1802,28,0000277_05001_d_0000562.jpg,4,car,34.0,33.999660000000006,1155.98844,0.0011111,1.0000100001000007,False,out_of_range,near_square,32_64px,32_64px
1803,28,0000277_05001_d_0000562.jpg,4,car,31.999439999999986,22.999725000000012,735.978320154,0.000707399385,1.3912966350684615,True,large_small,wide,16_32px,16_32px
1804,28,0000277_05001_d_0000562.jpg,4,car,31.99943999999998,22.999725000000012,735.9783201539999,0.0007073993849999999,1.391296635068461,True,large_small,wide,16_32px,16_32px
1805,28,0000277_05001_d_0000562.jpg,4,car,36.000560000000036,20.000160000000008,720.016960089601,0.0006920578240000009,1.800013599891202,True,large_small,wide,32_64px,16_32px
1806,28,0000277_05001_d_0000562.jpg,4,car,26.00048000000001,20.000159999999994,520.0137600768,0.000499820992,1.3000135998912017,True,large_small,near_square,16_32px,16_32px
1807,28,0000277_05001_d_0000562.jpg,4,car,27.999679999999984,17.999685,503.9854201007997,0.00048441505199999966,1.5555650001652799,True,large_small,wide,16_32px,16_32px
1808,28,0000277_05001_d_0000562.jpg,4,car,24.999520000000018,19.000304999999997,474.99850485360025,0.0004565537340000002,1.3157430893872504,True,large_small,near_square,16_32px,16_32px
1809,28,0000277_05001_d_0000562.jpg,4,car,37.999759999999995,17.999685,683.9837100755999,0.0006574237889999999,2.111134722635424,True,large_small,very_wide,32_64px,16_32px
1810,28,0000277_05001_d_0000562.jpg,4,car,72.99935999999991,43.99974000000003,3211.9528601663983,0.0030872288159999985,1.6590861673273491,False,out_of_range,wide,64px_plus,32_64px
1811,28,0000277_05001_d_0000562.jpg,4,car,71.99975999999981,51.00025500000001,3672.006119938791,0.0035294176469999913,1.4117529412352898,False,out_of_range,wide,64px_plus,32_64px
1812,28,0000277_05001_d_0000562.jpg,4,car,92.99951999999996,36.00013499999994,3347.9952749351933,0.0032179885379999937,2.5833103125863306,False,out_of_range,very_wide,64px_plus,32_64px
1813,28,0000277_05001_d_0000562.jpg,4,car,80.00063999999998,38.99970000000002,3120.0009598080005,0.0029988475200000003,2.0513142408787743,False,out_of_range,very_wide,64px_plus,32_64px
1814,28,0000277_05001_d_0000562.jpg,4,car,71.99975999999992,40.00031999999999,2880.013439923196,0.002768179007999996,1.7999796001631974,False,out_of_range,wide,64px_plus,32_64px
1815,28,0000277_05001_d_0000562.jpg,4,car,75.99952000000008,32.99980499999998,2507.969340093601,0.002410581834000001,2.3030293663856534,False,out_of_range,very_wide,64px_plus,32_64px
1816,28,0000277_05001_d_0000562.jpg,4,car,64.99984000000018,27.999765000000025,1819.9802450376067,0.0017493081940000064,2.321442340676792,False,out_of_range,very_wide,64px_plus,16_32px
1817,28,0000277_05001_d_0000562.jpg,4,car,71.99975999999992,31.99995000000004,2303.9887200120006,0.0022145220300000008,2.2499960156187693,False,out_of_range,very_wide,64px_plus,16_32px
1818,28,0000277_05001_d_0000562.jpg,4,car,64.99984000000018,33.999660000000034,2209.972460054408,0.0021241565360000077,1.9117791177911811,False,out_of_range,wide,64px_plus,32_64px
1819,28,0000277_05001_d_0000562.jpg,4,car,71.99975999999992,31.00009499999996,2231.9993999771946,0.002145328142999995,2.322565785685496,False,out_of_range,very_wide,64px_plus,16_32px
1820,28,0000277_05001_d_0000562.jpg,4,car,44.99968000000001,21.999870000000016,989.987110041601,0.000951544704000001,2.04545208676233,True,large_small,very_wide,32_64px,16_32px
1821,28,0000277_05001_d_0000562.jpg,4,car,33.00040000000001,21.00001499999999,693.008895006,0.000666098515,1.571446496585837,True,large_small,wide,32_64px,16_32px
1822,28,0000277_05001_d_0000562.jpg,4,car,30.000239999999962,17.999685,539.9948699243993,0.0005190262109999993,1.6667091674104277,True,large_small,wide,16_32px,16_32px
1823,28,0000277_05001_d_0000562.jpg,1,pedestrian,17.999600000000044,48.999780000000044,881.976440088003,0.0008477282200000029,0.3673404247937445,True,large_small,very_tall,16_32px,32_64px
1824,28,0000277_05001_d_0000562.jpg,1,pedestrian,26.00048,61.00033500000001,1586.0379901608,0.001524450202,0.4262350362502107,False,out_of_range,very_tall,16_32px,32_64px
1825,28,0000277_05001_d_0000562.jpg,1,pedestrian,10.999680000000126,38.99970000000002,428.9842200960051,0.0004123262400000049,0.28204524650189927,True,large_small,very_tall,8_16px,32_64px
1826,28,0000277_05001_d_0000562.jpg,1,pedestrian,12.000639999999976,41.000174999999956,492.0283401119985,0.0004729222799999985,0.292697287267676,True,large_small,very_tall,8_16px,32_64px
1827,28,0000277_05001_d_0000562.jpg,1,pedestrian,14.999439999999936,41.000174999999956,614.9796649019967,0.0005910992549999968,0.3658384384944687,True,large_small,very_tall,8_16px,32_64px
1828,28,0000277_05001_d_0000562.jpg,1,pedestrian,13.999840000000063,40.00031999999999,559.9980799488023,0.0005382526720000022,0.34999320005440127,True,large_small,very_tall,8_16px,32_64px
1829,28,0000277_05001_d_0000562.jpg,2,people,27.000080000000025,42.00002999999998,1134.0041700024005,0.0010899694060000004,0.6428585884343425,False,out_of_range,tall,16_32px,32_64px
1830,28,0000277_05001_d_0000562.jpg,2,people,23.0003200000001,49.999634999999955,1150.007604883204,0.0011053514080000039,0.46000975807123634,False,out_of_range,very_tall,16_32px,32_64px
1831,28,0000277_05001_d_0000562.jpg,2,people,16.999999999999943,42.00002999999998,714.0005099999972,0.0006862749999999974,0.40476161564646385,True,large_small,very_tall,16_32px,32_64px
1832,28,0000277_05001_d_0000562.jpg,2,people,16.999999999999943,30.00024000000002,510.0040799999986,0.0004901999999999987,0.5666621333695975,True,large_small,tall,16_32px,16_32px
1833,28,0000277_05001_d_0000562.jpg,2,people,26.000479999999996,57.00015000000002,1482.0312600720004,0.0014244821800000003,0.45614757154147817,False,out_of_range,very_tall,16_32px,32_64px
1834,28,0000277_05001_d_0000562.jpg,3,bicycle,34.0,47.00007000000011,1598.0023800000035,0.0015359500000000034,0.723403177910159,False,out_of_range,tall,32_64px,32_64px
1835,28,0000277_05001_d_0000562.jpg,3,bicycle,46.00063999999992,31.999950000000013,1472.018179967998,0.0014148579199999981,1.4375222461285064,False,out_of_range,wide,32_64px,16_32px
1836,28,0000277_05001_d_0000562.jpg,10,motor,46.0006400000002,37.99984500000005,1748.01718990081,0.0016801395520000097,1.2105480956567096,False,out_of_range,near_square,32_64px,32_64px
1837,28,0000277_05001_d_0000562.jpg,10,motor,36.00055999999972,42.99988499999995,1548.0199399355863,0.0014879084389999868,0.8372245646703419,False,out_of_range,near_square,32_64px,32_64px
1838,28,0000277_05001_d_0000562.jpg,5,van,60.00048000000015,72.00027,4320.050760129611,0.004152297924000011,0.8333368749867209,False,out_of_range,near_square,32_64px,64px_plus
1839,28,0000277_05001_d_0000562.jpg,4,car,14.999440000000002,16.999830000000003,254.98793009520008,0.0002450864380000001,0.8823288232882328,True,small,near_square,8_16px,16_32px
1840,28,0000277_05001_d_0000562.jpg,4,car,20.000160000000008,11.999790000000004,239.99771996640018,0.00023067831600000018,1.6667091674104297,True,small,wide,16_32px,8_16px
1841,28,0000277_05001_d_0000562.jpg,4,car,19.00056,10.999935000000004,209.00492496360008,0.00020088900900000007,1.7273338433363463,True,small,wide,16_32px,8_16px
1842,28,0000277_05001_d_0000562.jpg,4,car,16.0004,15.000120000000003,240.00792004800002,0.00023068812,1.0666847998549343,True,small,near_square,16_32px,8_16px
1843,28,0000277_05001_d_0000562.jpg,4,car,13.999839999999995,10.999935000000004,153.99733001040002,0.00014801742600000002,1.272720247892373,True,small,near_square,8_16px,8_16px
1844,28,0000277_05001_d_0000562.jpg,4,car,12.00064,8.000369999999997,96.00956023679997,9.228139199999997e-05,1.500010624508617,True,small,wide,8_16px,8_16px
1845,28,0000277_05001_d_0000562.jpg,4,car,10.99968,9.000225,98.99959492800001,9.515532e-05,1.2221561127638474,True,small,near_square,8_16px,8_16px
1846,28,0000277_05001_d_0000562.jpg,4,car,10.000080000000002,9.000224999999997,90.00297001799998,8.650804499999999e-05,1.1110922226944333,True,small,near_square,8_16px,8_16px
1847,28,0000277_05001_d_0000562.jpg,4,car,14.99944,8.000369999999997,120.00106979279995,0.00011534128199999995,1.8748432884979078,True,small,wide,8_16px,8_16px
1848,28,0000277_05001_d_0000562.jpg,4,car,10.999679999999994,9.000224999999999,98.99959492799994,9.515531999999993e-05,1.2221561127638472,True,small,near_square,8_16px,8_16px
1849,28,0000277_05001_d_0000562.jpg,4,car,7.9995199999999995,8.000370000000002,63.99911982240001,6.151395600000001e-05,0.9998937549138349,True,very_small,near_square,0_8px,8_16px
1850,28,0000277_05001_d_0000562.jpg,6,truck,17.9996,15.000120000000003,269.9961599520001,0.0002595118800000001,1.1999637336234643,True,large_small,near_square,16_32px,8_16px
1851,28,0000277_05001_d_0000562.jpg,4,car,38.999359999999996,12.999645000000008,506.9778352272003,0.0004872912680000003,3.000032693200466,True,large_small,very_wide,32_64px,8_16px
1852,28,0000277_05001_d_0000562.jpg,4,car,29.000640000000004,12.999645000000001,376.9980247728001,0.00036235873200000007,2.2308793817061927,True,large_small,very_wide,16_32px,8_16px
1853,28,0000277_05001_d_0000562.jpg,4,car,33.000399999999985,15.00012000000001,495.0099600480001,0.0004757881200000001,2.2000090665941316,True,large_small,very_wide,32_64px,8_16px
1854,28,0000277_05001_d_0000562.jpg,1,pedestrian,4.999359999999996,11.999790000000004,59.99127013439997,5.766173599999997e-05,0.4166206241942562,True,very_small,very_tall,0_8px,8_16px
1855,28,0000277_05001_d_0000562.jpg,1,pedestrian,6.9999200000000315,14.000265000000006,98.00073497880048,9.419524700000047e-05,0.4999848217158767,True,small,very_tall,0_8px,8_16px
1856,28,0000277_05001_d_0000562.jpg,1,pedestrian,6.000319999999988,11.999790000000004,72.00257993279988,6.920663199999987e-05,0.5000354172864679,True,small,tall,0_8px,8_16px
1857,28,0000277_05001_d_0000562.jpg,1,pedestrian,6.000320000000016,11.999790000000004,72.00257993280022,6.920663200000021e-05,0.5000354172864704,True,small,tall,0_8px,8_16px
1858,28,0000277_05001_d_0000562.jpg,1,pedestrian,3.999760000000009,10.999934999999994,43.997100015600076,4.2288639000000075e-05,0.363616694098648,True,very_small,very_tall,0_8px,8_16px
1859,28,0000277_05001_d_0000562.jpg,1,pedestrian,6.000320000000002,12.999645000000001,78.00202988640004,7.497311600000004e-05,0.4615756814897639,True,small,very_tall,0_8px,8_16px
1860,28,0000277_05001_d_0000562.jpg,1,pedestrian,6.000320000000016,11.999790000000004,72.00257993280022,6.920663200000021e-05,0.5000354172864704,True,small,tall,0_8px,8_16px
1861,28,0000277_05001_d_0000562.jpg,1,pedestrian,6.000319999999931,15.999975000000006,96.00496999199893,9.227697999999898e-05,0.37502058596966115,True,small,very_tall,0_8px,8_16px
1862,28,0000277_05001_d_0000562.jpg,2,people,7.999520000000075,14.000265000000013,111.99539987280116,0.00010764648200000112,0.571383470241461,True,small,tall,0_8px,8_16px
1863,28,0000277_05001_d_0000562.jpg,10,motor,13.000239999999962,9.000225000000015,117.00508505399985,0.00011246163499999985,1.4444350002360986,True,small,wide,8_16px,8_16px
1864,28,0000277_05001_d_0000562.jpg,4,car,21.999359999999996,12.999645000000008,285.9838702272001,0.0002748787680000001,1.6923046744738015,True,large_small,wide,16_32px,8_16px
1865,28,0000277_05001_d_0000562.jpg,4,car,20.99976000000001,10.999935000000004,230.9959950156002,0.00022202613900000018,1.909080371838561,True,small,wide,16_32px,8_16px
1866,28,0000277_05001_d_0000562.jpg,4,car,23.000320000000016,9.000224999999997,207.00805507200008,0.00019896968000000006,2.5555272229305404,True,small,very_wide,16_32px,8_16px
1867,28,0000277_05001_d_0000562.jpg,4,car,20.999760000000023,10.999935,230.99599501560027,0.00022202613900000026,1.909080371838563,True,small,wide,16_32px,8_16px
1868,28,0000277_05001_d_0000562.jpg,4,car,26.00048000000001,12.999645000000008,337.99700982960036,0.00032487217400000036,2.0000915409613103,True,large_small,very_wide,16_32px,8_16px
1869,28,0000277_05001_d_0000562.jpg,4,car,23.99992000000003,12.999645000000008,311.9904400284006,0.00029987547100000057,1.8461981077175582,True,large_small,wide,16_32px,8_16px
1870,28,0000277_05001_d_0000562.jpg,4,car,51.99959999999999,20.000159999999994,1040.0003199359994,0.0009996158399999994,2.5999592003263974,False,out_of_range,very_wide,32_64px,16_32px
1871,28,0000277_05001_d_0000562.jpg,4,car,40.99992000000003,16.999830000000003,696.9916700136007,0.0006699266340000007,2.41178411784118,True,large_small,very_wide,32_64px,16_32px
1872,28,0000277_05001_d_0000562.jpg,4,car,34.99959999999987,17.999685000000014,629.9817751259982,0.0006055188149999982,1.9444562502065923,True,large_small,wide,32_64px,16_32px
1873,28,0000277_05001_d_0000562.jpg,4,car,41.99951999999996,21.999869999999987,923.9839800623986,0.0008881045559999987,1.9090803718385603,True,large_small,wide,32_64px,16_32px
1874,28,0000277_05001_d_0000562.jpg,4,car,60.00048000000004,22.999725000000012,1379.9945398680015,0.0013264076700000014,2.6087477132878765,False,out_of_range,very_wide,32_64px,16_32px
1875,28,0000277_05001_d_0000562.jpg,4,car,53.00056000000018,25.000199999999978,1325.0246001120033,0.0012735722800000032,2.1200054399564894,False,out_of_range,very_wide,32_64px,16_32px
1876,28,0000277_05001_d_0000562.jpg,4,car,50.999999999999886,17.999685,917.9839349999979,0.000882337499999998,2.833382917534384,True,large_small,very_wide,32_64px,16_32px
1877,28,0000277_05001_d_0000562.jpg,4,car,64.99983999999995,26.000054999999975,1689.999414991197,0.0016243746779999971,2.499988557716513,False,out_of_range,very_wide,64px_plus,16_32px
1878,28,0000277_05001_d_0000562.jpg,4,car,50.00040000000001,21.00001499999999,1050.0091500059998,0.0010092360149999999,2.3809697278787674,False,out_of_range,very_wide,32_64px,16_32px
1879,28,0000277_05001_d_0000562.jpg,5,van,40.00031999999999,22.999725000000012,919.9963599120002,0.0008842717800000002,1.739165142191916,True,large_small,wide,32_64px,16_32px
1880,28,0000277_05001_d_0000562.jpg,5,van,20.000159999999937,26.00005499999999,520.0052600087981,0.0004998128219999982,0.7692352958484105,True,large_small,near_square,16_32px,16_32px
1881,28,0000277_05001_d_0000562.jpg,7,tricycle,33.0003999999999,21.00001499999999,693.0088950059976,0.0006660985149999977,1.5714464965858317,True,large_small,wide,32_64px,16_32px
1882,28,0000277_05001_d_0000562.jpg,1,pedestrian,13.000240000000076,26.000055000000003,338.006955013202,0.0003248817330000019,0.5000081730596367,True,large_small,tall,8_16px,16_32px
1883,28,0000277_05001_d_0000562.jpg,10,motor,17.9996000000001,21.00001499999999,377.99186999400195,0.00036331398500000185,0.8571231972929595,True,large_small,near_square,16_32px,16_32px
1884,28,0000277_05001_d_0000562.jpg,10,motor,7.999519999999848,17.999685,143.98884015119725,0.00013839757799999735,0.4444255552249858,True,small,very_tall,0_8px,16_32px
1885,28,0000277_05001_d_0000562.jpg,1,pedestrian,9.000480000000152,32.99980499999995,297.0140849064046,0.00028548066600000445,0.272743429847545,True,large_small,very_tall,8_16px,32_64px
1886,28,0000277_05001_d_0000562.jpg,2,people,17.0,22.999725000000012,390.9953250000002,0.0003758125000000002,0.739139272317386,True,large_small,tall,16_32px,16_32px
1887,28,0000277_05001_d_0000562.jpg,2,people,13.99983999999995,25.000200000000035,349.9987999679992,0.00033640791999999924,0.5599891200870365,True,large_small,tall,8_16px,16_32px
1888,29,0000280_02401_d_0000624.jpg,5,van,143.99952000000005,146.00024999999994,21023.965919879996,0.020207579699999995,0.9862963933280944,False,out_of_range,near_square,64px_plus,64px_plus
1889,29,0000280_02401_d_0000624.jpg,4,car,109.99951999999999,73.00012500000008,8029.978709940008,0.007718164850000008,1.506840159520273,False,out_of_range,wide,64px_plus,64px_plus
1890,29,0000280_02401_d_0000624.jpg,4,car,119.99959999999999,54.99967500000008,6599.939000130009,0.006343655325000009,2.1818238016860976,False,out_of_range,very_wide,64px_plus,32_64px
1891,29,0000280_02401_d_0000624.jpg,4,car,82.99943999999994,69.99979500000006,5809.9437851148,0.005584336587,1.185709758150004,False,out_of_range,near_square,64px_plus,64px_plus
1892,29,0000280_02401_d_0000624.jpg,4,car,75.99951999999999,46.00021499999991,3495.9942598967928,0.003360240541999993,1.6521557562285336,False,out_of_range,wide,64px_plus,32_64px
1893,29,0000280_02401_d_0000624.jpg,4,car,74.99992000000009,70.99965000000003,5324.968070028009,0.0051181930700000084,1.0563421087287057,False,out_of_range,near_square,64px_plus,64px_plus
1894,29,0000280_02401_d_0000624.jpg,5,van,61.9996799999999,64.99975500000005,4029.9640100783963,0.0038734755959999967,0.9538448260304958,False,out_of_range,near_square,32_64px,64px_plus
1895,29,0000280_02401_d_0000624.jpg,5,van,60.00047999999998,58.00000499999999,3480.0281400023982,0.003344894405999998,1.0344909453025046,False,out_of_range,near_square,32_64px,32_64px
1896,29,0000280_02401_d_0000624.jpg,4,car,74.99992000000003,42.00003000000004,3149.9988899976042,0.003027680594000004,1.7857111054444477,False,out_of_range,wide,64px_plus,32_64px
1897,29,0000280_02401_d_0000624.jpg,4,car,57.999919999999975,43.999739999999974,2551.9814000207975,0.0024528848519999977,1.3181877892914824,False,out_of_range,near_square,32_64px,32_64px
1898,29,0000280_02401_d_0000624.jpg,5,van,38.999360000000024,46.000215000000026,1793.9789448624022,0.0017243165560000022,0.8478082113311862,False,out_of_range,near_square,32_64px,32_64px
1899,29,0000280_02401_d_0000624.jpg,4,car,50.00040000000001,49.999634999999955,2500.0017498539983,0.0024029236349999983,1.000015300111692,False,out_of_range,near_square,32_64px,32_64px
1900,29,0000280_02401_d_0000624.jpg,2,people,9.000479999999925,22.999725000000012,207.0085648679984,0.00019897016999999845,0.3913298963357136,True,small,very_tall,8_16px,16_32px
1901,29,0000280_02401_d_0000624.jpg,3,bicycle,12.000639999999976,22.999725000000012,276.0114198239996,0.0002652935599999996,0.5217731951142881,True,large_small,tall,8_16px,16_32px
1902,29,0000280_02401_d_0000624.jpg,4,car,36.000560000000064,30.00024000000002,1080.0254401344025,0.0010380867360000024,1.2000090665941352,False,out_of_range,near_square,32_64px,16_32px
1903,29,0000280_02401_d_0000624.jpg,5,van,33.0003999999999,33.99966000000006,1122.0023798639986,0.0010784336599999986,0.9706097060970562,False,out_of_range,near_square,32_64px,32_64px
1904,29,0000280_02401_d_0000624.jpg,5,van,30.99983999999995,31.000095000000016,960.9979849847989,0.0009236812619999989,0.9999917742187543,True,large_small,near_square,16_32px,16_32px
1905,29,0000280_02401_d_0000624.jpg,4,car,27.000080000000025,22.999725000000012,620.9944149780009,0.0005968804450000009,1.1739305578653663,True,large_small,near_square,16_32px,16_32px
1906,29,0000280_02401_d_0000624.jpg,4,car,23.999919999999975,21.99986999999993,527.9951200103977,0.0005074924259999978,1.0909119008430528,True,large_small,near_square,16_32px,16_32px
1907,29,0000280_02401_d_0000624.jpg,5,van,23.999919999999975,25.000200000000035,600.0027999840003,0.0005767039600000002,0.959989120087037,True,large_small,near_square,16_32px,16_32px
1908,29,0000280_02401_d_0000624.jpg,5,van,21.99935999999991,19.000304999999997,417.9945498047982,0.0004017633119999983,1.1578424662130378,True,large_small,near_square,16_32px,16_32px
1909,29,0000280_02401_d_0000624.jpg,10,motor,37.00016000000002,31.000095000000044,1147.0084750152023,0.0011024687380000021,1.1935498907342048,False,out_of_range,near_square,32_64px,16_32px
1910,29,0000280_02401_d_0000624.jpg,2,people,6.9999200000000315,15.999975000000063,111.99854500200094,0.00010764950500000091,0.43749568358700586,True,small,very_tall,0_8px,8_16px
1911,29,0000280_02401_d_0000624.jpg,1,pedestrian,13.00024000000002,26.999910000000057,351.00530997840127,0.0003373753460000012,0.4814919753436212,True,large_small,very_tall,8_16px,16_32px
1912,29,0000280_02401_d_0000624.jpg,1,pedestrian,6.000319999999931,21.99986999999993,132.00625995839806,0.00012688029599999814,0.27274342984753774,True,small,very_tall,0_8px,16_32px
1913,29,0000280_02401_d_0000624.jpg,5,van,40.00031999999999,31.000094999999988,1240.013720030399,0.001191862475999999,1.2903289489919307,False,out_of_range,near_square,32_64px,16_32px
1914,29,0000280_02401_d_0000624.jpg,4,car,34.99959999999993,27.999764999999968,979.9805750939969,0.000941926734999997,1.2499962053252935,True,large_small,near_square,32_64px,16_32px
1915,29,0000280_02401_d_0000624.jpg,4,car,53.00056000000001,25.000200000000035,1325.024600112002,0.0012735722800000019,2.120005439956478,False,out_of_range,very_wide,32_64px,16_32px
1916,29,0000280_02401_d_0000624.jpg,4,car,34.99959999999993,26.000055000000003,909.9915249779983,0.0008746554449999983,1.3461356139438907,True,large_small,wide,32_64px,16_32px
1917,29,0000280_02401_d_0000624.jpg,4,car,44.00007999999997,20.000159999999966,880.0086400127979,0.000845836831999998,2.199986400108801,True,large_small,very_wide,32_64px,16_32px
1918,29,0000280_02401_d_0000624.jpg,2,people,7.999520000000075,15.999975000000006,127.99212001200125,0.0001230220300000012,0.4999707812043501,True,small,very_tall,0_8px,8_16px
1919,29,0000280_02401_d_0000624.jpg,10,motor,7.999520000000075,12.999645000000044,103.99092017040132,9.995282600000127e-05,0.6153644964920233,True,small,tall,0_8px,8_16px
1920,29,0000280_02401_d_0000624.jpg,5,van,20.000159999999937,17.999685000000028,359.99657994959944,0.00034601747399999947,1.1111394449402812,True,large_small,near_square,16_32px,16_32px
1921,29,0000280_02401_d_0000624.jpg,4,car,19.00055999999995,15.999975000000006,304.0084849859993,0.00029220346499999933,1.1875368555263333,True,large_small,near_square,16_32px,8_16px
1922,29,0000280_02401_d_0000624.jpg,2,people,6.000319999999988,14.000265000000013,84.00607008479992,8.074401199999992e-05,0.4285861731902919,True,small,very_tall,0_8px,8_16px
1923,29,0000280_02401_d_0000624.jpg,10,motor,7.999520000000075,11.99978999999999,95.99256010080082,9.226505200000078e-05,0.6666383328374981,True,small,tall,0_8px,8_16px
1924,29,0000280_02401_d_0000624.jpg,4,car,29.000639999999976,14.000265000000013,406.01664516960005,0.00039025052400000005,2.0714350764074787,True,large_small,very_wide,16_32px,8_16px
1925,29,0000280_02401_d_0000624.jpg,5,van,16.000400000000127,14.000264999999985,224.00984010600152,0.00021531126500000145,1.1428640815013247,True,small,near_square,16_32px,8_16px
1926,29,0000280_02401_d_0000624.jpg,4,car,14.999439999999936,15.000119999999981,224.99339993279875,0.00021625663199999881,0.9999546670293274,True,small,near_square,8_16px,8_16px
1927,29,0000280_02401_d_0000624.jpg,1,pedestrian,3.9997600000000375,11.99978999999999,47.99628005040041,4.613252600000039e-05,0.33331916641874904,True,very_small,very_tall,0_8px,8_16px
1928,29,0000280_02401_d_0000624.jpg,5,van,14.999439999999936,15.999975000000006,239.99066501399906,0.0002306715349999991,0.9374664647913469,True,small,near_square,8_16px,8_16px
1929,29,0000280_02401_d_0000624.jpg,4,car,13.000240000000076,11.99978999999999,156.0001499496008,0.00014994247400000076,1.0833722923484566,True,small,near_square,8_16px,8_16px
1930,29,0000280_02401_d_0000624.jpg,2,people,4.999360000000024,10.999934999999965,54.992635041600096,5.285720400000009e-05,0.45448995834975753,True,very_small,very_tall,0_8px,8_16px
1931,29,0000280_02401_d_0000624.jpg,10,motor,6.000319999999988,9.000225,54.00423007199989,5.1907179999999894e-05,0.6666855550833438,True,very_small,tall,0_8px,8_16px
1932,29,0000280_02401_d_0000624.jpg,1,pedestrian,3.999760000000151,12.999644999999987,51.99546008520191,4.997641300000184e-05,0.30768224824602175,True,very_small,very_tall,0_8px,8_16px
1933,29,0000280_02401_d_0000624.jpg,1,pedestrian,3.000159999999937,11.99978999999999,36.00128996639921,3.4603315999999246e-05,0.25001770864322953,True,very_small,very_tall,0_8px,8_16px
1934,29,0000280_02401_d_0000624.jpg,2,people,6.000320000000102,11.999790000000019,72.00257993280132,6.920663200000127e-05,0.5000354172864768,True,small,tall,0_8px,8_16px
1935,29,0000280_02401_d_0000624.jpg,10,motor,12.000639999999862,9.000225000000029,108.0084601439991,0.00010381435999999914,1.3333711101666708,True,small,wide,8_16px,8_16px
1936,29,0000280_02401_d_0000624.jpg,10,motor,4.999360000000024,8.000370000000004,39.996729763200214,3.8443608000000204e-05,0.6248910987866838,True,very_small,tall,0_8px,8_16px
1937,29,0000280_02401_d_0000624.jpg,2,people,4.999360000000024,9.000225000000029,44.995364856000364,4.324814000000035e-05,0.5554705576805034,True,very_small,tall,0_8px,8_16px
1938,29,0000280_02401_d_0000624.jpg,4,car,13.000239999999962,10.999934999999965,143.00179498439914,0.00013744886099999916,1.1818469836412673,True,small,near_square,8_16px,8_16px
1939,29,0000280_02401_d_0000624.jpg,4,car,10.000080000000025,9.000225000000029,90.00297001800051,8.650804500000049e-05,1.111092222694432,True,small,near_square,8_16px,8_16px
1940,29,0000280_02401_d_0000624.jpg,4,car,10.000080000000025,10.000080000000025,100.00160000640051,9.611841600000048e-05,1.0,True,small,near_square,8_16px,8_16px
1941,29,0000280_02401_d_0000624.jpg,2,people,3.999759999999924,6.999750000000006,27.997320059999492,2.691014999999951e-05,0.5714146933818951,True,very_small,tall,0_8px,0_8px
1942,29,0000280_02401_d_0000624.jpg,7,tricycle,9.000480000000039,6.9997499999999775,63.001109880000065,6.0554700000000066e-05,1.285828779599281,True,very_small,near_square,8_16px,0_8px
1943,29,0000280_02401_d_0000624.jpg,2,people,3.000160000000051,6.9997499999999775,21.000369960000288,2.018490000000028e-05,0.42860959319976577,True,very_small,very_tall,0_8px,0_8px
1944,29,0000280_02401_d_0000624.jpg,4,car,10.999680000000012,8.000370000000032,88.00150988160046,8.458430400000044e-05,1.3748964110409854,True,small,wide,8_16px,8_16px
1945,29,0000280_02401_d_0000624.jpg,4,car,10.000080000000025,9.000225000000029,90.00297001800051,8.650804500000049e-05,1.111092222694432,True,small,near_square,8_16px,8_16px
1946,29,0000280_02401_d_0000624.jpg,4,car,9.000480000000039,9.000225000000029,81.0063451080006,7.786077000000057e-05,1.0000283326250188,True,small,near_square,8_16px,8_16px
1947,29,0000280_02401_d_0000624.jpg,4,car,7.999520000000075,6.999750000000006,55.994640120000575,5.382030000000055e-05,1.1428293867638228,True,very_small,near_square,0_8px,0_8px
1948,29,0000280_02401_d_0000624.jpg,5,van,7.999520000000075,8.000370000000004,63.99911982240063,6.15139560000006e-05,0.9998937549138441,True,very_small,near_square,0_8px,8_16px
1949,29,0000280_02401_d_0000624.jpg,1,pedestrian,2.0005599999999504,8.000370000000032,16.005220207199667,1.538371799999968e-05,0.25005843479738343,True,very_small,very_tall,0_8px,8_16px
1950,29,0000280_02401_d_0000624.jpg,1,pedestrian,3.000160000000051,9.000225000000029,27.002115036000543,2.5953590000000523e-05,0.3333427775416771,True,very_small,very_tall,0_8px,8_16px
1951,29,0000280_02401_d_0000624.jpg,5,van,7.999520000000075,8.000370000000032,63.99911982240086,6.151395600000082e-05,0.9998937549138406,True,very_small,near_square,0_8px,8_16px
1952,29,0000280_02401_d_0000624.jpg,5,van,9.000479999999925,8.000370000000004,72.00717017759943,6.921104399999946e-05,1.1250079683814525,True,small,near_square,8_16px,8_16px
1953,29,0000280_02401_d_0000624.jpg,9,bus,16.999999999999886,22.999725000000012,390.9953249999976,0.0003758124999999977,0.7391392723173811,True,large_small,tall,16_32px,16_32px
1954,29,0000280_02401_d_0000624.jpg,5,van,9.000480000000039,9.000225,81.00634510800035,7.786077000000033e-05,1.0000283326250219,True,small,near_square,8_16px,8_16px
1955,29,0000280_02401_d_0000624.jpg,5,van,6.000319999999988,9.000225000000015,54.00423007199998,5.1907179999999975e-05,0.6666855550833427,True,very_small,tall,0_8px,8_16px
1956,29,0000280_02401_d_0000624.jpg,1,pedestrian,2.0005599999999504,5.999894999999995,12.003149941199693,1.1537052999999705e-05,0.33343250173543904,True,tiny,very_tall,0_8px,0_8px
1957,29,0000280_02401_d_0000624.jpg,4,car,6.999919999999975,5.999894999999995,41.998785008399814,4.036792099999982e-05,1.1666737501239572,True,very_small,near_square,0_8px,0_8px
1958,29,0000280_02401_d_0000624.jpg,4,car,6.000319999999988,5.999894999999981,36.00128996639981,3.4603315999999815e-05,1.0000708345729394,True,very_small,near_square,0_8px,0_8px
1959,29,0000280_02401_d_0000624.jpg,5,van,7.999519999999961,8.000370000000004,63.99911982239972,6.151395599999974e-05,0.9998937549138299,True,very_small,near_square,0_8px,8_16px
1960,29,0000280_02401_d_0000624.jpg,2,people,3.999760000000151,4.000184999999988,15.999779955600555,1.5378489000000534e-05,0.9998937549138761,True,tiny,near_square,0_8px,0_8px
1961,29,0000280_02401_d_0000624.jpg,7,tricycle,4.999360000000024,5.999894999999981,29.99563506720005,2.8830868000000045e-05,0.8332412483885202,True,very_small,near_square,0_8px,0_8px
1962,29,0000280_02401_d_0000624.jpg,9,bus,10.000080000000139,12.999644999999973,129.99748997160154,0.00012494952900000148,0.7692579297357859,True,small,near_square,8_16px,8_16px
1963,29,0000280_02401_d_0000624.jpg,4,car,10.999679999999898,5.000039999999984,54.99883998719932,5.286316799999935e-05,2.1999184006527814,True,very_small,very_wide,8_16px,0_8px
1964,29,0000280_02401_d_0000624.jpg,5,van,6.999919999999975,5.999894999999995,41.998785008399814,4.036792099999982e-05,1.1666737501239572,True,very_small,near_square,0_8px,0_8px
1965,29,0000280_02401_d_0000624.jpg,6,truck,7.999520000000075,8.000370000000032,63.99911982240086,6.151395600000082e-05,0.9998937549138406,True,very_small,near_square,0_8px,8_16px
1966,29,0000280_02401_d_0000624.jpg,4,car,6.000320000000102,4.000184999999988,24.002390059200334,2.307034800000032e-05,1.5000106245086464,True,very_small,wide,0_8px,0_8px
1967,29,0000280_02401_d_0000624.jpg,1,pedestrian,31.999439999999936,70.99965000000009,2271.9490401959984,0.0021837264899999985,0.45069855978163126,False,out_of_range,very_tall,16_32px,64px_plus
1968,29,0000280_02401_d_0000624.jpg,4,car,129.00008000000025,103.0003650000001,13287.05532502924,0.012771102773000038,1.2524235229651868,False,out_of_range,near_square,64px_plus,64px_plus
1969,29,0000280_02401_d_0000624.jpg,5,van,104.00055999999995,79.99987500000003,8320.031799929999,0.007996954825,1.3000090312641102,False,out_of_range,near_square,64px_plus,64px_plus
1970,29,0000280_02401_d_0000624.jpg,5,van,77.00048000000015,56.00029499999994,4312.049595141603,0.004144607454000003,1.375001328118008,False,out_of_range,wide,64px_plus,32_64px
1971,29,0000280_02401_d_0000624.jpg,4,car,54.00015999999994,40.0003200000001,2160.023680051203,0.002076147328000003,1.3499932000543946,False,out_of_range,wide,32_64px,32_64px
1972,29,0000280_02401_d_0000624.jpg,1,pedestrian,13.999840000000063,32.99980499999998,461.9919900312018,0.0004440522780000017,0.42424008263079344,True,large_small,very_tall,8_16px,32_64px
1973,29,0000280_02401_d_0000624.jpg,5,van,40.00031999999999,42.00002999999998,1680.0146400095987,0.0016147776239999988,0.9523878911515065,False,out_of_range,near_square,32_64px,32_64px
1974,29,0000280_02401_d_0000624.jpg,4,car,33.00040000000001,32.99980499999998,1089.0067649219998,0.0010467193049999999,1.0000180304095747,False,out_of_range,near_square,32_64px,32_64px
1975,29,0000280_02401_d_0000624.jpg,5,van,34.99959999999999,31.999950000000013,1119.98545002,0.0010764950499999998,1.093739208967513,False,out_of_range,near_square,32_64px,16_32px
1976,29,0000280_02401_d_0000624.jpg,4,car,30.000240000000076,22.999725000000012,689.9972699340021,0.0006632038350000021,1.3043738566439407,True,large_small,near_square,16_32px,16_32px
1977,29,0000280_02401_d_0000624.jpg,5,van,27.00007999999991,25.000200000000063,675.0074000159995,0.0006487960399999995,1.0799945600435135,True,large_small,near_square,16_32px,16_32px
1978,29,0000280_02401_d_0000624.jpg,4,car,26.000479999999925,21.00001500000002,546.0104700071989,0.000524808217999999,1.2381172108686542,True,large_small,near_square,16_32px,16_32px
1979,29,0000280_02401_d_0000624.jpg,5,van,20.99976000000015,17.999685000000028,377.9890650756033,0.0003633112890000032,1.166673750123967,True,large_small,near_square,16_32px,16_32px
1980,30,0000280_02601_d_0000625.jpg,4,car,7.999519999999848,6.999750000000006,55.994640119998984,5.382029999999902e-05,1.1428293867637902,True,very_small,near_square,0_8px,0_8px
1981,30,0000280_02601_d_0000625.jpg,4,car,7.999519999999848,6.9997499999999775,55.994640119998756,5.3820299999998804e-05,1.1428293867637949,True,very_small,near_square,0_8px,0_8px
1982,30,0000280_02601_d_0000625.jpg,4,car,6.999919999999975,6.999750000000006,48.997690019999865,4.709504999999987e-05,1.000024286581659,True,very_small,near_square,0_8px,0_8px
1983,30,0000280_02601_d_0000625.jpg,4,car,6.999920000000088,8.000370000000032,56.00194997040093,5.382732600000089e-05,0.8749495335840792,True,very_small,near_square,0_8px,8_16px
1984,30,0000280_02601_d_0000625.jpg,5,van,6.999919999999975,9.000225000000029,63.00085498199997,6.0554454999999974e-05,0.7777494451527548,True,very_small,near_square,0_8px,8_16px
1985,30,0000280_02601_d_0000625.jpg,4,car,12.000639999999976,11.99978999999999,144.00515986559958,0.0001384132639999996,1.0000708345729372,True,small,near_square,8_16px,8_16px
1986,30,0000280_02601_d_0000625.jpg,9,bus,16.000400000000127,24.00034499999998,384.01512013800277,0.00036910334500000265,0.6666737498981844,True,large_small,tall,16_32px,16_32px
1987,30,0000280_02601_d_0000625.jpg,4,car,9.000479999999925,10.000080000000025,90.00552003839948,8.65104959999995e-05,0.9000407996735929,True,small,near_square,8_16px,8_16px
1988,30,0000280_02601_d_0000625.jpg,4,car,9.000479999999925,9.000225000000029,81.00634510799958,7.78607699999996e-05,1.0000283326250061,True,small,near_square,8_16px,8_16px
1989,30,0000280_02601_d_0000625.jpg,1,pedestrian,3.000160000000051,8.000370000000004,24.00239005920042,2.3070348000000403e-05,0.37500265612716027,True,very_small,very_tall,0_8px,8_16px
1990,30,0000280_02601_d_0000625.jpg,4,car,7.999520000000075,9.000225,71.99747989200068,6.920173000000065e-05,0.8888133352221833,True,small,near_square,0_8px,8_16px
1991,30,0000280_02601_d_0000625.jpg,4,car,14.999439999999936,12.999644999999987,194.98739519879896,0.000187415796999999,1.1538345854829075,True,small,near_square,8_16px,8_16px
1992,30,0000280_02601_d_0000625.jpg,4,car,16.000400000000013,15.00012000000001,240.00792004800036,0.00023068812000000033,1.0666847998549347,True,small,near_square,16_32px,8_16px
1993,30,0000280_02601_d_0000625.jpg,4,car,16.000400000000127,14.000264999999985,224.00984010600152,0.00021531126500000145,1.1428640815013247,True,small,near_square,16_32px,8_16px
1994,30,0000280_02601_d_0000625.jpg,4,car,19.00055999999995,19.000304999999997,361.016435170799,0.00034699772699999903,1.0000134208371894,True,large_small,near_square,16_32px,16_32px
1995,30,0000280_02601_d_0000625.jpg,4,car,20.999760000000038,21.00001499999999,440.9952749964006,0.0004238708910000006,0.9999878571515328,True,large_small,near_square,16_32px,16_32px
1996,30,0000280_02601_d_0000625.jpg,4,car,19.00055999999995,21.99986999999996,418.0098499271981,0.0004017780179999982,0.8636669216681728,True,large_small,near_square,16_32px,16_32px
1997,30,0000280_02601_d_0000625.jpg,4,car,36.000560000000064,38.99970000000002,1404.0110398320032,0.001349491580000003,0.9230983828080741,False,out_of_range,near_square,32_64px,32_64px
1998,30,0000280_02601_d_0000625.jpg,4,car,27.000079999999798,24.00034499999998,648.0112350275947,0.0006228481689999949,1.1249871616428773,True,large_small,near_square,16_32px,16_32px
1999,30,0000280_02601_d_0000625.jpg,4,car,65.99944000000005,77.00031000000001,5081.977339826405,0.004884637966000005,0.8571321336238781,False,out_of_range,near_square,64px_plus,64px_plus
2000,30,0000280_02601_d_0000625.jpg,4,car,61.000080000000025,68.99993999999992,4209.001859995197,0.004045561187999997,0.8840598991825224,False,out_of_range,near_square,32_64px,64px_plus
2001,30,0000280_02601_d_0000625.jpg,4,car,112.00007999999997,89.999955,10080.002159996397,0.009688583390999997,1.2444459555563108,False,out_of_range,near_square,64px_plus,64px_plus
2002,30,0000280_02601_d_0000625.jpg,4,car,132.99983999999995,132.99984000000006,17688.957440025602,0.017002073664000004,0.9999999999999991,False,out_of_range,near_square,64px_plus,64px_plus
2003,30,0000280_02601_d_0000625.jpg,10,motor,31.99944000000005,51.000254999999925,1631.9795998572001,0.0015686078430000002,0.6274368628156878,False,out_of_range,tall,16_32px,32_64px
2004,30,0000280_02601_d_0000625.jpg,2,people,27.99968000000007,48.99977999999999,1371.978160070403,0.0013187025760000028,0.5714246063961935,False,out_of_range,tall,16_32px,32_64px
2005,30,0000280_02601_d_0000625.jpg,5,van,61.99968000000001,84.99991500000004,5269.967530027204,0.005065328268000003,0.7294087294087291,False,out_of_range,tall,32_64px,64px_plus
2006,30,0000280_02601_d_0000625.jpg,4,car,57.00031999999993,49.999634999999955,2849.995194883194,0.0027393264079999943,1.140014722107471,False,out_of_range,near_square,32_64px,32_64px
2007,30,0000280_02601_d_0000625.jpg,4,car,47.99984000000006,47.99992499999996,2303.988720012001,0.002214522030000001,0.9999982291639018,False,out_of_range,near_square,32_64px,32_64px
2008,30,0000280_02601_d_0000625.jpg,4,car,40.99992000000003,42.999885000000006,1762.9918450092016,0.0016945327230000016,0.9534890616567934,False,out_of_range,near_square,32_64px,32_64px
2009,30,0000280_02601_d_0000625.jpg,4,car,34.99959999999999,31.000094999999988,1084.990924961999,0.0010428594049999992,1.1290158949512896,False,out_of_range,near_square,32_64px,16_32px
2010,30,0000280_02601_d_0000625.jpg,4,car,33.00040000000001,26.00005500000003,858.0122150220014,0.0008246945550000014,1.2692434689080454,True,large_small,near_square,32_64px,16_32px
2011,30,0000280_02601_d_0000625.jpg,4,car,33.0003999999999,30.00024000000002,990.0199200959976,0.0009515762399999977,1.100004533297063,True,large_small,near_square,32_64px,16_32px
2012,30,0000280_02601_d_0000625.jpg,4,car,21.99935999999991,25.000200000000007,549.9883998719979,0.0005286316799999979,0.8799673602611141,True,large_small,near_square,16_32px,16_32px
2013,30,0000280_02601_d_0000625.jpg,1,pedestrian,6.000319999999988,16.999829999999974,102.00441994559964,9.804346399999965e-05,0.35296352963529615,True,small,very_tall,0_8px,16_32px
2014,30,0000280_02601_d_0000625.jpg,1,pedestrian,10.000080000000139,21.99986999999993,220.00045998960238,0.00021145757400000228,0.45455177689687126,True,small,very_tall,8_16px,16_32px
2015,30,0000280_02601_d_0000625.jpg,1,pedestrian,6.999920000000088,19.000304999999997,133.00061497560165,0.0001278360390000016,0.36841092814036874,True,small,very_tall,0_8px,16_32px
2016,30,0000280_02601_d_0000625.jpg,1,pedestrian,10.000079999999912,31.00009499999993,310.0034300075966,0.00029796561899999674,0.3225822372479805,True,large_small,very_tall,8_16px,16_32px
2017,30,0000280_02601_d_0000625.jpg,4,car,133.99944000000028,62.000189999999975,8307.990739893614,0.007985381334000013,2.1612746670615097,False,out_of_range,very_wide,64px_plus,32_64px
2018,30,0000280_02601_d_0000625.jpg,4,car,88.99976000000015,89.999955,8009.974395010813,0.0076989373270000125,0.9888867166655823,False,out_of_range,near_square,64px_plus,64px_plus
2019,30,0000280_02601_d_0000625.jpg,4,car,85.0,73.00012500000003,6205.010625000003,0.005964062500000002,1.1643815678397806,False,out_of_range,near_square,64px_plus,64px_plus
2020,30,0000280_02601_d_0000625.jpg,4,car,55.99936000000014,42.00002999999998,2351.9747999808046,0.0022606447520000044,1.3333171428687114,False,out_of_range,near_square,32_64px,32_64px
2021,30,0000280_02601_d_0000625.jpg,4,car,51.000000000000114,40.00031999999999,2040.016320000004,0.001960800000000004,1.2749898000816027,False,out_of_range,near_square,32_64px,32_64px
2022,30,0000280_02601_d_0000625.jpg,4,car,41.999520000000075,28.999619999999993,1217.9701201824018,0.0011706748560000018,1.4482782877844635,False,out_of_range,wide,32_64px,16_32px
2023,30,0000280_02601_d_0000625.jpg,4,car,36.00055999999984,31.999950000000013,1152.0161199719953,0.0011072819299999955,1.1250192578425848,False,out_of_range,near_square,32_64px,16_32px
2024,30,0000280_02601_d_0000625.jpg,4,car,33.00040000000001,27.999764999999968,924.0034449059993,0.0008881232649999994,1.1785956060702671,True,large_small,near_square,32_64px,16_32px
2025,30,0000280_02601_d_0000625.jpg,4,car,26.000479999999925,22.999725000000012,598.0038898679986,0.0005747826699999987,1.1304691686530997,True,large_small,near_square,16_32px,16_32px
2026,30,0000280_02601_d_0000625.jpg,10,motor,12.00064000000009,28.99962000000005,348.0139997568032,0.000334500192000003,0.4138205948905561,True,large_small,very_tall,8_16px,16_32px
2027,30,0000280_02601_d_0000625.jpg,2,people,10.000080000000025,26.999909999999943,270.0012599928001,0.0002595167820000001,0.3703745679152281,True,large_small,very_tall,8_16px,16_32px
2028,30,0000280_02601_d_0000625.jpg,2,people,13.000239999999962,31.0000950000001,403.00867502280016,0.00038735935700000013,0.4193612955057047,True,large_small,very_tall,8_16px,16_32px
2029,30,0000280_02601_d_0000625.jpg,10,motor,10.999680000000126,27.999764999999968,307.98845507520315,0.000296028888000003,0.3928490114113507,True,large_small,very_tall,8_16px,16_32px
2030,30,0000280_02601_d_0000625.jpg,2,people,13.999840000000063,26.000054999999975,363.9966099912013,0.00034986217800000123,0.5384542455775604,True,large_small,tall,8_16px,16_32px
2031,30,0000280_02601_d_0000625.jpg,3,bicycle,9.000480000000039,19.00030499999997,171.01186514640045,0.00016437126600000044,0.4737018695226236,True,small,very_tall,8_16px,16_32px
2032,30,0000280_02601_d_0000625.jpg,2,people,6.000320000000102,20.000159999999937,120.00736005120166,0.0001153473280000016,0.3000135998912069,True,small,very_tall,0_8px,16_32px
2033,30,0000280_02601_d_0000625.jpg,10,motor,6.999919999999975,12.999645000000044,90.99647502839997,8.746297099999997e-05,0.5384700889908879,True,small,tall,0_8px,8_16px
2034,30,0000280_02601_d_0000625.jpg,2,people,4.999360000000024,14.000265000000013,69.9923648304004,6.72744760000004e-05,0.35709038364631096,True,small,very_tall,0_8px,8_16px
2035,30,0000280_02601_d_0000625.jpg,2,people,3.999759999999924,14.000264999999985,55.997699936398874,5.382324099999892e-05,0.28569173512072293,True,very_small,very_tall,0_8px,8_16px
2036,30,0000280_02601_d_0000625.jpg,2,people,3.999759999999924,8.000370000000004,31.999559911199405,3.075697799999943e-05,0.49994687745690786,True,very_small,very_tall,0_8px,8_16px
2037,30,0000280_02601_d_0000625.jpg,2,people,4.9993599999999105,10.000079999999969,49.99399994879895,4.805267199999899e-05,0.4999320005439883,True,very_small,very_tall,0_8px,8_16px
2038,30,0000280_02601_d_0000625.jpg,2,people,4.999360000000024,9.000225,44.99536485600022,4.3248140000000216e-05,0.5554705576805051,True,very_small,tall,0_8px,8_16px
2039,30,0000280_02601_d_0000625.jpg,10,motor,3.999759999999924,6.9997499999999775,27.997320059999378,2.6910149999999402e-05,0.5714146933818974,True,very_small,tall,0_8px,0_8px
2040,30,0000280_02601_d_0000625.jpg,10,motor,4.9993599999999105,8.000369999999947,39.99672976319902,3.844360799999906e-05,0.624891098786674,True,very_small,tall,0_8px,8_16px
2041,30,0000280_02601_d_0000625.jpg,10,motor,4.999360000000024,8.000369999999975,39.99672976320007,3.844360800000007e-05,0.624891098786686,True,very_small,tall,0_8px,8_16px
2042,30,0000280_02601_d_0000625.jpg,10,motor,13.00024000000019,9.000225000000029,117.00508505400208,0.000112461635000002,1.4444350002361217,True,small,wide,8_16px,8_16px
2043,30,0000280_02601_d_0000625.jpg,2,people,6.999919999999975,12.999645000000015,90.99647502839977,8.746297099999978e-05,0.5384700889908891,True,small,tall,0_8px,8_16px
2044,30,0000280_02601_d_0000625.jpg,2,people,3.000159999999937,6.999750000000006,21.000369959999578,2.0184899999999594e-05,0.4286095931997478,True,very_small,very_tall,0_8px,0_8px
2045,30,0000280_02601_d_0000625.jpg,4,car,72.99936,51.00025499999998,3722.9859748367985,0.0035784178919999986,1.4313528432357843,False,out_of_range,wide,64px_plus,32_64px
2046,30,0000280_02601_d_0000625.jpg,4,car,61.00007999999997,37.99984500000005,2317.993584987602,0.0022279830690000017,1.6052718109771207,False,out_of_range,wide,32_64px,32_64px
2047,30,0000280_02601_d_0000625.jpg,4,car,43.00047999999998,38.99970000000002,1677.005819856,0.00161188564,1.102584891678653,False,out_of_range,near_square,32_64px,32_64px
2048,30,0000280_02601_d_0000625.jpg,4,car,57.00031999999999,35.000279999999975,1995.027160089598,0.001917557823999998,1.6285675428882291,False,out_of_range,wide,32_64px,32_64px
2049,30,0000280_02601_d_0000625.jpg,4,car,41.99951999999996,21.00001500000002,881.9905499928,0.000847741782,1.9999757143030577,True,large_small,wide,32_64px,16_32px
2050,30,0000280_02601_d_0000625.jpg,4,car,38.99936000000008,26.999910000000057,1052.9792100576044,0.0010120907440000042,1.4444255554925924,False,out_of_range,wide,32_64px,16_32px
2051,30,0000280_02601_d_0000625.jpg,4,car,108.00031999999999,54.999675000000025,5939.982499896002,0.005709325740000002,1.9636537852269116,False,out_of_range,wide,64px_plus,32_64px
2052,30,0000280_02601_d_0000625.jpg,1,pedestrian,13.000239999999962,30.000239999999906,390.01032005759765,0.00037486574399999773,0.4333378666304004,True,large_small,very_tall,8_16px,16_32px
2053,31,0000287_01201_d_0000765.jpg,4,car,80.99956,102.99998249999999,8342.953262507699,0.008018986219249999,0.7864036287578983,False,out_of_range,near_square,64px_plus,64px_plus
2054,31,0000287_01201_d_0000765.jpg,4,car,128.00048,116.999865,14976.0388799352,0.014394501038000001,1.094022458914803,False,out_of_range,near_square,64px_plus,64px_plus
2055,31,0000287_01201_d_0000765.jpg,5,van,72.99936000000014,128.99965500000002,9416.892255220819,0.009051222852000019,0.5658880250493703,False,out_of_range,tall,64px_plus,64px_plus
2056,31,0000287_01201_d_0000765.jpg,3,bicycle,27.999680000000012,68.99993999999992,1931.9762400191987,0.0018569552479999988,0.40579281663143535,False,out_of_range,very_tall,16_32px,64px_plus
2057,31,0000287_01201_d_0000765.jpg,4,car,106.99935999999991,105.99993000000006,11341.924670044797,0.010901503911999996,1.009428591132087,False,out_of_range,near_square,64px_plus,64px_plus
2058,31,0000287_01201_d_0000765.jpg,10,motor,30.99983999999995,69.99979500000006,2169.9824450327983,0.0020857193819999982,0.4428561540787358,False,out_of_range,very_tall,16_32px,64px_plus
2059,31,0000287_01201_d_0000765.jpg,1,pedestrian,21.999360000000024,48.99977999999999,1077.963800140801,0.001036105152000001,0.44896854638939254,False,out_of_range,very_tall,16_32px,32_64px
2060,31,0000287_01201_d_0000765.jpg,4,car,47.00023999999996,42.99988499999995,2021.004914972396,0.001942526830999996,1.0930317604337783,False,out_of_range,near_square,32_64px,32_64px
2061,31,0000287_01201_d_0000765.jpg,4,car,37.999759999999924,42.00002999999998,1595.9910599927962,0.0015340167819999963,0.9047555442222289,False,out_of_range,near_square,32_64px,32_64px
2062,31,0000287_01201_d_0000765.jpg,2,people,12.000639999999862,17.999685000000056,216.0077397983982,0.00020761989599999827,0.6667138897152824,True,small,tall,8_16px,16_32px
2063,31,0000287_01201_d_0000765.jpg,10,motor,29.000639999999862,21.999869999999987,638.0103099167966,0.0006132355919999967,1.3182186985650315,True,large_small,near_square,16_32px,16_32px
2064,31,0000287_01201_d_0000765.jpg,10,motor,50.00039999999997,36.000135,1800.021150053999,0.001730124134999999,1.3888947916445304,False,out_of_range,wide,32_64px,32_64px
2065,31,0000287_01201_d_0000765.jpg,10,motor,44.99968000000001,28.99962000000005,1304.9736201216026,0.0012542999040000024,1.5517334365070967,False,out_of_range,wide,32_64px,16_32px
2066,31,0000287_01201_d_0000765.jpg,1,pedestrian,19.000560000000007,31.000095000000044,589.019165053201,0.000566146833000001,0.6129194120211561,True,large_small,tall,16_32px,16_32px
2067,31,0000287_01201_d_0000765.jpg,1,pedestrian,17.0,42.999885000000006,730.998045,0.0007026125000000001,0.3953498945404156,True,large_small,very_tall,16_32px,32_64px
2068,31,0000287_01201_d_0000765.jpg,1,pedestrian,10.000079999999997,31.000094999999988,310.0034300075998,0.0002979656189999998,0.3225822372479827,True,large_small,very_tall,8_16px,16_32px
2069,31,0000287_01201_d_0000765.jpg,4,car,81.00023999999996,62.000189999999975,5022.030270045596,0.004827018713999996,1.3064514802293348,False,out_of_range,near_square,64px_plus,32_64px
2070,31,0000287_01201_d_0000765.jpg,4,car,64.00023999999996,52.00011000000001,3328.0195200263984,0.0031987884659999983,1.2307712425992936,False,out_of_range,near_square,64px_plus,32_64px
2071,31,0000287_01201_d_0000765.jpg,1,pedestrian,10.000079999999969,25.000200000000007,250.00400001599928,0.0002402960399999993,0.39999999999999863,True,small,very_tall,8_16px,16_32px
2072,31,0000287_01201_d_0000765.jpg,4,car,51.0,42.00003000000004,2142.001530000002,0.0020588250000000015,1.2142848469393939,False,out_of_range,near_square,32_64px,32_64px
2073,31,0000287_01201_d_0000765.jpg,4,car,60.00048000000004,43.99974,2640.005519875202,0.002537490888000002,1.3636553306905912,False,out_of_range,wide,32_64px,32_64px
2074,31,0000287_01201_d_0000765.jpg,4,car,40.99992000000009,28.99962000000005,1188.9821000304046,0.0011428124760000044,1.4138088705989946,False,out_of_range,wide,32_64px,16_32px
2075,31,0000287_01201_d_0000765.jpg,5,van,36.00056000000001,37.999844999999965,1368.0156999131991,0.0013148939829999992,0.9473870222365391,False,out_of_range,near_square,32_64px,32_64px
2076,31,0000287_01201_d_0000765.jpg,4,car,31.999439999999993,31.000094999999988,991.9856799467993,0.0009534656669999994,1.0322368366935653,True,large_small,near_square,16_32px,16_32px
2077,31,0000287_01201_d_0000765.jpg,5,van,64.00023999999996,32.99980499999998,2111.9954399531975,0.002029984082999998,1.9394126722870029,False,out_of_range,wide,64px_plus,32_64px
2078,31,0000287_01201_d_0000765.jpg,4,car,53.00056000000001,27.999764999999996,1484.0032248684,0.0014263775709999998,1.8928930296379278,False,out_of_range,wide,32_64px,16_32px
2079,31,0000287_01201_d_0000765.jpg,7,tricycle,16.999999999999886,20.000159999999966,340.0027199999971,0.0003267999999999972,0.8499932000543954,True,large_small,near_square,16_32px,16_32px
2080,31,0000287_01201_d_0000765.jpg,2,people,10.999680000000012,21.99986999999996,241.99153004159982,0.00023259470399999982,0.4999884090224184,True,small,very_tall,8_16px,16_32px
2081,31,0000287_01201_d_0000765.jpg,7,tricycle,14.999439999999936,20.000159999999994,299.9911999103986,0.00028834217599999867,0.7499660002719949,True,large_small,tall,8_16px,16_32px
2082,31,0000287_01201_d_0000765.jpg,2,people,9.000480000000039,19.000304999999997,171.0118651464007,0.0001643712660000007,0.47370186952262294,True,small,very_tall,8_16px,16_32px
2083,31,0000287_01201_d_0000765.jpg,5,van,30.999840000000063,32.99980499999998,1022.9886750312015,0.0009832647780000014,0.9393946418774317,True,large_small,near_square,16_32px,32_64px
2084,31,0000287_01201_d_0000765.jpg,4,car,27.999680000000012,31.000094999999988,867.9927399696,0.000834287524,0.9032127159610325,True,large_small,near_square,16_32px,16_32px
2085,31,0000287_01201_d_0000765.jpg,4,car,26.00048000000004,24.00034499999998,624.0204901656004,0.0005997890140000005,1.0833377603530308,True,large_small,near_square,16_32px,16_32px
2086,31,0000287_01201_d_0000765.jpg,4,car,23.999919999999975,22.999725000000012,551.9915600219997,0.0005305570549999997,1.0434872590867919,True,large_small,near_square,16_32px,16_32px
2087,31,0000287_01201_d_0000765.jpg,4,car,23.0003200000001,21.00001499999999,483.0070650048019,0.00046425131200000184,1.095252551010088,True,large_small,near_square,16_32px,16_32px
2088,31,0000287_01201_d_0000765.jpg,4,car,40.99992000000009,21.99987,901.9929100104019,0.0008669674260000018,1.8636437397130112,True,large_small,wide,32_64px,16_32px
2089,31,0000287_01201_d_0000765.jpg,4,car,20.000159999999937,20.000159999999994,400.0064000255986,0.0003844736639999987,0.9999999999999971,True,large_small,near_square,16_32px,16_32px
2090,31,0000287_01201_d_0000765.jpg,5,van,20.00016000000005,25.000199999999978,500.00800003200084,0.00048059208000000083,0.8000000000000027,True,large_small,near_square,16_32px,16_32px
2091,31,0000287_01201_d_0000765.jpg,4,car,40.00031999999999,17.999685000000028,719.9931598992009,0.0006920349480000009,2.222278889880569,True,large_small,very_wide,32_64px,16_32px
2092,31,0000287_01201_d_0000765.jpg,4,car,19.00055999999995,15.999975000000006,304.0084849859993,0.00029220346499999933,1.1875368555263333,True,large_small,near_square,16_32px,8_16px
2093,31,0000287_01201_d_0000765.jpg,4,car,26.00048000000004,26.99991000000003,702.0106199568017,0.0006747506920000017,0.9629839506872434,True,large_small,near_square,16_32px,16_32px
2094,31,0000287_01201_d_0000765.jpg,4,car,21.999360000000024,20.000159999999994,439.99071989760034,0.0004229053440000003,1.099959200326399,True,large_small,near_square,16_32px,16_32px
2095,31,0000287_01201_d_0000765.jpg,5,van,20.00016000000005,21.999870000000016,440.00091997920146,0.0004229151480000014,0.9091035537937286,True,large_small,near_square,16_32px,16_32px
2096,31,0000287_01201_d_0000765.jpg,1,pedestrian,4.999360000000024,14.000265000000013,69.9923648304004,6.72744760000004e-05,0.35709038364631096,True,small,very_tall,0_8px,8_16px
2097,31,0000287_01201_d_0000765.jpg,1,pedestrian,6.000319999999988,14.000265000000013,84.00607008479992,8.074401199999992e-05,0.4285861731902919,True,small,very_tall,0_8px,8_16px
2098,31,0000287_01201_d_0000765.jpg,5,van,13.99983999999995,15.00012000000001,209.99927998079937,0.0002018447519999994,0.9333152001450615,True,small,near_square,8_16px,8_16px
2099,31,0000287_01201_d_0000765.jpg,4,car,16.999999999999886,12.999644999999987,220.9939649999983,0.00021241249999999837,1.3077280187266578,True,small,near_square,16_32px,8_16px
2100,31,0000287_01201_d_0000765.jpg,10,motor,7.999520000000075,10.000079999999983,79.99583996160061,7.688950400000059e-05,0.7999456004352054,True,small,near_square,0_8px,8_16px
2101,31,0000287_01201_d_0000765.jpg,2,people,4.999360000000024,10.000080000000025,49.99399994880037,4.805267200000036e-05,0.4999320005439968,True,very_small,very_tall,0_8px,8_16px
2102,31,0000287_01201_d_0000765.jpg,4,car,17.0,15.00012000000001,255.00204000000016,0.00024510000000000016,1.1333242667391987,True,small,near_square,16_32px,8_16px
2103,31,0000287_01201_d_0000765.jpg,10,motor,6.999920000000088,10.000080000000011,69.99975999360096,6.728158400000093e-05,0.6999864001088072,True,small,tall,0_8px,8_16px
2104,31,0000287_01201_d_0000765.jpg,2,people,6.000319999999874,10.999934999999994,66.00312997919858,6.344014799999863e-05,0.5454868596950689,True,small,tall,0_8px,8_16px
2105,31,0000287_01201_d_0000765.jpg,4,car,16.000400000000013,12.999645000000001,207.99951985800018,0.0001999226450000002,1.2308336112255382,True,small,near_square,16_32px,8_16px
2106,31,0000287_01201_d_0000765.jpg,4,car,23.0003200000001,11.999790000000004,275.9990099328013,0.00026528163200000124,1.916726876053672,True,large_small,wide,16_32px,8_16px
2107,31,0000287_01201_d_0000765.jpg,4,car,13.999840000000063,14.000265000000013,196.00146995760107,0.00018839049400000104,0.9999696434317529,True,small,near_square,8_16px,8_16px
2108,31,0000287_01201_d_0000765.jpg,4,car,16.000400000000127,15.000120000000024,240.0079200480023,0.0002306881200000022,1.0666847998549414,True,small,near_square,16_32px,8_16px
2109,31,0000287_01201_d_0000765.jpg,2,people,24.999519999999848,38.999700000000075,974.9737801439959,0.000937114359999996,0.6410182642430531,True,large_small,tall,16_32px,32_64px
2110,31,0000287_01201_d_0000765.jpg,2,people,36.00055999999972,52.99996499999986,1908.0284199803802,0.001833937350999981,0.6792562976220798,False,out_of_range,tall,32_64px,32_64px
2111,31,0000287_01201_d_0000765.jpg,2,people,27.9996799999999,43.999739999999974,1231.9786400831947,0.001184139407999995,0.636360123946185,False,out_of_range,tall,16_32px,32_64px
2112,31,0000287_01201_d_0000765.jpg,7,tricycle,65.99944000000005,68.00008500000001,4487.967529952404,0.004313694281000004,0.9705787867765171,False,out_of_range,near_square,64px_plus,64px_plus
2113,31,0000287_01201_d_0000765.jpg,10,motor,44.00008000000025,48.99977999999999,2155.9942399824117,0.0020722743560000114,0.8979648480054454,False,out_of_range,near_square,32_64px,32_64px
2114,31,0000287_01201_d_0000765.jpg,1,pedestrian,19.00055999999995,52.00010999999995,988.0312100615964,0.0009496647539999966,0.36539461166524395,True,large_small,very_tall,16_32px,32_64px
2115,31,0000287_01201_d_0000765.jpg,1,pedestrian,4.999360000000024,11.999790000000004,59.99127013440031,5.76617360000003e-05,0.4166206241942586,True,very_small,very_tall,0_8px,8_16px
2116,31,0000287_01201_d_0000765.jpg,4,car,10.000080000000139,10.999935000000008,110.00022999480161,0.00010572878700000155,0.909103553793739,True,small,near_square,8_16px,8_16px
2117,31,0000287_01201_d_0000765.jpg,4,car,10.000079999999912,10.000080000000004,100.00160000639916,9.61184159999992e-05,0.9999999999999908,True,small,near_square,8_16px,8_16px
2118,31,0000287_01201_d_0000765.jpg,1,pedestrian,4.999360000000024,10.000080000000004,49.993999948800266,4.8052672000000256e-05,0.4999320005439979,True,very_small,very_tall,0_8px,8_16px
2119,31,0000287_01201_d_0000765.jpg,1,pedestrian,3.999760000000151,10.000079999999997,39.9979199808015,3.844475200000144e-05,0.3999728002176135,True,very_small,very_tall,0_8px,8_16px
2120,31,0000287_01201_d_0000765.jpg,5,van,6.999920000000088,10.000079999999997,69.99975999360086,6.728158400000083e-05,0.6999864001088082,True,small,tall,0_8px,8_16px
2121,32,0000289_02201_d_0000822.jpg,4,car,199.00063999999998,79.99987500000003,15920.026324920005,0.015301832300000005,2.487511886737322,False,out_of_range,very_wide,64px_plus,64px_plus
2122,32,0000289_02201_d_0000822.jpg,4,car,160.99952000000002,80.99973000000006,13040.91765012961,0.01253452292400001,1.9876550205784624,False,out_of_range,wide,64px_plus,64px_plus
2123,32,0000289_02201_d_0000822.jpg,4,car,176.99991999999997,82.00034999999997,14514.055389971993,0.013950456929999994,2.1585263965336736,False,out_of_range,very_wide,64px_plus,64px_plus
2124,32,0000289_02201_d_0000822.jpg,4,car,182.00063999999998,128.99965500000008,23478.01976977921,0.02256633964800001,1.410861447652708,False,out_of_range,wide,64px_plus,64px_plus
2125,32,0000289_02201_d_0000822.jpg,4,car,58.999520000000075,75.99968999999987,4483.945230148798,0.004309828171999998,0.7763126402226137,False,out_of_range,near_square,32_64px,64px_plus
2126,32,0000289_02201_d_0000822.jpg,4,car,43.000479999999925,57.00014999999996,2451.033810071994,0.0023558571799999943,0.7543924007217516,False,out_of_range,near_square,32_64px,32_64px
2127,32,0000289_02201_d_0000822.jpg,4,car,187.0,112.99968000000001,21130.940160000002,0.020310400000000003,1.6548719430001924,False,out_of_range,wide,64px_plus,64px_plus
2128,32,0000289_02201_d_0000822.jpg,4,car,155.00056000000006,158.99989500000004,24645.072764941215,0.023688074553000014,0.9748469330750189,False,out_of_range,near_square,64px_plus,64px_plus
2129,32,0000289_02201_d_0000822.jpg,4,car,145.00048000000004,177.000345,25665.13498516561,0.02466852651400001,0.8192101546468739,False,out_of_range,near_square,64px_plus,64px_plus
2130,32,0000289_02201_d_0000822.jpg,4,car,190.00016,121.99990500000003,23180.001469984803,0.022279893762000003,1.5573795733693396,False,out_of_range,wide,64px_plus,64px_plus
2131,32,0000289_02201_d_0000822.jpg,4,car,92.99952000000008,179.99991,16739.905230043212,0.01608987430800001,0.5166642583321296,False,out_of_range,tall,64px_plus,64px_plus
2132,32,0000289_02201_d_0000822.jpg,1,pedestrian,46.0006400000002,28.99962000000002,1334.0010797568068,0.0012822001920000064,1.5862497508588103,False,out_of_range,wide,32_64px,16_32px
2133,32,0000289_02201_d_0000822.jpg,1,pedestrian,34.9996000000001,28.999619999999965,1014.9751001520017,0.0009755623800000016,1.206898573153722,True,large_small,near_square,32_64px,16_32px
2134,32,0000289_02201_d_0000822.jpg,1,pedestrian,27.999680000000126,32.999804999999924,923.983980062402,0.0008881045560000019,0.8484801652615884,True,large_small,near_square,16_32px,32_64px
2135,32,0000289_02201_d_0000822.jpg,4,car,101.00040000000001,86.99962500000004,8786.996924850006,0.008445787125000005,1.1609291419359562,False,out_of_range,near_square,64px_plus,64px_plus
2136,32,0000289_02201_d_0000822.jpg,4,car,98.99984000000006,79.99987499999997,7919.974825020003,0.007612432550000003,1.2374999335936474,False,out_of_range,near_square,64px_plus,64px_plus
2137,32,0000289_02201_d_0000822.jpg,10,motor,71.00016,28.99962000000005,2058.9776599392035,0.0019790250480000034,2.4483134606591355,False,out_of_range,very_wide,64px_plus,16_32px
2138,32,0000289_02201_d_0000822.jpg,2,people,16.999999999999943,21.00001499999985,357.00025499999623,0.00034313749999999635,0.8095232312929331,True,large_small,near_square,16_32px,16_32px
2139,32,0000289_02201_d_0000822.jpg,10,motor,65.99943999999999,35.00028000000003,2309.998879843202,0.002220298808000002,1.8856832002486819,False,out_of_range,wide,64px_plus,32_64px
2140,32,0000289_02201_d_0000822.jpg,2,people,20.999759999999952,33.999660000000006,713.9847000815985,0.0006862598039999986,0.6176461764617631,True,large_small,tall,16_32px,32_64px
2141,32,0000289_02201_d_0000822.jpg,2,people,20.000159999999994,33.99966000000006,679.9986399456011,0.000653593464000001,0.5882458824588234,True,large_small,tall,16_32px,32_64px
2142,32,0000289_02201_d_0000822.jpg,2,people,23.00031999999996,26.000054999999975,598.0095850175984,0.0005747881439999985,0.8846258209838396,True,large_small,near_square,16_32px,16_32px
2143,32,0000289_02201_d_0000822.jpg,2,people,21.999360000000024,26.000054999999975,571.9845699648001,0.0005497737120000001,0.8461274408842614,True,large_small,near_square,16_32px,16_32px
2144,32,0000289_02201_d_0000822.jpg,10,motor,78.00007999999997,33.99966000000006,2651.976199972804,0.0025489967320000036,2.294142941429409,False,out_of_range,very_wide,64px_plus,32_64px
2145,32,0000289_02201_d_0000822.jpg,10,motor,24.99951999999996,58.99985999999997,1474.968180067197,0.001417693367999997,0.4237216834073839,False,out_of_range,very_tall,16_32px,32_64px
2146,32,0000289_02201_d_0000822.jpg,10,motor,48.99943999999999,48.99978,2400.9617801232,0.002307729508,0.9999930611933358,False,out_of_range,near_square,32_64px,32_64px
2147,32,0000289_02201_d_0000822.jpg,10,motor,65.99944000000005,41.000174999999984,2705.988589902001,0.002600911755000001,1.6097355682018448,False,out_of_range,wide,64px_plus,32_64px
2148,32,0000289_02201_d_0000822.jpg,10,motor,36.00056000000001,63.9999,2304.032239944,0.00221456386,0.5625096289212953,False,out_of_range,tall,32_64px,32_64px
2149,32,0000289_02201_d_0000822.jpg,10,motor,30.999840000000063,59.99971499999998,1859.9815650456032,0.0017877562140000032,0.5166664541656585,False,out_of_range,tall,16_32px,32_64px
2150,33,0000289_06001_d_0000841.jpg,10,motor,34.00000000000006,57.9996225000001,1971.9871650000066,0.0018954125000000064,0.5862107119748926,False,out_of_range,tall,32_64px,32_64px
2151,33,0000289_06001_d_0000841.jpg,1,pedestrian,47.000240000000005,47.00007000000005,2209.0145700168027,0.0021232358420000025,1.0000036170158886,False,out_of_range,near_square,32_64px,32_64px
2152,33,0000289_06001_d_0000841.jpg,4,car,108.0003200000001,152.00014499999997,16416.06430004641,0.01577860851600001,0.7105277432465615,False,out_of_range,tall,64px_plus,64px_plus
2153,33,0000289_06001_d_0000841.jpg,1,pedestrian,23.000319999999988,64.99975499999994,1495.0151649215977,0.0014369619039999977,0.35385241067447115,False,out_of_range,very_tall,16_32px,64px_plus
2154,33,0000289_06001_d_0000841.jpg,1,pedestrian,26.00048000000004,64.99975499999994,1690.0248298824008,0.0016243991060000008,0.40000889234121056,False,out_of_range,very_tall,16_32px,64px_plus
2155,33,0000289_06001_d_0000841.jpg,4,car,74.99991999999992,114.00029999999992,8550.013379975984,0.008218005939999985,0.6578923037921827,False,out_of_range,tall,64px_plus,64px_plus
2156,33,0000289_06001_d_0000841.jpg,1,pedestrian,24.99951999999996,52.999964999999975,1324.9736850167974,0.0012735233419999975,0.471689368096752,False,out_of_range,very_tall,16_32px,32_64px
2157,33,0000289_06001_d_0000841.jpg,10,motor,46.00064000000003,37.99984500000005,1748.0171899008035,0.0016801395520000034,1.2105480956567052,False,out_of_range,near_square,32_64px,32_64px
2158,33,0000289_06001_d_0000841.jpg,10,motor,48.999439999999964,36.00013499999994,1763.986454924396,0.001695488710999996,1.3610904514663638,False,out_of_range,wide,32_64px,32_64px
2159,33,0000289_06001_d_0000841.jpg,10,motor,47.00024000000002,36.99998999999997,1739.0084099975993,0.0016714805939999993,1.2702771000748936,False,out_of_range,near_square,32_64px,32_64px
2160,33,0000289_06001_d_0000841.jpg,4,car,54.999759999999924,68.00008500000001,3739.9883549795954,0.0035947600489999957,0.8088189889762625,False,out_of_range,near_square,32_64px,64px_plus
2161,33,0000289_06001_d_0000841.jpg,5,van,99.99943999999994,77.00031000000001,7699.987879826396,0.0074009879659999965,1.2986887974866583,False,out_of_range,near_square,64px_plus,64px_plus
2162,33,0000289_06001_d_0000841.jpg,4,car,122.99976000000001,49.999634999999955,6149.943105087595,0.005911133318999995,2.4600131580960567,False,out_of_range,very_wide,64px_plus,32_64px
2163,33,0000289_06001_d_0000841.jpg,4,car,111.00047999999998,41.000174999999956,4551.039105083994,0.004374316709999995,2.707317224865506,False,out_of_range,very_wide,64px_plus,32_64px
2164,33,0000289_06001_d_0000841.jpg,2,people,30.000240000000076,31.0000950000001,930.0102900228054,0.0008938968570000052,0.9677467117439472,True,large_small,near_square,16_32px,16_32px
2165,33,0000289_06001_d_0000841.jpg,1,pedestrian,23.000319999999874,49.99963500000001,1150.007604883194,0.0011053514079999943,0.4600097580712313,False,out_of_range,very_tall,16_32px,32_64px
2166,33,0000289_06001_d_0000841.jpg,4,car,145.00048000000015,109.00026000000003,15805.09002012482,0.01519135911200002,1.3302764598910142,False,out_of_range,near_square,64px_plus,64px_plus
2167,33,0000289_06001_d_0000841.jpg,10,motor,64.00023999999985,33.99965999999995,2175.9863999183917,0.002091490195999992,1.8823788237882362,False,out_of_range,wide,64px_plus,32_64px
2168,33,0000289_06001_d_0000841.jpg,3,bicycle,40.99991999999975,32.99980499999998,1352.989365015591,0.0013004511389999912,1.2424291598086648,False,out_of_range,near_square,32_64px,32_64px
2169,33,0000289_06001_d_0000841.jpg,10,motor,19.00055999999995,41.00017500000007,779.0262850979993,0.0007487757449999993,0.463426314643777,True,large_small,very_tall,16_32px,32_64px
2170,33,0000289_06001_d_0000841.jpg,2,people,20.000160000000164,42.00002999999998,840.0073200048065,0.0008073888120000062,0.4761939455757573,True,large_small,very_tall,16_32px,32_64px
2171,33,0000289_06001_d_0000841.jpg,5,van,63.00064000000009,68.99993999999992,4347.0403799616015,0.004178239504000002,0.9130535475827973,False,out_of_range,near_square,32_64px,64px_plus
2172,33,0000289_06001_d_0000841.jpg,2,people,23.999919999999975,30.000239999999906,720.003359980797,0.000692044751999997,0.7999909334058678,True,large_small,near_square,16_32px,16_32px
2173,33,0000289_06001_d_0000841.jpg,4,car,99.99943999999994,47.000069999999994,4699.980679960797,0.004517474701999997,2.127644490742247,False,out_of_range,very_wide,64px_plus,32_64px
2174,33,0000289_06001_d_0000841.jpg,3,bicycle,14.999439999999822,36.00013499999994,539.9818649243928,0.0005190137109999931,0.4166495486752993,True,large_small,very_tall,8_16px,32_64px
2175,33,0000289_06001_d_0000841.jpg,5,van,44.00008000000014,56.000294999999994,2464.0174600236073,0.002368336659000007,0.7857115752693828,False,out_of_range,near_square,32_64px,32_64px
2176,33,0000289_06001_d_0000841.jpg,1,pedestrian,10.999680000000126,31.999950000000013,351.98921001600417,0.000338321040000004,0.343740537094593,True,large_small,very_tall,8_16px,16_32px
2177,33,0000289_06001_d_0000841.jpg,1,pedestrian,10.000079999999912,35.000280000000004,350.00560002239695,0.0003364144559999971,0.28571428571428314,True,large_small,very_tall,8_16px,32_64px
2178,33,0000289_06001_d_0000841.jpg,1,pedestrian,10.999680000000126,32.99980499999998,362.9872950624039,0.00034889205600000374,0.33332560601494865,True,large_small,very_tall,8_16px,32_64px
2179,33,0000289_06001_d_0000841.jpg,10,motor,24.999519999999848,27.999764999999968,699.980685112795,0.0006727995819999951,0.8928474935414592,True,large_small,near_square,16_32px,16_32px
2180,33,0000289_06001_d_0000841.jpg,2,people,13.999840000000063,28.999619999999936,405.99004006080094,0.0003902249520000009,0.4827594292614901,True,large_small,very_tall,8_16px,16_32px
2181,33,0000289_06001_d_0000841.jpg,2,people,13.00024000000019,30.00024000000002,390.01032005760595,0.0003748657440000057,0.43333786663040635,True,large_small,very_tall,8_16px,16_32px
2182,33,0000289_06001_d_0000841.jpg,4,car,41.99952000000019,36.999990000000025,1553.981820004808,0.0014936388120000076,1.135122468952023,False,out_of_range,near_square,32_64px,32_64px
2183,33,0000289_06001_d_0000841.jpg,5,van,61.00008000000014,36.00013499999997,2196.011115010803,0.002110737327000003,1.6944403125154999,False,out_of_range,wide,32_64px,32_64px
2184,33,0000289_06001_d_0000841.jpg,4,car,68.00000000000011,37.99984499999999,2583.989460000004,0.002483650000000004,1.7894809834092777,False,out_of_range,wide,64px_plus,32_64px
2185,33,0000289_06001_d_0000841.jpg,4,car,58.999520000000075,32.99980499999998,1946.9726550936014,0.0018713693340000014,1.7878748071390151,False,out_of_range,wide,32_64px,32_64px
2186,33,0000289_06001_d_0000841.jpg,4,car,37.999759999999924,32.99980499999998,1253.9846700467967,0.001205290916999997,1.1515146831928234,False,out_of_range,near_square,32_64px,32_64px
2187,33,0000289_06001_d_0000841.jpg,4,car,51.000000000000114,26.000055000000003,1326.002805000003,0.001274512500000003,1.9615343121389592,False,out_of_range,wide,32_64px,16_32px
2188,33,0000289_06001_d_0000841.jpg,4,car,37.99976000000004,26.99990999999997,1025.9901000216,0.000986149654,1.4074032098625542,False,out_of_range,wide,32_64px,16_32px
2189,33,0000289_06001_d_0000841.jpg,4,car,55.999360000000024,42.99988499999995,2407.9660400735984,0.0023144617839999985,1.3023141806076943,False,out_of_range,near_square,32_64px,32_64px
2190,33,0000289_06001_d_0000841.jpg,3,bicycle,13.999840000000063,25.000200000000063,349.99879996800246,0.0003364079200000024,0.5599891200870404,True,large_small,tall,8_16px,16_32px
2191,33,0000289_06001_d_0000841.jpg,2,people,13.000239999999962,31.000094999999988,403.0086750227987,0.0003873593569999987,0.4193612955057063,True,large_small,very_tall,8_16px,16_32px
2192,33,0000289_06001_d_0000841.jpg,4,car,47.00023999999996,42.00003000000001,1974.011490007199,0.001897358217999999,1.1190525340100936,False,out_of_range,near_square,32_64px,32_64px
2193,33,0000289_06001_d_0000841.jpg,4,car,33.00040000000001,31.999949999999984,1056.0111499799998,0.0010150049499999998,1.0312641113501748,False,out_of_range,near_square,32_64px,16_32px
2194,33,0000289_06001_d_0000841.jpg,4,car,34.0,32.99980499999998,1121.9933699999992,0.0010784249999999992,1.0303091184932764,False,out_of_range,near_square,32_64px,32_64px
2195,33,0000289_06001_d_0000841.jpg,4,car,63.00064000000003,28.999619999999993,1826.9946197568006,0.0017560501920000006,2.1724643288429313,False,out_of_range,very_wide,32_64px,16_32px
2196,33,0000289_06001_d_0000841.jpg,4,car,63.00064000000009,26.000054999999975,1638.0201050352007,0.0015744137880000007,2.423096412680671,False,out_of_range,very_wide,32_64px,16_32px
2197,33,0000289_06001_d_0000841.jpg,4,car,67.00039999999996,22.999724999999998,1540.9907748899989,0.001481152224999999,2.9130957000572817,False,out_of_range,very_wide,64px_plus,16_32px
2198,33,0000289_06001_d_0000841.jpg,4,car,27.999680000000012,27.999764999999996,783.9844600752002,0.0007535413880000002,0.9999969642602363,True,large_small,near_square,16_32px,16_32px
2199,33,0000289_06001_d_0000841.jpg,4,car,24.999520000000075,21.99987,549.9861900624016,0.0005286295560000015,1.1363485329686072,True,large_small,near_square,16_32px,16_32px
2200,33,0000289_06001_d_0000841.jpg,4,car,27.00007999999991,22.999725000000012,620.9944149779983,0.0005968804449999984,1.1739305578653614,True,large_small,near_square,16_32px,16_32px
2201,33,0000289_06001_d_0000841.jpg,4,car,34.9996000000001,27.999764999999982,979.9805750940022,0.0009419267350000021,1.249996205325299,True,large_small,near_square,32_64px,16_32px
2202,33,0000289_06001_d_0000841.jpg,10,motor,9.000479999999925,21.999869999999987,198.00938993759823,0.0001903204439999983,0.40911514477130684,True,small,very_tall,8_16px,16_32px
2203,33,0000289_06001_d_0000841.jpg,10,motor,13.00024000000019,21.00001500000002,273.00523500360424,0.00026240410900000405,0.6190586054343379,True,large_small,tall,8_16px,16_32px
2204,33,0000289_06001_d_0000841.jpg,2,people,13.00024000000019,21.00001500000002,273.00523500360424,0.00026240410900000405,0.6190586054343379,True,large_small,tall,8_16px,16_32px
2205,33,0000289_06001_d_0000841.jpg,2,people,9.000480000000039,21.999869999999987,198.00938993760073,0.0001903204440000007,0.409115144771312,True,small,very_tall,8_16px,16_32px
2206,33,0000289_06001_d_0000841.jpg,1,pedestrian,9.000480000000039,26.00005499999999,234.0129750264009,0.00022492596600000086,0.3461715754062844,True,small,very_tall,8_16px,16_32px
2207,33,0000289_06001_d_0000841.jpg,1,pedestrian,10.000080000000025,26.999909999999986,270.00125999280056,0.0002595167820000005,0.37037456791522755,True,large_small,very_tall,8_16px,16_32px
2208,33,0000289_06001_d_0000841.jpg,1,pedestrian,9.000480000000039,26.00005499999999,234.0129750264009,0.00022492596600000086,0.3461715754062844,True,small,very_tall,8_16px,16_32px
2209,33,0000289_06001_d_0000841.jpg,1,pedestrian,9.000480000000039,20.00015999999998,180.01104007680058,0.00017302099200000056,0.4500203998368037,True,small,very_tall,8_16px,16_32px
2210,33,0000289_06001_d_0000841.jpg,4,car,23.0003200000001,17.999685,413.99851489920184,0.0003979224480000018,1.277817917369115,True,large_small,near_square,16_32px,16_32px
2211,33,0000289_06001_d_0000841.jpg,4,car,50.00040000000001,15.999974999999985,800.0051499899995,0.0007689399749999995,3.1250298828591956,True,large_small,very_wide,32_64px,8_16px
2212,33,0000289_06001_d_0000841.jpg,4,car,20.999760000000038,19.000304999999997,399.00184492680063,0.00038350811700000063,1.1052327844210943,True,large_small,near_square,16_32px,16_32px
2213,33,0000289_06001_d_0000841.jpg,1,pedestrian,7.999519999999961,16.99982999999999,135.99048008159926,0.0001307098039999993,0.4705647056470545,True,small,very_tall,0_8px,16_32px
2214,33,0000289_06001_d_0000841.jpg,4,car,17.999599999999987,19.000304999999997,341.9978898779997,0.0003287176949999997,0.9473321612468847,True,large_small,near_square,16_32px,16_32px
2215,33,0000289_06001_d_0000841.jpg,4,car,30.99983999999995,16.999829999999996,526.9920100271991,0.000506528267999999,1.8235382353823513,True,large_small,wide,16_32px,16_32px
2216,33,0000289_06001_d_0000841.jpg,5,van,16.000400000000013,24.00034499999999,384.01512013800016,0.00036910334500000016,0.6666737498981794,True,large_small,tall,16_32px,16_32px
2217,33,0000289_06001_d_0000841.jpg,5,van,17.999599999999987,21.000014999999998,377.99186999399967,0.0003633139849999997,0.8571231972929538,True,large_small,near_square,16_32px,16_32px
2218,33,0000289_06001_d_0000841.jpg,5,van,14.999439999999936,15.000119999999999,224.99339993279904,0.00021625663199999909,0.9999546670293262,True,small,near_square,8_16px,8_16px
2219,33,0000289_06001_d_0000841.jpg,4,car,16.000400000000127,15.999975000000003,256.00599999000207,0.000246064975000002,1.0000265625415117,True,large_small,near_square,16_32px,8_16px
2220,33,0000289_06001_d_0000841.jpg,1,pedestrian,6.999919999999975,15.999975,111.99854500199959,0.00010764950499999961,0.437495683587004,True,small,very_tall,0_8px,8_16px
2221,33,0000289_06001_d_0000841.jpg,4,car,14.999439999999936,15.000119999999997,224.993399932799,0.00021625663199999906,0.9999546670293263,True,small,near_square,8_16px,8_16px
2222,33,0000289_06001_d_0000841.jpg,4,car,37.00016000000005,15.999975,592.0016349960008,0.0005690134900000008,2.312513613302524,True,large_small,very_wide,32_64px,8_16px
2223,33,0000289_06001_d_0000841.jpg,4,car,16.000400000000013,14.000265000000002,224.0098401060002,0.0002153112650000002,1.1428640815013151,True,small,near_square,16_32px,8_16px
2224,33,0000289_06001_d_0000841.jpg,10,motor,6.999919999999975,12.999645000000008,90.99647502839973,8.746297099999974e-05,0.5384700889908894,True,small,tall,0_8px,8_16px
2225,33,0000289_06001_d_0000841.jpg,2,people,4.999360000000024,11.999789999999994,59.99127013440026,5.766173600000025e-05,0.416620624194259,True,very_small,very_tall,0_8px,8_16px
2226,33,0000289_06001_d_0000841.jpg,10,motor,13.99983999999995,9.000224999999997,126.0017099639995,0.00012110890999999953,1.5554988903055151,True,small,wide,8_16px,8_16px
2227,33,0000289_06001_d_0000841.jpg,2,people,4.999360000000024,14.000265000000004,69.99236483040036,6.727447600000035e-05,0.3570903836463112,True,small,very_tall,0_8px,8_16px
2228,33,0000289_06001_d_0000841.jpg,4,car,14.999439999999936,14.000265000000002,209.99613485159915,0.0002018417289999992,1.071368291957326,True,small,near_square,8_16px,8_16px
2229,33,0000289_06001_d_0000841.jpg,4,car,34.0,14.000265000000002,476.0090100000001,0.0004575250000000001,2.4285254600537916,True,large_small,very_wide,32_64px,8_16px
2230,34,0000289_06601_d_0000844.jpg,4,car,46.999559999999995,66.00037500000008,3101.988584835003,0.002981534587500003,0.7121104993721618,False,out_of_range,tall,32_64px,64px_plus
2231,34,0000289_06601_d_0000844.jpg,4,car,81.00024000000002,107.99963999999994,8747.996759913598,0.008408301383999998,0.7500047222379636,False,out_of_range,near_square,64px_plus,64px_plus
2232,34,0000289_06601_d_0000844.jpg,4,car,149.99984,94.99999500000001,14249.984050000803,0.013696639802000003,1.578945767312935,False,out_of_range,wide,64px_plus,64px_plus
2233,34,0000289_06601_d_0000844.jpg,5,van,136.99960000000004,75.99968999999999,10411.927130124002,0.010007619310000002,1.8026336686373334,False,out_of_range,wide,64px_plus,64px_plus
2234,34,0000289_06601_d_0000844.jpg,4,car,108.99991999999997,67.00022999999999,7303.019709981597,0.007019434553999997,1.6268588928724572,False,out_of_range,wide,64px_plus,64px_plus
2235,34,0000289_06601_d_0000844.jpg,10,motor,40.00031999999999,35.000279999999975,1400.0224000895985,0.0013456578239999985,1.1428571428571432,False,out_of_range,near_square,32_64px,32_64px
2236,34,0000289_06601_d_0000844.jpg,3,bicycle,34.00000000000006,31.000094999999988,1054.0032300000014,0.0010130750000000013,1.0967708324764833,False,out_of_range,near_square,32_64px,16_32px
2237,34,0000289_06601_d_0000844.jpg,4,car,61.999679999999955,59.99971500000004,3719.9631300911997,0.003575512428,1.0333329083313132,False,out_of_range,near_square,32_64px,32_64px
2238,34,0000289_06601_d_0000844.jpg,1,pedestrian,16.999999999999943,46.000215000000054,782.0036549999983,0.0007516374999999983,0.369563490083686,True,large_small,very_tall,16_32px,32_64px
2239,34,0000289_06601_d_0000844.jpg,10,motor,20.000159999999994,31.000094999999988,620.0068600151995,0.0005959312379999995,0.6451644744959654,True,large_small,tall,16_32px,16_32px
2240,34,0000289_06601_d_0000844.jpg,3,bicycle,13.999840000000063,36.000135,503.9961299784023,0.00048442534600000217,0.3888829861332482,True,large_small,very_tall,8_16px,32_64px
2241,34,0000289_06601_d_0000844.jpg,10,motor,12.00064000000009,30.00024000000002,360.02208015360293,0.0003460419840000028,0.40001813318827056,True,large_small,very_tall,8_16px,16_32px
2242,34,0000289_06601_d_0000844.jpg,1,pedestrian,9.000480000000039,33.99965999999998,306.0132598368011,0.00029413039200000107,0.2647226472264736,True,large_small,very_tall,8_16px,32_64px
2243,34,0000289_06601_d_0000844.jpg,4,car,57.00031999999999,26.99991,1539.0035099711997,0.0014792421279999997,2.1111300000629627,False,out_of_range,very_wide,32_64px,16_32px
2244,34,0000289_06601_d_0000844.jpg,10,motor,10.999680000000012,17.999685,197.99077510080022,0.0001903025520000002,0.611104027653818,True,small,tall,8_16px,16_32px
2245,34,0000289_06601_d_0000844.jpg,3,bicycle,43.00048000000004,26.99991,1161.009089956801,0.001115925692000001,1.592615679089302,False,out_of_range,wide,32_64px,16_32px
2246,34,0000289_06601_d_0000844.jpg,10,motor,37.00015999999994,30.00024000000002,1110.013680038399,0.001066910495999999,1.2333288000362634,False,out_of_range,near_square,32_64px,16_32px
2247,34,0000289_06601_d_0000844.jpg,4,car,54.999759999999924,56.00029500000005,3080.0027849291987,0.0029604025229999988,0.982133397690135,False,out_of_range,near_square,32_64px,32_64px
2248,34,0000289_06601_d_0000844.jpg,4,car,47.00023999999996,66.00037499999999,3102.033465089997,0.002981577724999997,0.7121208023439256,False,out_of_range,tall,32_64px,64px_plus
2249,34,0000289_06601_d_0000844.jpg,4,car,91.99991999999997,49.99963500000004,4599.962420029203,0.004421340273000003,1.8400118320863723,False,out_of_range,wide,64px_plus,32_64px
2250,34,0000289_06601_d_0000844.jpg,4,car,88.00016000000005,40.000320000000016,3520.0345600512032,0.003383347328000003,2.1999864001087994,False,out_of_range,very_wide,64px_plus,32_64px
2251,34,0000289_06601_d_0000844.jpg,4,car,92.99952000000008,36.000135,3347.995274935203,0.003217988538000003,2.5833103125863297,False,out_of_range,very_wide,64px_plus,32_64px
2252,34,0000289_06601_d_0000844.jpg,4,car,34.0,38.999699999999976,1325.9897999999991,0.0012744999999999992,0.8718015779608567,False,out_of_range,near_square,32_64px,32_64px
2253,34,0000289_06601_d_0000844.jpg,4,car,38.999360000000024,22.999725000000012,896.974555176001,0.0008621439400000009,1.69564462183787,True,large_small,wide,32_64px,16_32px
2254,34,0000289_06601_d_0000844.jpg,5,van,19.00055999999995,28.999619999999997,551.0090197871984,0.0005296126679999985,0.6552003095212955,True,large_small,tall,16_32px,16_32px
2255,34,0000289_06601_d_0000844.jpg,4,car,20.000159999999937,27.999764999999996,559.9997799623982,0.0005382543059999983,0.7142974235676599,True,large_small,tall,16_32px,16_32px
2256,34,0000289_06601_d_0000844.jpg,4,car,17.999599999999987,20.00016,359.99487993599973,0.00034601583999999976,0.8999728002175975,True,large_small,near_square,16_32px,16_32px
2257,34,0000289_06601_d_0000844.jpg,4,car,23.0003200000001,15.00012,345.00756003840155,0.00033161049600000147,1.533342399927474,True,large_small,wide,16_32px,8_16px
2258,34,0000289_06601_d_0000844.jpg,4,car,24.99951999999996,13.9998825,349.99034255639947,0.00033639979099999947,1.7856949870829246,True,large_small,wide,16_32px,8_16px
2259,34,0000289_06601_d_0000844.jpg,4,car,19.00055999999995,16.99983,323.00628990479913,0.0003104635619999992,1.1176911769117663,True,large_small,near_square,16_32px,16_32px
2260,34,0000289_06601_d_0000844.jpg,2,people,6.999920000000088,10.000079999999997,69.99975999360086,6.728158400000083e-05,0.6999864001088082,True,small,tall,0_8px,8_16px
2261,34,0000289_06601_d_0000844.jpg,10,motor,9.000480000000039,11.999789999999997,108.00386989920044,0.00010380994800000042,0.7500531259297072,True,small,near_square,8_16px,8_16px
2262,34,0000289_06601_d_0000844.jpg,2,people,6.999919999999975,11.999790000000004,83.99757001679973,8.073584199999974e-05,0.583336875061978,True,small,tall,0_8px,8_16px
2263,34,0000289_06601_d_0000844.jpg,10,motor,9.000480000000039,15.000120000000003,135.00828005760062,0.00012976574400000058,0.6000271997824043,True,small,tall,8_16px,8_16px
2264,34,0000289_06601_d_0000844.jpg,5,van,27.999680000000126,32.999805,923.9839800624042,0.000888104556000004,0.8484801652615863,True,large_small,near_square,16_32px,32_64px
2265,34,0000289_06601_d_0000844.jpg,2,people,6.999919999999975,12.999645000000008,90.99647502839973,8.746297099999974e-05,0.5384700889908894,True,small,tall,0_8px,8_16px
2266,34,0000289_06601_d_0000844.jpg,2,people,9.000480000000039,11.999789999999997,108.00386989920044,0.00010380994800000042,0.7500531259297072,True,small,near_square,8_16px,8_16px
2267,34,0000289_06601_d_0000844.jpg,2,people,10.000079999999912,14.000265000000002,140.0037700211988,0.00013456725299999884,0.7142779083110148,True,small,tall,8_16px,8_16px
2268,34,0000289_06601_d_0000844.jpg,10,motor,7.999519999999961,14.000264999999999,111.99539987279945,0.00010764648199999948,0.5713834702414534,True,small,tall,0_8px,8_16px
2269,34,0000289_06601_d_0000844.jpg,10,motor,6.000320000000215,10.999935000000004,66.0031299792024,6.344014800000231e-05,0.5454868596950994,True,small,tall,0_8px,8_16px
2270,34,0000289_06601_d_0000844.jpg,3,bicycle,7.999519999999961,11.999790000000004,95.99256010079957,9.226505199999959e-05,0.6666383328374879,True,small,tall,0_8px,8_16px
2271,34,0000289_06601_d_0000844.jpg,4,car,17.9996000000001,19.000304999999997,341.99788987800184,0.0003287176950000018,0.9473321612468907,True,large_small,near_square,16_32px,16_32px
2272,34,0000289_06601_d_0000844.jpg,4,car,44.99968000000001,21.000014999999998,944.9939549952002,0.0009082986880000002,2.142840374161638,True,large_small,very_wide,32_64px,16_32px
2273,34,0000289_06601_d_0000844.jpg,1,pedestrian,9.000480000000039,24.000345000000003,216.01462516560096,0.00020762651400000094,0.3750146091649948,True,small,very_tall,8_16px,16_32px
2274,34,0000289_06601_d_0000844.jpg,10,motor,9.000480000000039,19.000304999999997,171.0118651464007,0.0001643712660000007,0.47370186952262294,True,small,very_tall,8_16px,16_32px
2275,34,0000289_06601_d_0000844.jpg,4,car,67.00040000000013,21.999869999999994,1474.0000899480024,0.0014167628700000022,3.045490723354281,False,out_of_range,very_wide,64px_plus,16_32px
2276,34,0000289_06601_d_0000844.jpg,4,car,27.999680000000012,28.999619999999993,811.9800801216002,0.0007804499040000002,0.9655188585229744,True,large_small,near_square,16_32px,16_32px
2277,34,0000289_06601_d_0000844.jpg,2,people,13.999840000000063,17.999685,251.99271005040112,0.00024220752600000108,0.7777825000826438,True,small,near_square,8_16px,16_32px
2278,34,0000289_06601_d_0000844.jpg,3,bicycle,9.000479999999925,15.999975000000006,144.00745498799887,0.0001384154699999989,0.5625308789544935,True,small,tall,8_16px,8_16px
2279,34,0000289_06601_d_0000844.jpg,2,people,10.999680000000126,16.999830000000017,186.99269005440232,0.00017973153600000223,0.6470464704647114,True,small,tall,8_16px,16_32px
2280,34,0000289_06601_d_0000844.jpg,10,motor,13.99983999999995,21.99987,307.9946600207989,0.00029603485199999896,0.6363601239461846,True,large_small,tall,8_16px,16_32px
2281,34,0000289_06601_d_0000844.jpg,4,car,38.99935999999991,31.99994999999997,1247.977570031996,0.0011995170799999962,1.2187319042685987,False,out_of_range,near_square,32_64px,16_32px
2282,34,0000289_06601_d_0000844.jpg,2,people,9.000479999999925,31.000095000000044,279.0157350455981,0.00026818121399999815,0.2903371747731712,True,large_small,very_tall,8_16px,16_32px
2283,34,0000289_06601_d_0000844.jpg,2,people,12.000639999999862,15.00012000000001,180.01104007679805,0.00017302099199999812,0.8000362663765259,True,small,near_square,8_16px,8_16px
2284,34,0000289_06601_d_0000844.jpg,3,bicycle,10.999680000000126,19.000304999999997,208.99727490240235,0.00020088165600000226,0.5789212331065279,True,small,tall,8_16px,16_32px
2285,34,0000289_06601_d_0000844.jpg,2,people,12.000639999999976,20.000160000000022,240.0147201023998,0.0002306946559999998,0.6000271997823998,True,small,tall,8_16px,16_32px
2286,34,0000289_06601_d_0000844.jpg,3,bicycle,10.000079999999912,21.999869999999987,220.00045998959794,0.00021145757399999802,0.4545517768968597,True,small,very_tall,8_16px,16_32px
2287,34,0000289_06601_d_0000844.jpg,10,motor,10.999680000000126,25.000199999999992,274.99419993600304,0.0002643158400000029,0.4399836801305641,True,large_small,very_tall,8_16px,16_32px
2288,34,0000289_06601_d_0000844.jpg,10,motor,13.999840000000063,22.999724999999998,321.99247004400144,0.0003094891100000014,0.6086959735388169,True,large_small,tall,8_16px,16_32px
2289,34,0000289_06601_d_0000844.jpg,5,van,47.00023999999996,36.99999,1739.0084099975984,0.0016714805939999984,1.270277100074891,False,out_of_range,near_square,32_64px,32_64px
2290,34,0000289_06601_d_0000844.jpg,5,van,58.999520000000075,43.99974000000003,2595.963540124805,0.002495159112000005,1.3409061053542597,False,out_of_range,wide,32_64px,32_64px
2291,34,0000289_06601_d_0000844.jpg,1,pedestrian,20.00016000000005,52.00010999999995,1040.0105200176017,0.0009996256440000016,0.38461764792420766,False,out_of_range,very_tall,16_32px,32_64px
2292,34,0000289_06601_d_0000844.jpg,1,pedestrian,20.999760000000038,52.999964999999975,1112.9865450084014,0.0010697679210000014,0.3962221484485895,False,out_of_range,very_tall,16_32px,32_64px
2293,34,0000289_06601_d_0000844.jpg,1,pedestrian,16.000400000000013,62.000189999999975,992.0278400760004,0.0009535061900000004,0.25807017688171635,True,large_small,very_tall,16_32px,32_64px
2294,34,0000289_06601_d_0000844.jpg,4,car,58.99951999999996,82.00035000000003,4837.981289831999,0.004650116579999999,0.7195032704128695,False,out_of_range,tall,32_64px,64px_plus
2295,34,0000289_06601_d_0000844.jpg,2,people,12.000639999999862,21.00001500000002,252.01362000959733,0.00024222762399999745,0.5714586394342981,True,small,tall,8_16px,16_32px
2296,34,0000289_06601_d_0000844.jpg,2,people,12.000639999999976,21.00001499999999,252.01362000959938,0.0002422276239999994,0.5714586394343043,True,small,tall,8_16px,16_32px
2297,34,0000289_06601_d_0000844.jpg,7,tricycle,30.000240000000076,33.999660000000006,1019.9979599184028,0.0009803901960000027,0.882368823688239,True,large_small,near_square,16_32px,32_64px
2298,34,0000289_06601_d_0000844.jpg,4,car,57.00031999999999,47.00007000000002,2679.019030022401,0.002574989456000001,1.2127709597028251,False,out_of_range,near_square,32_64px,32_64px
2299,34,0000289_06601_d_0000844.jpg,4,car,74.99992000000009,49.999634999999955,3749.968625029201,0.003604352773000001,1.5000093500682585,False,out_of_range,wide,64px_plus,32_64px
2300,34,0000289_06601_d_0000844.jpg,4,car,101.99999999999989,58.000005000000044,5916.000509999998,0.0056862749999999984,1.7586205380499502,False,out_of_range,wide,64px_plus,32_64px
2301,34,0000289_06601_d_0000844.jpg,4,car,75.99951999999996,62.000189999999975,4711.984679908795,0.004529012571999996,1.2257949532090142,False,out_of_range,near_square,64px_plus,32_64px
2302,34,0000289_06601_d_0000844.jpg,1,pedestrian,10.999680000000126,42.00002999999998,461.9868899904051,0.0004440473760000049,0.26189695578789185,True,large_small,very_tall,8_16px,32_64px
2303,34,0000289_06601_d_0000844.jpg,1,pedestrian,30.99983999999995,46.00021499999997,1425.9993049655966,0.0013706260139999967,0.6739064154374055,False,out_of_range,tall,16_32px,32_64px
2304,34,0000289_06601_d_0000844.jpg,4,car,68.00000000000011,63.000045,4284.003060000007,0.004117650000000007,1.079364308390575,False,out_of_range,near_square,64px_plus,32_64px
2305,34,0000289_06601_d_0000844.jpg,4,car,101.99999999999989,73.00012500000003,7446.012749999994,0.007156874999999995,1.3972578814077352,False,out_of_range,wide,64px_plus,64px_plus
2306,34,0000289_06601_d_0000844.jpg,2,people,17.9996000000001,27.999764999999968,503.9845700940022,0.0004844142350000021,0.6428482524764091,True,large_small,tall,16_32px,16_32px
2307,34,0000289_06601_d_0000844.jpg,2,people,16.999999999999886,26.000054999999975,442.0009349999966,0.00042483749999999677,0.6538447707129813,True,large_small,tall,16_32px,16_32px
2308,34,0000289_06601_d_0000844.jpg,10,motor,17.0,32.99980499999998,560.9966849999996,0.0005392124999999996,0.5151545592466382,True,large_small,tall,16_32px,32_64px
2309,34,0000289_06601_d_0000844.jpg,4,car,88.00015999999994,89.99995500000006,7920.0104399928,0.0076124667819999995,0.9777800444455764,False,out_of_range,near_square,64px_plus,64px_plus
2310,34,0000289_06601_d_0000844.jpg,4,car,77.00048000000004,109.00026000000008,8393.07234012481,0.00806715911200001,0.7064247369685172,False,out_of_range,tall,64px_plus,64px_plus
2311,34,0000289_06601_d_0000844.jpg,1,pedestrian,13.99983999999995,47.00007000000005,657.9934599887983,0.0006324427719999984,0.29786849253628633,True,large_small,very_tall,8_16px,32_64px
2312,34,0000289_06601_d_0000844.jpg,1,pedestrian,17.9996000000001,47.99992500000002,863.9794500300052,0.000830430075000005,0.3749922525920633,True,large_small,very_tall,16_32px,32_64px
2313,34,0000289_06601_d_0000844.jpg,10,motor,30.000240000000076,36.00013499999994,1080.012690032401,0.001038074481000001,0.8333368749867223,False,out_of_range,near_square,16_32px,32_64px
2314,34,0000289_06601_d_0000844.jpg,10,motor,27.000079999999798,45.00036,1215.013320028791,0.0011678328719999913,0.5999969778019508,False,out_of_range,tall,16_32px,32_64px
2315,34,0000289_06601_d_0000844.jpg,4,car,210.00031999999987,105.00007499999992,22050.04935002397,0.021193819059999973,2.0000016190464627,False,out_of_range,very_wide,64px_plus,64px_plus
2316,34,0000289_06601_d_0000844.jpg,5,van,43.99939999999992,70.99965000000009,3123.9420002099982,0.0030026355249999984,0.6197129140777436,False,out_of_range,tall,32_64px,64px_plus
2317,34,0000289_06601_d_0000844.jpg,2,people,21.999360000000024,26.999909999999886,593.9807400575982,0.0005709157439999982,0.814793827090539,True,large_small,near_square,16_32px,16_32px
2318,35,0000291_00201_d_0000869.jpg,4,car,36.00056000000001,27.999765000000025,1008.0072198684011,0.0009688650710000011,1.2857450767890364,True,large_small,near_square,32_64px,16_32px
2319,35,0000291_00201_d_0000869.jpg,4,car,57.99992,28.99962000000005,1681.975640030403,0.001616662476000003,2.000023448583116,False,out_of_range,very_wide,32_64px,16_32px
2320,35,0000291_00201_d_0000869.jpg,4,car,50.000399999999985,35.00028000000009,1750.0280001120038,0.0016820722800000036,1.4285714285714246,False,out_of_range,wide,32_64px,32_64px
2321,35,0000291_00201_d_0000869.jpg,4,car,57.000320000000016,31.0000950000001,1767.0153350304063,0.001698399976000006,1.8387143652301656,False,out_of_range,wide,32_64px,16_32px
2322,35,0000291_00201_d_0000869.jpg,4,car,54.99975999999999,31.000094999999988,1704.997784977199,0.001638790642999999,1.7741803694472553,False,out_of_range,wide,32_64px,16_32px
2323,35,0000291_00201_d_0000869.jpg,4,car,51.99960000000001,27.99976500000014,1455.9765800940074,0.0013994392350000072,1.8571441581741757,False,out_of_range,wide,32_64px,16_32px
2324,35,0000291_00201_d_0000869.jpg,4,car,44.99968,26.000054999999975,1169.9941549823989,0.001124561855999999,1.7307532618681014,False,out_of_range,wide,32_64px,16_32px
2325,35,0000291_00201_d_0000869.jpg,4,car,71.99976000000001,36.00013499999989,2592.001079967592,0.002491350518999992,1.9999858333864646,False,out_of_range,wide,64px_plus,32_64px
2326,35,0000291_00201_d_0000869.jpg,10,motor,14.999439999999993,33.99965999999995,509.975860190399,0.000490172875999999,0.4411644116441169,True,large_small,very_tall,8_16px,32_64px
2327,35,0000291_00201_d_0000869.jpg,1,pedestrian,16.000400000000013,35.00028000000009,560.0184801120018,0.0005382722800000018,0.45715062850925686,True,large_small,very_tall,16_32px,32_64px
2328,35,0000291_00201_d_0000869.jpg,10,motor,14.999440000000021,38.999700000000075,584.973660168002,0.0005622584200000018,0.38460398413321106,True,large_small,very_tall,8_16px,32_64px
2329,35,0000291_00201_d_0000869.jpg,10,motor,20.000160000000022,27.999765000000025,559.9997799624011,0.0005382543060000011,0.7142974235676622,True,large_small,tall,16_32px,16_32px
2330,35,0000291_00201_d_0000869.jpg,10,motor,34.99959999999999,25.000200000000063,874.9969999200019,0.0008410198000000018,1.3999728002175942,True,large_small,wide,32_64px,16_32px
2331,35,0000291_00201_d_0000869.jpg,3,bicycle,13.00024000000002,24.00034500000004,312.01024508280096,0.00029989450700000094,0.541668880176514,True,large_small,tall,8_16px,16_32px
2332,35,0000291_00201_d_0000869.jpg,10,motor,36.000560000000064,28.99962000000005,1044.0025597872036,0.0010034626680000035,1.2414148875054225,False,out_of_range,near_square,32_64px,16_32px
2333,35,0000291_00201_d_0000869.jpg,1,pedestrian,10.000079999999969,28.99962000000005,289.9985199695996,0.0002787375239999996,0.3448348633533802,True,large_small,very_tall,8_16px,16_32px
2334,35,0000291_00201_d_0000869.jpg,1,pedestrian,12.000640000000033,33.99965999999995,408.0176797824005,0.0003921738560000005,0.35296352963529787,True,large_small,very_tall,8_16px,32_64px
2335,35,0000291_00201_d_0000869.jpg,10,motor,24.999520000000018,26.99991,674.9847900432005,0.0006487743080000005,0.9259112345189305,True,large_small,near_square,16_32px,16_32px
2336,35,0000291_00201_d_0000869.jpg,10,motor,20.000159999999994,25.000200000000063,500.0080000320011,0.0004805920800000011,0.7999999999999977,True,large_small,near_square,16_32px,16_32px
2337,35,0000291_00201_d_0000869.jpg,10,motor,16.000400000000013,26.999909999999886,432.0093599639985,0.0004152339099999986,0.5926093827720197,True,large_small,tall,16_32px,16_32px
2338,35,0000291_00201_d_0000869.jpg,1,pedestrian,10.999679999999955,31.0000950000001,340.99112496959975,0.00032775002399999977,0.3548272997227886,True,large_small,very_tall,8_16px,16_32px
2339,35,0000291_00201_d_0000869.jpg,1,pedestrian,14.999439999999936,36.000135,539.9818649243977,0.0005190137109999977,0.4166495486753018,True,large_small,very_tall,8_16px,32_64px
2340,35,0000291_00201_d_0000869.jpg,4,car,61.00007999999997,16.999829999999974,1036.9909899863978,0.000996723365999998,3.5882758827588312,False,out_of_range,very_wide,32_64px,16_32px
2341,35,0000291_00201_d_0000869.jpg,1,pedestrian,10.999679999999955,28.99962000000005,318.98654012159926,0.00030659990399999927,0.37930428053884624,True,large_small,very_tall,8_16px,16_32px
2342,35,0000291_00201_d_0000869.jpg,4,car,80.00064000000003,40.99979250000001,3280.009639867202,0.003152642868000002,1.951244997154559,False,out_of_range,wide,64px_plus,32_64px
2343,35,0000291_00201_d_0000869.jpg,1,pedestrian,10.000080000000139,33.99965999999995,339.99931997280424,0.0003267967320000041,0.29412294122941685,True,large_small,very_tall,8_16px,32_64px
2344,35,0000291_00201_d_0000869.jpg,1,pedestrian,10.999679999999898,31.999950000000013,351.9892100159969,0.000338321039999997,0.3437405370945859,True,large_small,very_tall,8_16px,16_32px
2345,35,0000291_00201_d_0000869.jpg,5,van,41.99951999999996,49.9996349999999,2099.9606701751936,0.002018416637999994,0.8399965319746844,False,out_of_range,near_square,32_64px,32_64px
2346,35,0000291_00201_d_0000869.jpg,1,pedestrian,6.999919999999975,27.99976500000014,195.99611501880025,0.00018838534700000025,0.2499992410650568,True,small,very_tall,0_8px,16_32px
2347,35,0000291_00201_d_0000869.jpg,5,van,41.99951999999996,48.99977999999999,2057.9672401055977,0.001978053863999998,0.8571369095942875,False,out_of_range,near_square,32_64px,32_64px
2348,35,0000291_00201_d_0000869.jpg,5,van,29.000639999999976,36.000135,1044.026955086399,0.0010034861159999992,0.805570312444661,False,out_of_range,near_square,16_32px,32_64px
2349,35,0000291_00201_d_0000869.jpg,5,van,36.000560000000064,38.999700000000075,1404.0110398320053,0.001349491580000005,0.9230983828080728,False,out_of_range,near_square,32_64px,32_64px
2350,35,0000291_00201_d_0000869.jpg,5,van,29.00064000000009,32.999804999999924,957.0154648752008,0.0009198533880000007,0.8788124657100294,True,large_small,near_square,16_32px,32_64px
2351,35,0000291_00201_d_0000869.jpg,5,van,26.00048000000004,31.999950000000013,832.0140599760016,0.0007997059400000015,0.8125162695566721,True,large_small,near_square,16_32px,16_32px
2352,35,0000291_00201_d_0000869.jpg,1,pedestrian,7.999520000000075,16.999829999999974,135.99048008160108,0.00013070980400000103,0.4705647056470616,True,small,very_tall,0_8px,16_32px
2353,35,0000291_00201_d_0000869.jpg,1,pedestrian,9.000479999999925,32.99980500000004,297.01408490639784,0.00028548066599999795,0.2727434298475374,True,large_small,very_tall,8_16px,32_64px
2354,35,0000291_00201_d_0000869.jpg,7,tricycle,24.999520000000075,28.99962000000005,724.9765801824034,0.0006968248560000033,0.8620637098003364,True,large_small,near_square,16_32px,16_32px
2355,35,0000291_00201_d_0000869.jpg,4,car,37.999759999999924,40.0003200000001,1520.0025599232008,0.0014609790080000007,0.9499864001087948,False,out_of_range,near_square,32_64px,32_64px
2356,35,0000291_00201_d_0000869.jpg,4,car,30.99983999999995,31.0000950000001,960.9979849848015,0.0009236812620000014,0.9999917742187515,True,large_small,near_square,16_32px,16_32px
2357,35,0000291_00201_d_0000869.jpg,4,car,30.000240000000076,27.999765000000025,839.9996699436028,0.0008073814590000027,1.0714461353514948,True,large_small,near_square,16_32px,16_32px
2358,35,0000291_00201_d_0000869.jpg,4,car,20.999760000000038,25.000200000000063,524.9981999520023,0.0005046118800000022,0.8399836801305584,True,large_small,near_square,16_32px,16_32px
2359,35,0000291_00201_d_0000869.jpg,4,car,23.999919999999975,19.000305000000026,456.00579997560015,0.0004382985390000002,1.263133407595296,True,large_small,near_square,16_32px,16_32px
2360,35,0000291_00201_d_0000869.jpg,5,van,23.000319999999988,22.999725000000012,529.001034912,0.00050845928,1.0000258698745301,True,large_small,near_square,16_32px,16_32px
2361,35,0000291_00201_d_0000869.jpg,4,car,16.999999999999886,17.999684999999886,305.994644999996,0.0002941124999999962,0.9444609725114631,True,large_small,near_square,16_32px,16_32px
2362,35,0000291_00201_d_0000869.jpg,5,van,16.000400000000013,20.000159999999937,320.01056006399926,0.00030758415999999927,0.800013599891204,True,large_small,near_square,16_32px,16_32px
2363,35,0000291_00201_d_0000869.jpg,1,pedestrian,6.999920000000088,17.999685,125.99635502520158,0.00012110376300000151,0.3888912500413251,True,small,very_tall,0_8px,16_32px
2364,35,0000291_00201_d_0000869.jpg,1,pedestrian,6.999920000000088,17.999684999999886,125.99635502520078,0.00012110376300000076,0.3888912500413275,True,small,very_tall,0_8px,16_32px
2365,35,0000291_00201_d_0000869.jpg,3,bicycle,6.000319999999988,17.999684999999886,108.0038698991991,0.00010380994799999913,0.33335694485764755,True,small,very_tall,0_8px,16_32px
2366,35,0000291_00201_d_0000869.jpg,1,pedestrian,7.999520000000075,21.999869999999987,175.98840006240155,0.0001691545560000015,0.36361669409865055,True,small,very_tall,0_8px,16_32px
2367,35,0000291_00201_d_0000869.jpg,10,motor,10.999679999999898,14.000265000000013,153.99843491519871,0.00014801848799999876,0.7856765568365948,True,small,near_square,8_16px,8_16px
2368,35,0000291_00201_d_0000869.jpg,2,people,7.999520000000075,19.000305000000026,151.99331985360163,0.00014609123400000158,0.4210206099323176,True,small,very_tall,0_8px,16_32px
2369,35,0000291_00201_d_0000869.jpg,5,van,40.00031999999999,52.00010999999995,2080.0210400351975,0.0019992512879999976,0.7692352958484131,False,out_of_range,near_square,32_64px,32_64px
2370,35,0000291_00201_d_0000869.jpg,1,pedestrian,12.000639999999862,31.999950000000013,384.01987996799573,0.0003691079199999959,0.37502058596966115,True,large_small,very_tall,8_16px,16_32px
2371,35,0000291_00201_d_0000869.jpg,4,car,27.000079999999798,32.99980500000004,890.9973749843944,0.0008563988609999946,0.8181890771778733,True,large_small,near_square,16_32px,32_64px
2372,35,0000291_00201_d_0000869.jpg,7,tricycle,29.000639999999862,27.999765000000025,812.0111048495969,0.000780479723999997,1.0357458357239726,True,large_small,near_square,16_32px,16_32px
2373,35,0000291_00201_d_0000869.jpg,2,people,17.0,25.000200000000063,425.0034000000011,0.00040850000000000104,0.6799945600435179,True,large_small,tall,16_32px,16_32px
2374,35,0000291_00201_d_0000869.jpg,9,bus,38.999360000000024,57.00014999999996,2222.969369904,0.00213664876,0.684197497725884,False,out_of_range,tall,32_64px,32_64px
2375,35,0000291_00201_d_0000869.jpg,4,car,24.999519999999848,33.99965999999995,849.9751801631935,0.0008169696079999937,0.7352873528735253,True,large_small,tall,16_32px,32_64px
2376,35,0000291_00201_d_0000869.jpg,4,car,33.999999999999886,31.0000950000001,1054.0032299999998,0.0010130749999999998,1.0967708324764738,False,out_of_range,near_square,32_64px,16_32px
2377,35,0000291_00201_d_0000869.jpg,4,car,40.00031999999999,20.000159999999937,800.0128000511972,0.0007689473279999974,2.0000000000000058,True,large_small,very_wide,32_64px,16_32px
2378,35,0000291_00201_d_0000869.jpg,1,pedestrian,6.000319999999874,15.000120000000038,90.00552003839834,8.651049599999841e-05,0.4000181331882584,True,small,very_tall,0_8px,8_16px
2379,35,0000291_00201_d_0000869.jpg,9,bus,29.000639999999976,33.99965999999995,986.0118997823977,0.0009477238559999978,0.8529685296852975,True,large_small,near_square,16_32px,32_64px
2380,35,0000291_00201_d_0000869.jpg,1,pedestrian,4.999360000000024,14.0002649999999,69.99236483039984,6.727447599999984e-05,0.35709038364631385,True,small,very_tall,0_8px,8_16px
2381,35,0000291_00201_d_0000869.jpg,8,awning-tricycle,13.000240000000076,16.999829999999974,221.00186995920097,0.00021242009800000094,0.7647276472764784,True,small,near_square,8_16px,16_32px
2382,35,0000291_00201_d_0000869.jpg,6,truck,17.999599999999987,21.000014999999962,377.99186999399905,0.0003633139849999991,0.8571231972929553,True,large_small,near_square,16_32px,16_32px
2383,35,0000291_00201_d_0000869.jpg,9,bus,26.000479999999925,27.99976500000014,728.0073298872015,0.0006997379180000015,0.928596365005199,True,large_small,near_square,16_32px,16_32px
2384,35,0000291_00201_d_0000869.jpg,1,pedestrian,6.999919999999975,15.000120000000038,104.99963999039988,0.00010092237599999989,0.4666576000725299,True,small,very_tall,0_8px,8_16px
2385,35,0000291_00201_d_0000869.jpg,2,people,4.999360000000024,10.999934999999937,54.992635041599954,5.2857203999999956e-05,0.4544899583497587,True,very_small,very_tall,0_8px,8_16px
2386,35,0000291_00201_d_0000869.jpg,4,car,13.999840000000063,12.999644999999987,181.99295005680062,0.0001749259420000006,1.0769401779817893,True,small,near_square,8_16px,8_16px
2387,35,0000291_00201_d_0000869.jpg,6,truck,77.00048000000015,36.999990000000025,2849.0169899952075,0.0027383861880000073,2.081094616512061,False,out_of_range,very_wide,64px_plus,32_64px
2388,35,0000291_00201_d_0000869.jpg,1,pedestrian,3.999760000000151,14.0002649999999,55.997699936401716,5.382324100000165e-05,0.2856917351207409,True,very_small,very_tall,0_8px,8_16px
2389,35,0000291_00201_d_0000869.jpg,4,car,19.000559999999837,12.999644999999987,247.00053480119763,0.00023740920299999773,1.461621451970408,True,small,wide,16_32px,8_16px
2390,35,0000291_00201_d_0000869.jpg,10,motor,4.999360000000024,10.000080000000025,49.99399994880037,4.805267200000036e-05,0.4999320005439968,True,very_small,very_tall,0_8px,8_16px
2391,35,0000291_00201_d_0000869.jpg,10,motor,6.000320000000102,9.000225,54.004230072000915,5.190718000000088e-05,0.6666855550833564,True,very_small,tall,0_8px,8_16px
2392,35,0000291_00201_d_0000869.jpg,2,people,4.999360000000024,11.999790000000075,59.991270134400665,5.766173600000064e-05,0.4166206241942561,True,very_small,very_tall,0_8px,8_16px
2393,35,0000291_00201_d_0000869.jpg,2,people,6.999920000000088,12.999644999999987,90.99647502840105,8.746297100000101e-05,0.538470088990899,True,small,tall,0_8px,8_16px
2394,35,0000291_00201_d_0000869.jpg,7,tricycle,13.999840000000063,15.999975000000063,223.99709000400188,0.00021529901000000182,0.8749913671740117,True,small,near_square,8_16px,8_16px
2395,35,0000291_00201_d_0000869.jpg,2,people,6.999920000000088,9.000225,63.000854982000796,6.055445500000077e-05,0.7777494451527699,True,very_small,near_square,0_8px,8_16px
2396,35,0000291_00201_d_0000869.jpg,1,pedestrian,6.999920000000088,16.999829999999974,118.99745001360132,0.00011437663400000127,0.4117641176411822,True,small,very_tall,0_8px,16_32px
2397,35,0000291_00201_d_0000869.jpg,5,van,48.99944000000005,17.999684999999886,881.9744851763953,0.0008477263409999955,2.7222387502892613,True,large_small,very_wide,32_64px,16_32px
2398,35,0000291_00201_d_0000869.jpg,5,van,34.9996000000001,19.000304999999912,665.0030748779989,0.0006391801949999989,1.8420546407018341,True,large_small,wide,32_64px,16_32px
2399,35,0000291_00201_d_0000869.jpg,4,car,31.999439999999936,15.000120000000038,479.99543993280025,0.00046135663200000025,2.13327893376852,True,large_small,very_wide,16_32px,8_16px
2400,35,0000291_00201_d_0000869.jpg,5,van,50.0003999999999,20.000159999999937,1000.0160000639949,0.000961184159999995,2.5000000000000027,True,large_small,very_wide,32_64px,16_32px
2401,35,0000291_00201_d_0000869.jpg,4,car,44.000080000000025,15.99997499999995,704.0001799979982,0.0006766629949999983,2.750009296889537,True,large_small,very_wide,32_64px,8_16px
2402,35,0000291_00201_d_0000869.jpg,5,van,37.000160000000164,21.9998700000001,813.9987099792073,0.000782390148000007,1.6818353926636838,True,large_small,wide,32_64px,16_32px
2403,35,0000291_00201_d_0000869.jpg,5,van,44.99968000000001,21.00001499999985,944.9939549951935,0.0009082986879999938,2.1428403741616537,True,large_small,very_wide,32_64px,16_32px
2404,35,0000291_00201_d_0000869.jpg,2,people,13.000240000000076,10.000079999999912,130.00344001919962,0.00012495524799999963,1.30001359989122,True,small,near_square,8_16px,8_16px
2405,35,0000291_00201_d_0000869.jpg,1,pedestrian,6.000320000000102,21.9998700000001,132.00625995840284,0.00012688029600000273,0.27274342984754335,True,small,very_tall,0_8px,16_32px
2406,35,0000291_00201_d_0000869.jpg,1,pedestrian,7.999519999999848,21.9998700000001,175.98840006239746,0.00016915455599999756,0.36361669409863834,True,small,very_tall,0_8px,16_32px
2407,35,0000291_00201_d_0000869.jpg,1,pedestrian,7.999519999999848,24.00034500000004,191.99123983439665,0.00018453598599999679,0.3333085420230349,True,small,very_tall,0_8px,16_32px
2408,35,0000291_00201_d_0000869.jpg,6,truck,95.99968000000013,43.999739999999974,4223.960960083203,0.004059939408000003,2.181823801686105,False,out_of_range,very_wide,64px_plus,32_64px
2409,35,0000291_00201_d_0000869.jpg,10,motor,30.000240000000076,17.999685,539.9948699244013,0.0005190262110000012,1.666709167410434,True,large_small,wide,16_32px,16_32px
2410,35,0000291_00201_d_0000869.jpg,1,pedestrian,10.999680000000126,26.999909999999886,296.99037002880215,0.0002854578720000021,0.40739691354527374,True,large_small,very_tall,8_16px,16_32px
2411,35,0000291_00201_d_0000869.jpg,10,motor,16.999999999999886,19.000304999999912,323.00518499999635,0.0003104624999999965,0.8947224794549332,True,large_small,near_square,16_32px,16_32px
2412,35,0000291_00201_d_0000869.jpg,10,motor,10.000079999999912,17.999684999999886,179.99828997479727,0.00017300873699999737,0.5555697224701418,True,small,tall,8_16px,16_32px
2413,35,0000291_00201_d_0000869.jpg,5,van,64.99984000000018,28.99962000000005,1884.9706600608083,0.001811774952000008,2.241403163213865,False,out_of_range,very_wide,64px_plus,16_32px
2414,35,0000291_00201_d_0000869.jpg,1,pedestrian,12.000639999999862,28.99962000000005,348.0139997567966,0.00033450019199999674,0.4138205948905483,True,large_small,very_tall,8_16px,16_32px
2415,35,0000291_00201_d_0000869.jpg,1,pedestrian,10.000079999999912,31.0000950000001,310.0034300075983,0.00029796561899999836,0.32258223724797874,True,large_small,very_tall,8_16px,16_32px
2416,35,0000291_00201_d_0000869.jpg,1,pedestrian,10.999680000000126,30.00023999999985,329.9930399232021,0.00031717900800000203,0.3666530667754718,True,large_small,very_tall,8_16px,16_32px
2417,35,0000291_00201_d_0000869.jpg,1,pedestrian,9.000480000000039,30.00023999999985,270.0165601151998,0.0002595314879999998,0.3000135998912037,True,large_small,very_tall,8_16px,16_32px
2418,35,0000291_00201_d_0000869.jpg,10,motor,26.000479999999925,21.000014999999962,546.0104700071975,0.0005248082179999976,1.2381172108686576,True,large_small,near_square,16_32px,16_32px
2419,35,0000291_00201_d_0000869.jpg,1,pedestrian,10.000079999999912,33.99965999999995,339.9993199727965,0.00032679673199999666,0.29412294122941013,True,large_small,very_tall,8_16px,32_64px
2420,35,0000291_00201_d_0000869.jpg,10,motor,9.000480000000039,21.000014999999962,189.01021500720046,0.00018167071800000045,0.4285939795757315,True,small,very_tall,8_16px,16_32px
2421,35,0000291_00201_d_0000869.jpg,2,people,13.999840000000063,22.999725000000012,321.9924700440016,0.00030948911000000154,0.6086959735388164,True,large_small,tall,8_16px,16_32px
2422,35,0000291_00201_d_0000869.jpg,1,pedestrian,9.000480000000039,31.999950000000013,288.0149099760014,0.00027683094000000133,0.2812654394772503,True,large_small,very_tall,8_16px,16_32px
2423,35,0000291_00201_d_0000869.jpg,8,awning-tricycle,33.999999999999886,57.000150000000076,1938.005099999996,0.0018627499999999961,0.5964896583605453,False,out_of_range,tall,32_64px,32_64px
2424,35,0000291_00201_d_0000869.jpg,5,van,46.00064000000009,54.999675000000025,2530.020249792006,0.0024317764800000055,0.8363802149739988,False,out_of_range,near_square,32_64px,32_64px
2425,35,0000291_00201_d_0000869.jpg,8,awning-tricycle,63.00064000000009,52.00010999999995,3276.0402100704014,0.0031488275760000015,1.2115482063403356,False,out_of_range,near_square,32_64px,32_64px
2426,35,0000291_00201_d_0000869.jpg,2,people,10.999680000000126,25.999672499999974,285.988077604803,0.0002748828120000029,0.4230699444387285,True,large_small,very_tall,8_16px,16_32px
2427,35,0000291_00201_d_0000869.jpg,3,bicycle,37.99976000000015,23.999962500000038,911.9928150090051,0.0008765790225000048,1.583325807279911,True,large_small,wide,32_64px,16_32px
2428,35,0000291_00201_d_0000869.jpg,10,motor,20.99976000000015,22.999725000000012,482.9887050660037,0.00046423366500000356,0.9130439603082272,True,large_small,near_square,16_32px,16_32px
2429,35,0000291_00201_d_0000869.jpg,10,motor,29.000639999999976,20.99963249999996,609.0027822647984,0.0005853544619999984,1.381007024765792,True,large_small,wide,16_32px,16_32px
2430,35,0000291_00201_d_0000869.jpg,1,pedestrian,10.000079999999798,32.99980500000004,330.0006899843937,0.00031718636099999396,0.30303451793123587,True,large_small,very_tall,8_16px,32_64px
2431,36,0000291_00401_d_0000870.jpg,4,car,61.99968000000001,73.99998000000005,4587.975080006404,0.004409818416000004,0.8378337399550645,False,out_of_range,near_square,32_64px,64px_plus
2432,36,0000291_00401_d_0000870.jpg,4,car,47.99984000000006,73.00012500000008,3503.9943199800086,0.0033679299500000083,0.6575309288853959,False,out_of_range,tall,32_64px,64px_plus
2433,36,0000291_00401_d_0000870.jpg,4,car,37.00015999999994,37.99984500000005,1406.0003449751994,0.0013514036379999993,0.9736923926926515,False,out_of_range,near_square,32_64px,32_64px
2434,36,0000291_00401_d_0000870.jpg,4,car,71.00015999999997,40.000319999999874,2840.0291200511897,0.0027297473279999903,1.774989800081604,False,out_of_range,wide,64px_plus,32_64px
2435,36,0000291_00401_d_0000870.jpg,4,car,27.999680000000126,36.000135,1007.9922599568046,0.0009688506920000043,0.7777659722664964,True,large_small,near_square,16_32px,32_64px
2436,36,0000291_00401_d_0000870.jpg,4,car,30.00024000000002,36.000135,1080.0126900324008,0.0010380744810000008,0.8333368749867194,False,out_of_range,near_square,16_32px,32_64px
2437,36,0000291_00401_d_0000870.jpg,4,car,108.99991999999997,46.00021499999997,5014.019754982795,0.004819319256999996,2.3695524031789863,False,out_of_range,very_wide,64px_plus,32_64px
2438,36,0000291_00401_d_0000870.jpg,4,car,118.99999999999977,42.999885000000006,5116.986314999991,0.004918287499999991,2.767449261782904,False,out_of_range,very_wide,64px_plus,32_64px
2439,36,0000291_00401_d_0000870.jpg,4,car,139.99975999999992,46.000215000000026,6440.0190599484,0.006189945271000001,3.043458818616388,False,out_of_range,very_wide,64px_plus,32_64px
2440,36,0000291_00401_d_0000870.jpg,4,car,131.0006400000002,46.00021499999991,6026.057605137597,0.0057920584439999975,2.8478266895057,False,out_of_range,very_wide,64px_plus,32_64px
2441,36,0000291_00401_d_0000870.jpg,4,car,78.99968000000007,43.99973999999992,3475.9653800831966,0.0033409894079999966,1.7954578822511273,False,out_of_range,wide,64px_plus,32_64px
2442,36,0000291_00401_d_0000870.jpg,5,van,41.99951999999996,45.00036,1889.9935198271983,0.0018166027679999983,0.9333152001450646,False,out_of_range,near_square,32_64px,32_64px
2443,36,0000291_00401_d_0000870.jpg,5,van,40.00031999999999,49.999634999999955,2000.0013998831976,0.0019223389079999977,0.8000122400893531,False,out_of_range,near_square,32_64px,32_64px
2444,36,0000291_00401_d_0000870.jpg,5,van,38.999360000000024,37.99984499999999,1481.9696350992006,0.0014244229480000006,1.0263031336048878,False,out_of_range,near_square,32_64px,32_64px
2445,36,0000291_00401_d_0000870.jpg,5,van,27.99968000000007,32.99980499999998,923.9839800624018,0.0008881045560000017,0.8484801652615852,True,large_small,near_square,16_32px,32_64px
2446,36,0000291_00401_d_0000870.jpg,5,van,23.999919999999975,33.999660000000006,815.9891200271993,0.0007843032679999993,0.7058870588705879,True,large_small,tall,16_32px,32_64px
2447,36,0000291_00401_d_0000870.jpg,5,van,24.999520000000018,36.000135,899.9860949352006,0.0008650385380000006,0.6944285070042103,True,large_small,tall,16_32px,32_64px
2448,36,0000291_00401_d_0000870.jpg,9,bus,37.00015999999982,58.99986000000001,2183.00425997759,0.0020982355439999904,0.6271228440203047,False,out_of_range,tall,32_64px,32_64px
2449,36,0000291_00401_d_0000870.jpg,4,car,24.999520000000075,22.999725000000012,574.982085132002,0.000552654830000002,1.0869486482990585,True,large_small,near_square,16_32px,16_32px
2450,36,0000291_00401_d_0000870.jpg,5,van,78.99968000000001,35.000279999999975,2765.0109199103986,0.0026576421759999984,2.2571156573604574,False,out_of_range,very_wide,64px_plus,32_64px
2451,36,0000291_00401_d_0000870.jpg,5,van,40.00031999999999,47.00007000000005,1880.0178400224015,0.0018070144560000014,0.8510693707477445,False,out_of_range,near_square,32_64px,32_64px
2452,36,0000291_00401_d_0000870.jpg,5,van,54.999759999999924,26.99991,1484.988570021598,0.001427324653999998,2.0370349382646062,False,out_of_range,very_wide,32_64px,16_32px
2453,36,0000291_00401_d_0000870.jpg,4,car,71.00015999999994,26.999910000000057,1916.9979299856022,0.001842558564000002,2.6296443210366176,False,out_of_range,very_wide,64px_plus,16_32px
2454,36,0000291_00401_d_0000870.jpg,9,bus,27.999680000000126,32.99980499999998,923.9839800624036,0.0008881045560000034,0.8484801652615869,True,large_small,near_square,16_32px,32_64px
2455,36,0000291_00401_d_0000870.jpg,9,bus,23.000319999999988,27.999764999999996,644.0035549247996,0.0006189961119999996,0.8214468942864339,True,large_small,near_square,16_32px,16_32px
2456,36,0000291_00401_d_0000870.jpg,6,truck,19.000559999999894,22.999724999999984,437.00765484599725,0.00042003811499999734,0.8261211818836924,True,large_small,near_square,16_32px,16_32px
2457,36,0000291_00401_d_0000870.jpg,4,car,17.0,10.999934999999994,186.9988949999999,0.0001797374999999999,1.5454636777399149,True,small,wide,16_32px,8_16px
2458,36,0000291_00401_d_0000870.jpg,4,car,10.999680000000012,10.000079999999969,109.99767997439977,0.00010572633599999978,1.099959200326402,True,small,near_square,8_16px,8_16px
2459,36,0000291_00401_d_0000870.jpg,4,car,17.999599999999987,14.000264999999985,251.99916989399955,0.00024221373499999958,1.2856613785524778,True,small,near_square,16_32px,8_16px
2460,36,0000291_00401_d_0000870.jpg,4,car,12.00064000000009,10.000080000000025,120.0073600512012,0.00011534732800000116,1.2000543995648094,True,small,near_square,8_16px,8_16px
2461,36,0000291_00401_d_0000870.jpg,5,van,61.000080000000025,22.999725000000012,1402.9850649780012,0.001348505445000001,2.652209102500138,False,out_of_range,very_wide,32_64px,16_32px
2462,36,0000291_00401_d_0000870.jpg,5,van,37.99976000000004,19.000305000000026,722.0070299268017,0.0006939706170000017,1.9999552638760265,True,large_small,wide,32_64px,16_32px
2463,36,0000291_00401_d_0000870.jpg,5,van,36.00055999999984,20.00016000000005,720.0169600895986,0.0006920578239999986,1.8000135998911881,True,large_small,wide,32_64px,16_32px
2464,36,0000291_00401_d_0000870.jpg,5,van,47.999839999999836,20.000159999999966,960.004479974395,0.0009227263359999952,2.399972800217594,True,large_small,very_wide,32_64px,16_32px
2465,36,0000291_00401_d_0000870.jpg,5,van,40.00031999999999,19.000304999999997,760.0182800975997,0.0007305058439999997,2.105246205258284,True,large_small,very_wide,32_64px,16_32px
2466,36,0000291_00401_d_0000870.jpg,5,van,47.99984000000006,17.999685000000028,863.9820000504025,0.0008304325260000023,2.6667044451055664,True,large_small,very_wide,32_64px,16_32px
2467,36,0000291_00401_d_0000870.jpg,6,truck,74.99992000000009,33.999660000000006,2549.9717800272033,0.0024509532680000033,2.2059020590205924,False,out_of_range,very_wide,64px_plus,32_64px
2468,36,0000291_00401_d_0000870.jpg,5,van,21.999360000000024,10.000079999999969,219.99535994879955,0.00021145267199999956,2.199918400652804,True,small,very_wide,16_32px,8_16px
2469,36,0000291_00401_d_0000870.jpg,4,car,21.999360000000024,9.000225000000029,197.99918985600084,0.00019031064000000082,2.44431222552769,True,small,very_wide,16_32px,8_16px
2470,36,0000291_00401_d_0000870.jpg,4,car,10.000080000000139,6.999749999999992,69.99805998000089,6.727995000000086e-05,1.4286338797814424,True,small,wide,8_16px,0_8px
2471,36,0000291_00401_d_0000870.jpg,4,car,9.000480000000039,8.000370000000032,72.0071701776006,6.921104400000058e-05,1.1250079683814627,True,small,near_square,8_16px,8_16px
2472,36,0000291_00401_d_0000870.jpg,4,car,10.000080000000025,9.000225000000029,90.00297001800051,8.650804500000049e-05,1.111092222694432,True,small,near_square,8_16px,8_16px
2473,36,0000291_00401_d_0000870.jpg,4,car,10.999680000000012,10.000079999999969,109.99767997439977,0.00010572633599999978,1.099959200326402,True,small,near_square,8_16px,8_16px
2474,36,0000291_00401_d_0000870.jpg,4,car,10.000080000000139,10.000080000000025,100.00160000640165,9.611841600000158e-05,1.0000000000000113,True,small,near_square,8_16px,8_16px
2475,36,0000291_00401_d_0000870.jpg,4,car,9.000479999999925,9.000225000000029,81.00634510799958,7.78607699999996e-05,1.0000283326250061,True,small,near_square,8_16px,8_16px
2476,36,0000291_00401_d_0000870.jpg,4,car,16.999999999999886,5.999894999999981,101.99821499999899,9.803749999999903e-05,2.8333829175343803,True,small,very_wide,16_32px,0_8px
2477,36,0000291_00401_d_0000870.jpg,5,van,13.99983999999995,9.000225000000029,126.00170996399994,0.00012110890999999995,1.5554988903055096,True,small,wide,8_16px,8_16px
2478,36,0000291_00401_d_0000870.jpg,1,pedestrian,12.000639999999976,31.999950000000013,384.0198799679994,0.0003691079199999994,0.3750205859696647,True,large_small,very_tall,8_16px,16_32px
2479,36,0000291_00401_d_0000870.jpg,1,pedestrian,10.999680000000126,30.000239999999906,329.99303992320273,0.00031717900800000263,0.36665306677547116,True,large_small,very_tall,8_16px,16_32px
2480,36,0000291_00401_d_0000870.jpg,1,pedestrian,12.000639999999862,30.000239999999962,360.0220801535954,0.0003460419839999956,0.40001813318826374,True,large_small,very_tall,8_16px,16_32px
2481,36,0000291_00401_d_0000870.jpg,1,pedestrian,10.000080000000025,27.99976500000008,279.99988998120153,0.0002691271530000015,0.3571487117838309,True,large_small,very_tall,8_16px,16_32px
2482,36,0000291_00401_d_0000870.jpg,1,pedestrian,30.99983999999995,42.00003000000004,1301.994209995199,0.0012514361879999991,0.73809090136364,False,out_of_range,tall,16_32px,32_64px
2483,36,0000291_00401_d_0000870.jpg,10,motor,26.000479999999925,45.00036,1170.0309601727965,0.0011245972319999967,0.5777838221738654,False,out_of_range,tall,16_32px,32_64px
2484,36,0000291_00401_d_0000870.jpg,7,tricycle,101.00040000000001,48.99977999999999,4948.997379911999,0.004756821779999999,2.0612419076167288,False,out_of_range,very_wide,64px_plus,32_64px
2485,36,0000291_00401_d_0000870.jpg,1,pedestrian,17.9996000000001,42.99988499999995,773.9807300460034,0.0007439261150000032,0.4185964683393949,True,large_small,very_tall,16_32px,32_64px
2486,36,0000291_00401_d_0000870.jpg,2,people,20.99976000000015,22.999725000000012,482.9887050660037,0.00046423366500000356,0.9130439603082272,True,large_small,near_square,16_32px,16_32px
2487,36,0000291_00401_d_0000870.jpg,2,people,16.000400000000013,20.000159999999937,320.01056006399926,0.00030758415999999927,0.800013599891204,True,large_small,near_square,16_32px,16_32px
2488,36,0000291_00401_d_0000870.jpg,2,people,13.999840000000063,17.999684999999943,251.99271005040032,0.00024220752600000032,0.7777825000826463,True,small,near_square,8_16px,16_32px
2489,36,0000291_00401_d_0000870.jpg,2,people,16.000400000000013,21.000014999999962,336.00864000599967,0.0003229610149999997,0.7619232652929078,True,large_small,near_square,16_32px,16_32px
2490,36,0000291_00401_d_0000870.jpg,2,people,12.000639999999976,19.00030499999997,228.01582019519915,0.0002191616879999992,0.6316024926968276,True,small,tall,8_16px,16_32px
2491,36,0000291_00401_d_0000870.jpg,2,people,12.000639999999862,20.000159999999937,240.0147201023965,0.00023069465599999663,0.6000271997823967,True,small,tall,8_16px,16_32px
2492,36,0000291_00401_d_0000870.jpg,2,people,10.999680000000126,15.999975000000006,175.99460500800208,0.000169160520000002,0.687481074189186,True,small,tall,8_16px,8_16px
2493,36,0000291_00401_d_0000870.jpg,2,people,9.000479999999925,15.000120000000038,135.00828005759922,0.00012976574399999925,0.6000271997823953,True,small,tall,8_16px,8_16px
2494,36,0000291_00401_d_0000870.jpg,2,people,10.999680000000126,16.999829999999974,186.99269005440186,0.0001797315360000018,0.647046470464713,True,small,tall,8_16px,16_32px
2495,36,0000291_00401_d_0000870.jpg,1,pedestrian,10.999680000000126,26.000054999999975,285.992284982403,0.0002748868560000029,0.4230637204421351,True,large_small,very_tall,8_16px,16_32px
2496,36,0000291_00401_d_0000870.jpg,1,pedestrian,13.99983999999995,30.000239999999962,419.99855996159795,0.00040368950399999803,0.46665760007253165,True,large_small,very_tall,8_16px,16_32px
2497,36,0000291_00401_d_0000870.jpg,1,pedestrian,12.000639999999862,30.000239999999906,360.02208015359474,0.00034604198399999493,0.4000181331882645,True,large_small,very_tall,8_16px,16_32px
2498,36,0000291_00401_d_0000870.jpg,3,bicycle,16.000400000000013,26.999909999999943,432.00935996399943,0.00041523390999999944,0.5926093827720184,True,large_small,tall,16_32px,16_32px
2499,36,0000291_00401_d_0000870.jpg,10,motor,19.00055999999995,25.000200000000007,475.0178001119989,0.0004565722799999989,0.7600163198694388,True,large_small,near_square,16_32px,16_32px
2500,36,0000291_00401_d_0000870.jpg,10,motor,27.000079999999798,21.000014999999962,567.0020850011947,0.0005449847029999949,1.285717176868676,True,large_small,near_square,16_32px,16_32px
2501,36,0000291_00401_d_0000870.jpg,10,motor,7.999519999999961,26.00005500000003,207.98795997359926,0.0001999115339999993,0.3076731953067004,True,small,very_tall,0_8px,16_32px
2502,36,0000291_00401_d_0000870.jpg,10,motor,36.00055999999984,14.0002649999999,504.01738014839407,0.0004844457709999943,2.571419898123364,True,large_small,very_wide,32_64px,8_16px
2503,36,0000291_00401_d_0000870.jpg,3,bicycle,13.999840000000063,26.000054999999975,363.9966099912013,0.00034986217800000123,0.5384542455775604,True,large_small,tall,8_16px,16_32px
2504,36,0000291_00401_d_0000870.jpg,3,bicycle,19.00055999999995,22.999725000000012,437.00765484599907,0.0004200381149999991,0.8261211818836939,True,large_small,near_square,16_32px,16_32px
2505,36,0000291_00401_d_0000870.jpg,7,tricycle,47.000240000000076,21.999870000000044,1033.9991699688037,0.0009938477220000036,2.1363871695605465,False,out_of_range,very_wide,32_64px,16_32px
2506,36,0000291_00401_d_0000870.jpg,2,people,16.000400000000127,20.000159999999937,320.01056006400154,0.0003075841600000015,0.8000135998912097,True,large_small,near_square,16_32px,16_32px
2507,36,0000291_00401_d_0000870.jpg,7,tricycle,33.00040000000001,49.999634999999955,1650.007954853999,0.001585936134999999,0.6600128180935729,False,out_of_range,tall,32_64px,32_64px
2508,36,0000291_00401_d_0000870.jpg,1,pedestrian,9.000480000000039,30.000239999999962,270.01656011520083,0.0002595314880000008,0.3000135998912025,True,large_small,very_tall,8_16px,16_32px
2509,36,0000291_00401_d_0000870.jpg,1,pedestrian,9.000480000000039,26.99991,243.01214995680104,0.000233575692000001,0.33335222228518685,True,small,very_tall,8_16px,16_32px
2510,36,0000291_00401_d_0000870.jpg,1,pedestrian,10.000079999999912,27.99976500000008,279.99988998119835,0.00026912715299999844,0.35714871178382684,True,large_small,very_tall,8_16px,16_32px
2511,36,0000291_00401_d_0000870.jpg,1,pedestrian,10.000079999999912,26.000054999999975,260.0026300043975,0.0002499064109999976,0.3846176479242033,True,large_small,very_tall,8_16px,16_32px
2512,36,0000291_00401_d_0000870.jpg,1,pedestrian,6.999920000000088,22.999725000000012,160.9962350220021,0.00015474455500000202,0.3043479867694107,True,small,very_tall,0_8px,16_32px
2513,36,0000291_00401_d_0000870.jpg,1,pedestrian,10.999680000000012,26.000054999999975,285.99228498240007,0.00027488685600000006,0.4230637204421307,True,large_small,very_tall,8_16px,16_32px
2514,36,0000291_00401_d_0000870.jpg,1,pedestrian,10.000080000000025,17.999685,179.99828997480046,0.00017300873700000044,0.5555697224701447,True,small,tall,8_16px,16_32px
2515,36,0000291_00401_d_0000870.jpg,7,tricycle,19.00055999999995,22.999725000000012,437.00765484599907,0.0004200381149999991,0.8261211818836939,True,large_small,near_square,16_32px,16_32px
2516,36,0000291_00401_d_0000870.jpg,1,pedestrian,10.999679999999955,28.999619999999936,318.986540121598,0.0003065999039999981,0.37930428053884774,True,large_small,very_tall,8_16px,16_32px
2517,36,0000291_00401_d_0000870.jpg,7,tricycle,24.999520000000018,35.00028000000003,874.9901998656014,0.0008410132640000014,0.7142662858697129,True,large_small,tall,16_32px,32_64px
2518,36,0000291_00401_d_0000870.jpg,1,pedestrian,13.000239999999962,36.00013499999994,468.0103950323979,0.000449836980999998,0.36111642359118884,True,large_small,very_tall,8_16px,32_64px
2519,36,0000291_00401_d_0000870.jpg,4,car,24.999520000000018,21.00001500000002,524.9902949928008,0.0005046042820000008,1.190452483010131,True,large_small,near_square,16_32px,16_32px
2520,36,0000291_00401_d_0000870.jpg,4,car,19.00055999999995,22.999725000000012,437.00765484599907,0.0004200381149999991,0.8261211818836939,True,large_small,near_square,16_32px,16_32px
2521,36,0000291_00401_d_0000870.jpg,4,car,20.000159999999994,19.000304999999997,380.00914004879985,0.00036525292199999983,1.052623102629142,True,large_small,near_square,16_32px,16_32px
2522,36,0000291_00401_d_0000870.jpg,5,van,16.000400000000013,19.000304999999997,304.0124801220002,0.0002922073050000002,0.8421127976629857,True,large_small,near_square,16_32px,16_32px
2523,36,0000291_00401_d_0000870.jpg,4,car,29.000639999999976,20.000159999999966,580.0174401023985,0.0005574946559999985,1.4500203998368026,True,large_small,wide,16_32px,16_32px
2524,36,0000291_00401_d_0000870.jpg,1,pedestrian,7.999520000000075,21.99986999999993,175.9884000624011,0.00016915455600000106,0.3636166940986515,True,small,very_tall,0_8px,16_32px
2525,36,0000291_00401_d_0000870.jpg,3,bicycle,7.999520000000075,20.000159999999994,159.99167992320145,0.0001537790080000014,0.3999728002176021,True,small,very_tall,0_8px,16_32px
2526,36,0000291_00401_d_0000870.jpg,1,pedestrian,6.000319999999988,17.999685,108.00386989919978,0.0001038099479999998,0.33335694485764544,True,small,very_tall,0_8px,16_32px
2527,36,0000291_00401_d_0000870.jpg,1,pedestrian,6.000319999999931,21.00001500000002,126.00681000479867,0.00012111381199999872,0.28572931971714904,True,small,very_tall,0_8px,16_32px
2528,36,0000291_00401_d_0000870.jpg,1,pedestrian,6.000319999999988,15.999975000000035,96.00496999200001,9.227698000000001e-05,0.37502058596966403,True,small,very_tall,0_8px,8_16px
2529,36,0000291_00401_d_0000870.jpg,1,pedestrian,4.999360000000024,15.999975000000006,79.98963501600042,7.68835400000004e-05,0.3124604882195142,True,small,very_tall,0_8px,8_16px
2530,36,0000291_00401_d_0000870.jpg,1,pedestrian,4.999360000000024,12.999644999999987,64.98990522720025,6.246626800000024e-05,0.38457665574713995,True,small,very_tall,0_8px,8_16px
2531,36,0000291_00401_d_0000870.jpg,1,pedestrian,3.9997600000000375,10.999934999999994,43.99710001560039,4.228863900000037e-05,0.36361669409865055,True,very_small,very_tall,0_8px,8_16px
2532,36,0000291_00401_d_0000870.jpg,1,pedestrian,6.000319999999874,10.000079999999997,60.003680025598726,5.767366399999878e-05,0.6000271997823894,True,very_small,tall,0_8px,8_16px
2533,36,0000291_00401_d_0000870.jpg,1,pedestrian,3.999759999999924,10.999934999999965,43.997100015599024,4.2288638999999065e-05,0.36361669409864117,True,very_small,very_tall,0_8px,8_16px
2534,36,0000291_00401_d_0000870.jpg,1,pedestrian,3.9997600000000375,9.000225000000029,35.998739946000455,3.460086500000044e-05,0.44440666761109027,True,very_small,very_tall,0_8px,8_16px
2535,36,0000291_00401_d_0000870.jpg,1,pedestrian,4.999360000000024,10.000080000000025,49.99399994880037,4.805267200000036e-05,0.4999320005439968,True,very_small,very_tall,0_8px,8_16px
2536,36,0000291_00401_d_0000870.jpg,5,van,23.0003200000001,30.00024000000002,690.0151200768034,0.0006632209920000033,0.7666711999637366,True,large_small,near_square,16_32px,16_32px
2537,36,0000291_00401_d_0000870.jpg,1,pedestrian,9.000480000000039,14.000265000000013,126.00910512720066,0.00012111601800000063,0.6428792597854419,True,small,tall,8_16px,8_16px
2538,36,0000291_00401_d_0000870.jpg,10,motor,9.000480000000039,12.999645000000044,117.0030448296009,0.00011245967400000086,0.6923635222346463,True,small,tall,8_16px,8_16px
2539,36,0000291_00401_d_0000870.jpg,1,pedestrian,3.999759999999924,15.000119999999981,59.99687997119878,5.7667127999998826e-05,0.26664853347839407,True,very_small,very_tall,0_8px,8_16px
2540,36,0000291_00401_d_0000870.jpg,10,motor,26.000479999999925,14.000265000000013,364.0136101271993,0.0003498785179999993,1.8571419898123287,True,large_small,wide,16_32px,8_16px
2541,36,0000291_00401_d_0000870.jpg,10,motor,16.000400000000127,15.999975000000006,256.0059999900021,0.00024606497500000206,1.0000265625415115,True,large_small,near_square,16_32px,8_16px
2542,36,0000291_00401_d_0000870.jpg,1,pedestrian,7.999519999999961,22.999725000000012,183.9867601319992,0.00017684232999999925,0.3478093759816675,True,small,very_tall,0_8px,16_32px
2543,36,0000291_00401_d_0000870.jpg,2,people,10.999680000000126,16.999829999999974,186.99269005440186,0.0001797315360000018,0.647046470464713,True,small,tall,8_16px,16_32px
2544,36,0000291_00401_d_0000870.jpg,1,pedestrian,6.000319999999988,15.000119999999953,90.00552003839954,8.651049599999956e-05,0.4000181331882683,True,small,very_tall,0_8px,8_16px
2545,36,0000291_00401_d_0000870.jpg,1,pedestrian,3.9997600000000375,14.000264999999985,55.997699936400466,5.382324100000045e-05,0.28569173512073104,True,very_small,very_tall,0_8px,8_16px
2546,36,0000291_00401_d_0000870.jpg,1,pedestrian,3.999759999999924,10.999934999999965,43.997100015599024,4.2288638999999065e-05,0.36361669409864117,True,very_small,very_tall,0_8px,8_16px
2547,36,0000291_00401_d_0000870.jpg,1,pedestrian,3.000160000000051,8.000370000000018,24.00239005920046,2.3070348000000443e-05,0.3750026561271596,True,very_small,very_tall,0_8px,8_16px
2548,36,0000291_00401_d_0000870.jpg,1,pedestrian,2.0005599999999504,6.999749999999992,14.003419859999637,1.3459649999999652e-05,0.285804493017601,True,tiny,very_tall,0_8px,0_8px
2549,36,0000291_00401_d_0000870.jpg,1,pedestrian,3.000160000000051,6.999749999999992,21.00036996000033,2.018490000000032e-05,0.4286095931997649,True,very_small,very_tall,0_8px,0_8px
2550,36,0000291_00401_d_0000870.jpg,1,pedestrian,3.999759999999924,10.000079999999983,39.99791998079917,3.84447519999992e-05,0.39997280021759135,True,very_small,very_tall,0_8px,8_16px
2551,36,0000291_00401_d_0000870.jpg,1,pedestrian,2.0005599999999504,9.000225000000015,18.005490125999582,1.73063149999996e-05,0.22227888747225177,True,very_small,very_tall,0_8px,8_16px
2552,36,0000291_00401_d_0000870.jpg,1,pedestrian,3.9997600000000375,10.000080000000025,39.997919980800475,3.844475200000046e-05,0.399972800217601,True,very_small,very_tall,0_8px,8_16px
2553,36,0000291_00401_d_0000870.jpg,1,pedestrian,3.000160000000051,6.9997499999999775,21.000369960000288,2.018490000000028e-05,0.42860959319976577,True,very_small,very_tall,0_8px,0_8px
2554,36,0000291_00401_d_0000870.jpg,1,pedestrian,3.000160000000051,8.000370000000004,24.00239005920042,2.3070348000000403e-05,0.37500265612716027,True,very_small,very_tall,0_8px,8_16px
2555,36,0000291_00401_d_0000870.jpg,1,pedestrian,3.999759999999924,10.000080000000025,39.99791998079934,3.844475199999937e-05,0.39997280021758963,True,very_small,very_tall,0_8px,8_16px
2556,36,0000291_00401_d_0000870.jpg,1,pedestrian,3.000160000000051,11.99978999999999,36.00128996640058,3.4603316000000554e-05,0.250017708643239,True,very_small,very_tall,0_8px,8_16px
2557,36,0000291_00401_d_0000870.jpg,1,pedestrian,3.0001600000001645,9.000225000000029,27.002115036001566,2.5953590000001505e-05,0.3333427775416898,True,very_small,very_tall,0_8px,8_16px
2558,36,0000291_00401_d_0000870.jpg,4,car,6.000319999999988,5.000039999999984,30.001840012799846,2.8836831999999853e-05,1.2000543995648048,True,very_small,near_square,0_8px,0_8px
2559,36,0000291_00401_d_0000870.jpg,4,car,4.999360000000024,3.0003300000000053,14.9997297888001,1.4417272000000095e-05,1.6662700436285394,True,tiny,wide,0_8px,0_8px
2560,36,0000291_00401_d_0000870.jpg,4,car,3.999759999999924,5.000040000000013,19.99895999039967,1.9222375999999683e-05,0.7999456004351793,True,very_small,near_square,0_8px,0_8px
2561,36,0000291_00401_d_0000870.jpg,4,car,6.000319999999988,5.000039999999984,30.001840012799846,2.8836831999999853e-05,1.2000543995648048,True,very_small,near_square,0_8px,0_8px
2562,36,0000291_00401_d_0000870.jpg,6,truck,7.999520000000075,9.000225000000015,71.9974798920008,6.920173000000076e-05,0.8888133352221819,True,small,near_square,0_8px,8_16px
2563,36,0000291_00401_d_0000870.jpg,6,truck,6.999919999999975,10.999935000000008,76.99866500519977,7.400871299999978e-05,0.6363601239461842,True,small,tall,0_8px,8_16px
2564,36,0000291_00401_d_0000870.jpg,6,truck,12.00064000000009,11.999790000000004,144.00515986560112,0.00013841326400000108,1.0000708345729454,True,small,near_square,8_16px,8_16px
2565,36,0000291_00401_d_0000870.jpg,4,car,4.999360000000024,5.999894999999995,29.99563506720012,2.8830868000000113e-05,0.8332412483885182,True,very_small,near_square,0_8px,0_8px
2566,36,0000291_00401_d_0000870.jpg,1,pedestrian,6.000319999999874,14.000264999999985,84.00607008479815,8.074401199999823e-05,0.4285861731902847,True,small,very_tall,0_8px,8_16px
2567,36,0000291_00401_d_0000870.jpg,7,tricycle,10.999679999999898,15.999975000000035,175.99460500799876,0.0001691605199999988,0.6874810741891706,True,small,tall,8_16px,8_16px
2568,36,0000291_00401_d_0000870.jpg,10,motor,6.999919999999975,8.000370000000032,56.00194997040002,5.382732600000002e-05,0.874949533584065,True,very_small,near_square,0_8px,8_16px
2569,36,0000291_00401_d_0000870.jpg,1,pedestrian,3.000160000000051,9.000225000000029,27.002115036000543,2.5953590000000523e-05,0.3333427775416771,True,very_small,very_tall,0_8px,8_16px
2570,36,0000291_00401_d_0000870.jpg,4,car,16.999999999999886,8.000370000000018,136.00628999999938,0.0001307249999999994,2.1249017232952787,True,small,very_wide,16_32px,8_16px
2571,36,0000291_00401_d_0000870.jpg,4,car,6.999920000000088,6.999749999999992,48.99769002000056,4.709505000000054e-05,1.0000242865816775,True,very_small,near_square,0_8px,0_8px
2572,36,0000291_00401_d_0000870.jpg,4,car,6.000319999999988,5.999894999999981,36.00128996639981,3.4603315999999815e-05,1.0000708345729394,True,very_small,near_square,0_8px,0_8px
2573,36,0000291_00401_d_0000870.jpg,4,car,6.000319999999988,8.000370000000018,48.004780118400014,4.614069600000001e-05,0.750005312254305,True,very_small,near_square,0_8px,8_16px
2574,36,0000291_00401_d_0000870.jpg,4,car,6.999920000000088,6.999749999999992,48.99769002000056,4.709505000000054e-05,1.0000242865816775,True,very_small,near_square,0_8px,0_8px
2575,36,0000291_00401_d_0000870.jpg,9,bus,14.999439999999936,9.000225,134.99833487399943,0.00012975618499999945,1.6665627803749279,True,small,wide,8_16px,8_16px
2576,36,0000291_00401_d_0000870.jpg,2,people,10.000079999999912,11.99978999999999,119.99885998319884,0.00011533915799999888,0.8333545837052082,True,small,near_square,8_16px,8_16px
2577,36,0000291_00401_d_0000870.jpg,10,motor,30.000240000000076,14.000265000000013,420.01131006360146,0.0004037017590000014,2.1428337249330673,True,large_small,very_wide,16_32px,8_16px
2578,36,0000291_00401_d_0000870.jpg,1,pedestrian,7.999519999999961,26.99991,215.98632004319896,0.000207599307999999,0.2962795061168708,True,small,very_tall,0_8px,16_32px
2579,36,0000291_00401_d_0000870.jpg,2,people,9.000480000000039,19.00030499999997,171.01186514640045,0.00016437126600000044,0.4737018695226236,True,small,very_tall,8_16px,16_32px
2580,36,0000291_00401_d_0000870.jpg,2,people,10.000079999999912,21.000014999999962,210.00183000119776,0.00020184720299999784,0.4761939455757498,True,small,very_tall,8_16px,16_32px
2581,36,0000291_00401_d_0000870.jpg,1,pedestrian,4.9993599999999105,19.000305000000026,94.98936480479843,9.130081199999849e-05,0.2631199867581022,True,small,very_tall,0_8px,16_32px
2582,36,0000291_00401_d_0000870.jpg,1,pedestrian,4.999360000000024,20.00016000000005,99.98799989760074,9.610534400000071e-05,0.2499660002719984,True,small,very_tall,0_8px,16_32px
2583,36,0000291_00401_d_0000870.jpg,10,motor,19.00055999999995,27.99976500000008,532.0112148684002,0.0005113525710000002,0.6785971239401436,True,large_small,tall,16_32px,16_32px
2584,36,0000291_00401_d_0000870.jpg,10,motor,20.00016000000005,30.000239999999962,600.0096000384008,0.0005767104960000008,0.6666666666666692,True,large_small,tall,16_32px,16_32px
2585,36,0000291_00401_d_0000870.jpg,10,motor,24.999519999999848,19.000305000000026,474.99850485359775,0.00045655373399999783,1.3157430893872395,True,large_small,near_square,16_32px,16_32px
2586,36,0000291_00401_d_0000870.jpg,1,pedestrian,10.000080000000025,31.000095000000044,310.00343000760125,0.0002979656190000012,0.32258223724798296,True,large_small,very_tall,8_16px,16_32px
2587,36,0000291_00401_d_0000870.jpg,1,pedestrian,17.0,36.000135,612.002295,0.0005882375,0.4722204513955295,True,large_small,very_tall,16_32px,32_64px
2588,36,0000291_00401_d_0000870.jpg,10,motor,41.99951999999999,24.00034500000004,1008.0029698344014,0.0009688609860000014,1.7499548443991084,True,large_small,wide,32_64px,16_32px
2589,36,0000291_00401_d_0000870.jpg,10,motor,16.00040000000004,25.000200000000007,400.0132000800011,0.0003844802000000011,0.6400108799129622,True,large_small,tall,16_32px,16_32px
2590,36,0000291_00401_d_0000870.jpg,10,motor,37.99976,26.999909999999943,1025.990100021598,0.000986149653999998,1.4074032098625544,False,out_of_range,wide,32_64px,16_32px
2591,36,0000291_00401_d_0000870.jpg,10,motor,30.000240000000005,30.00024000000002,900.0144000576007,0.0008650657440000006,0.9999999999999996,True,large_small,near_square,16_32px,16_32px
2592,36,0000291_00401_d_0000870.jpg,10,motor,19.000560000000007,26.999909999999943,513.0134099495991,0.0004930924739999992,0.7037267902004135,True,large_small,tall,16_32px,16_32px
2593,36,0000291_00401_d_0000870.jpg,1,pedestrian,16.00040000000004,36.99998999999997,592.014639996001,0.000569025990000001,0.43244336011982853,True,large_small,very_tall,16_32px,32_64px
2594,36,0000291_00401_d_0000870.jpg,1,pedestrian,13.000239999999991,32.99980499999998,429.00538495319944,0.00041234658299999947,0.3939489945470889,True,large_small,very_tall,8_16px,32_64px
2595,36,0000291_00401_d_0000870.jpg,4,car,71.00016,36.999990000000025,2627.0052099984014,0.0025249953960000014,1.9189237618712855,False,out_of_range,wide,64px_plus,32_64px
2596,36,0000291_00401_d_0000870.jpg,1,pedestrian,14.999440000000002,31.000095000000044,464.98406494680074,0.0004469281670000007,0.48385142045532376,True,large_small,very_tall,8_16px,16_32px
2597,37,0000291_04201_d_0000889.jpg,5,van,122.99975999999998,153.99985499999997,18941.945205034794,0.018206406386999992,0.798700492282931,False,out_of_range,near_square,64px_plus,64px_plus
2598,37,0000291_04201_d_0000889.jpg,4,car,71.99975999999992,99.00018000000006,7127.989199956796,0.006851200691999996,0.7272689807230641,False,out_of_range,tall,64px_plus,64px_plus
2599,37,0000291_04201_d_0000889.jpg,4,car,68.00000000000011,95.99984999999998,6527.989800000009,0.006274500000000009,0.7083344401058973,False,out_of_range,tall,64px_plus,64px_plus
2600,37,0000291_04201_d_0000889.jpg,4,car,63.000639999999976,83.00020499999994,5229.066035131194,0.005026015027999995,0.7590419806794456,False,out_of_range,near_square,32_64px,64px_plus
2601,37,0000291_04201_d_0000889.jpg,4,car,40.00031999999999,41.000174999999984,1640.0201200559989,0.0015763361399999988,0.975613396772087,False,out_of_range,near_square,32_64px,32_64px
2602,37,0000291_04201_d_0000889.jpg,4,car,34.9996000000001,31.99995,1119.985450020003,0.001076495050000003,1.0937392089675173,False,out_of_range,near_square,32_64px,16_32px
2603,37,0000291_04201_d_0000889.jpg,4,car,48.99944000000005,58.000005000000044,2841.967764997205,0.002731610693000005,0.8448178582053573,False,out_of_range,near_square,32_64px,32_64px
2604,37,0000291_04201_d_0000889.jpg,4,car,53.00056000000018,59.99971499999998,3180.01849484041,0.0030565345010000093,0.8833468625642671,False,out_of_range,near_square,32_64px,32_64px
2605,37,0000291_04201_d_0000889.jpg,4,car,40.0003200000001,47.999924999999934,1920.0123599760022,0.001845455940000002,0.8333413020957878,False,out_of_range,near_square,32_64px,32_64px
2606,37,0000291_04201_d_0000889.jpg,4,car,94.00048000000015,43.999739999999974,4135.996679875204,0.003975390888000004,2.1363871695605523,False,out_of_range,very_wide,64px_plus,32_64px
2607,37,0000291_04201_d_0000889.jpg,4,car,53.00056000000018,35.000280000000004,1855.0344401568063,0.0017830011920000062,1.5142895999689194,False,out_of_range,wide,32_64px,32_64px
2608,37,0000291_04201_d_0000889.jpg,4,car,72.99936000000025,25.000200000000007,1824.9985998720067,0.0017541316800000065,2.919951040391686,False,out_of_range,very_wide,64px_plus,16_32px
2609,37,0000291_04201_d_0000889.jpg,4,car,88.99976000000015,36.000135,3204.0033749676054,0.003079588019000005,2.4722062847819917,False,out_of_range,very_wide,64px_plus,32_64px
2610,37,0000291_04201_d_0000889.jpg,4,car,81.00023999999985,26.00005499999999,2106.0106950131953,0.0020242317329999954,3.1153872559115694,False,out_of_range,very_wide,64px_plus,16_32px
2611,37,0000291_04201_d_0000889.jpg,5,van,74.00031999999965,28.999619999999993,2145.9811598783895,0.0020626500959999897,2.5517686093817664,False,out_of_range,very_wide,64px_plus,16_32px
2612,37,0000291_04201_d_0000889.jpg,5,van,47.00023999999996,67.00022999999993,3149.026890055194,0.003026746337999994,0.701493711290245,False,out_of_range,tall,32_64px,64px_plus
2613,37,0000291_04201_d_0000889.jpg,5,van,51.99959999999999,69.999795,3639.9613400819994,0.0034986172049999995,0.7428536040712688,False,out_of_range,tall,32_64px,64px_plus
2614,37,0000291_04201_d_0000889.jpg,5,van,40.00031999999999,53.99981999999997,2160.010079942398,0.002076134255999998,0.740749135830453,False,out_of_range,tall,32_64px,32_64px
2615,37,0000291_04201_d_0000889.jpg,4,car,51.000000000000114,47.000069999999994,2397.003570000005,0.002303925000000005,1.0851047668652434,False,out_of_range,near_square,32_64px,32_64px
2616,37,0000291_04201_d_0000889.jpg,4,car,38.99935999999991,47.99992499999996,1871.9663550479943,0.0017992756199999944,0.8124879361790657,False,out_of_range,near_square,32_64px,32_64px
2617,37,0000291_04201_d_0000889.jpg,4,car,30.99983999999995,36.999990000000025,1146.993770001599,0.001102454603999999,0.8378337399550629,False,out_of_range,near_square,16_32px,32_64px
2618,37,0000291_04201_d_0000889.jpg,4,car,27.999680000000012,31.000094999999988,867.9927399696,0.000834287524,0.9032127159610325,True,large_small,near_square,16_32px,16_32px
2619,37,0000291_04201_d_0000889.jpg,4,car,33.99999999999977,51.00025500000002,1734.008669999989,0.0016666749999999894,0.6666633333499953,False,out_of_range,tall,32_64px,32_64px
2620,37,0000291_04201_d_0000889.jpg,4,car,34.9996000000001,41.000175,1434.989724930004,0.001379267325000004,0.8536451368805158,False,out_of_range,near_square,32_64px,32_64px
2621,37,0000291_04201_d_0000889.jpg,4,car,27.00007999999991,37.999845,1025.9988549875966,0.0009861580689999967,0.7105313192724841,False,out_of_range,tall,16_32px,32_64px
2622,37,0000291_04201_d_0000889.jpg,4,car,30.000240000000076,35.000280000000004,1050.0168000672027,0.0010092433680000026,0.8571428571428592,False,out_of_range,near_square,16_32px,32_64px
2623,37,0000291_04201_d_0000889.jpg,4,car,30.999840000000063,32.999805,1022.9886750312021,0.000983264778000002,0.9393946418774312,True,large_small,near_square,16_32px,32_64px
2624,37,0000291_04201_d_0000889.jpg,4,car,26.00048000000004,27.999764999999996,728.007329887201,0.000699737918000001,0.9285963650052078,True,large_small,near_square,16_32px,16_32px
2625,37,0000291_04201_d_0000889.jpg,4,car,23.0003200000001,32.99980500000001,759.0060749376036,0.0007295329440000035,0.6969835124783342,True,large_small,tall,16_32px,32_64px
2626,37,0000291_04201_d_0000889.jpg,5,van,37.00016000000005,49.99963500000001,1849.994494941603,0.001778156954000003,0.740008602062796,False,out_of_range,tall,32_64px,32_64px
2627,37,0000291_04201_d_0000889.jpg,4,car,34.9996000000001,37.99984500000002,1329.9793750620047,0.0012783346550000044,0.9210458621607557,False,out_of_range,near_square,32_64px,32_64px
2628,37,0000291_04201_d_0000889.jpg,9,bus,101.99999999999989,140.000355,14280.036209999986,0.013725524999999987,0.7285695811271327,False,out_of_range,tall,64px_plus,64px_plus
2629,37,0000291_04201_d_0000889.jpg,5,van,30.000240000000076,47.00007,1410.0133800168037,0.0013552608420000036,0.6383020280608109,False,out_of_range,tall,16_32px,32_64px
2630,37,0000291_04201_d_0000889.jpg,4,car,30.99983999999995,30.00024,930.0026399615986,0.0008938895039999987,1.0333197334421307,True,large_small,near_square,16_32px,16_32px
2631,37,0000291_04201_d_0000889.jpg,5,van,37.99976000000004,37.999845,1443.9849900372014,0.0013879132930000014,0.9999977631487718,False,out_of_range,near_square,32_64px,32_64px
2632,37,0000291_04201_d_0000889.jpg,5,van,58.99951999999996,28.99962,1710.9636601823988,0.0016445248559999988,2.0344928657685846,False,out_of_range,very_wide,32_64px,16_32px
2633,37,0000291_04201_d_0000889.jpg,4,car,84.00040000000001,33.99965999999998,2855.9850398639987,0.002745083659999999,2.4706247062470643,False,out_of_range,very_wide,64px_plus,32_64px
2634,37,0000291_04201_d_0000889.jpg,5,van,145.00047999999998,83.00020500000005,12035.069565098405,0.011567733146000006,1.7469894200863707,False,out_of_range,wide,64px_plus,64px_plus
2635,37,0000291_04201_d_0000889.jpg,4,car,65.99944000000005,26.00005499999999,1715.9890699692005,0.0016493551230000005,2.538434630234439,False,out_of_range,very_wide,64px_plus,16_32px
2636,37,0000291_04201_d_0000889.jpg,4,car,58.999520000000075,30.00024,1769.9997598848024,0.0017012685120000024,1.9666349335872004,False,out_of_range,wide,32_64px,16_32px
2637,37,0000291_04201_d_0000889.jpg,5,van,51.99959999999999,33.99966,1767.9687201359995,0.0016993163399999995,1.5294152941529413,False,out_of_range,wide,32_64px,32_64px
2638,37,0000291_04201_d_0000889.jpg,4,car,54.999759999999924,26.000055000000003,1429.9967849867983,0.0013744682669999983,2.115370909792303,False,out_of_range,very_wide,32_64px,16_32px
2639,37,0000291_04201_d_0000889.jpg,4,car,27.00007999999991,26.000055,702.0035650043977,0.0006747439109999978,1.038462418637188,True,large_small,near_square,16_32px,16_32px
2640,37,0000291_04201_d_0000889.jpg,5,van,31.999439999999822,27.999765,895.976800131595,0.0008611849289999953,1.1428467346065163,True,large_small,near_square,16_32px,16_32px
2641,37,0000291_04201_d_0000889.jpg,5,van,44.9996799999999,37.999845,1709.980865049596,0.0016435802239999962,1.1842069355809188,False,out_of_range,near_square,32_64px,32_64px
2642,37,0000291_04201_d_0000889.jpg,4,car,61.9996799999999,30.000239999999998,1860.005279923197,0.0017877790079999971,2.066639466884262,False,out_of_range,very_wide,32_64px,16_32px
2643,37,0000291_04201_d_0000889.jpg,4,car,57.9999200000002,33.99965999999999,1971.9775600272064,0.0018954032680000062,1.7058970589705962,False,out_of_range,wide,32_64px,32_64px
2644,37,0000291_04201_d_0000889.jpg,1,pedestrian,27.000080000000025,52.00011000000001,1404.0071300088016,0.0013494878220000016,0.5192312093185961,False,out_of_range,tall,16_32px,32_64px
2645,37,0000291_04201_d_0000889.jpg,1,pedestrian,30.00023999999999,47.99992500000002,1440.0092699820002,0.0013840919550000001,0.625005976571838,False,out_of_range,tall,16_32px,32_64px
2646,37,0000291_04201_d_0000889.jpg,1,pedestrian,30.99984,57.000150000000076,1766.9955299760022,0.001698380940000002,0.5438554109068127,False,out_of_range,tall,16_32px,32_64px
2647,37,0000291_04201_d_0000889.jpg,2,people,26.00048000000001,38.99970000000002,1014.0109198560009,0.0009746356400000009,0.6666841026982259,True,large_small,tall,16_32px,32_64px
2648,37,0000291_04201_d_0000889.jpg,1,pedestrian,20.000159999999994,47.00007000000005,940.0089200112008,0.0009035072280000007,0.42553468537387223,True,large_small,very_tall,16_32px,32_64px
2649,37,0000291_04201_d_0000889.jpg,1,pedestrian,23.999919999999975,47.99992500000002,1151.9943600059992,0.0011072610149999993,0.4999991145819491,False,out_of_range,very_tall,16_32px,32_64px
2650,37,0000291_04201_d_0000889.jpg,1,pedestrian,23.99992000000003,46.00021499999991,1104.0014799827993,0.0010611317569999992,0.5217349527605486,False,out_of_range,tall,16_32px,32_64px
2651,37,0000291_04201_d_0000889.jpg,2,people,20.999760000000038,45.00036,944.9967599136017,0.0009083013840000016,0.4666576000725336,True,large_small,very_tall,16_32px,32_64px
2652,37,0000291_04201_d_0000889.jpg,1,pedestrian,14.999439999999936,38.99970000000002,584.9736601679978,0.0005622584199999978,0.38460398413320945,True,large_small,very_tall,8_16px,32_64px
2653,37,0000291_04201_d_0000889.jpg,1,pedestrian,13.000239999999962,33.999660000000006,442.0037399183988,0.00042484019599999884,0.38236382363823523,True,large_small,very_tall,8_16px,32_64px
2654,37,0000291_04201_d_0000889.jpg,1,pedestrian,13.000239999999962,41.000174999999984,533.0121150419983,0.0005123146049999984,0.31707767100994,True,large_small,very_tall,8_16px,32_64px
2655,37,0000291_04201_d_0000889.jpg,1,pedestrian,10.999680000000012,42.99988499999998,472.9849750368003,0.0004546183920000003,0.2558071957634309,True,large_small,very_tall,8_16px,32_64px
2656,37,0000291_04201_d_0000889.jpg,1,pedestrian,10.999679999999898,40.000320000000016,439.99071989759614,0.0004229053439999963,0.2749898000815967,True,large_small,very_tall,8_16px,32_64px
2657,37,0000291_04201_d_0000889.jpg,1,pedestrian,17.0,45.00036,765.00612,0.0007353,0.3777747555797331,True,large_small,very_tall,16_32px,32_64px
2658,37,0000291_04201_d_0000889.jpg,10,motor,20.999760000000038,33.999660000000006,713.9847000816014,0.0006862598040000014,0.6176461764617656,True,large_small,tall,16_32px,32_64px
2659,37,0000291_04201_d_0000889.jpg,10,motor,26.000479999999925,36.999990000000025,962.0174999951979,0.000924661187999998,0.7027158655988801,True,large_small,tall,16_32px,32_64px
2660,37,0000291_04201_d_0000889.jpg,10,motor,17.999599999999987,30.00024000000002,539.9923199039999,0.00051902376,0.5999818668117314,True,large_small,tall,16_32px,16_32px
2661,37,0000291_04201_d_0000889.jpg,10,motor,24.999520000000018,42.00003000000004,1049.9805899856017,0.0010092085640000016,0.5952262415050655,False,out_of_range,tall,16_32px,32_64px
2662,37,0000291_04201_d_0000889.jpg,10,motor,19.00055999999995,52.99996500000003,1007.029014980398,0.000967924850999998,0.3585013688216575,True,large_small,very_tall,16_32px,32_64px
2663,37,0000291_04201_d_0000889.jpg,10,motor,43.00048000000004,25.000200000000007,1075.0206000960013,0.0010332762400000013,1.7200054399564815,False,out_of_range,wide,32_64px,16_32px
2664,37,0000291_04201_d_0000889.jpg,10,motor,37.99976000000004,35.00028000000003,1330.0022399328025,0.0012783566320000023,1.0856987429814848,False,out_of_range,near_square,32_64px,32_64px
2665,37,0000291_04201_d_0000889.jpg,10,motor,12.00064000000009,30.00024000000002,360.02208015360293,0.0003460419840000028,0.40001813318827056,True,large_small,very_tall,8_16px,16_32px
2666,37,0000291_04201_d_0000889.jpg,10,motor,30.000240000000076,25.000200000000035,750.012000048003,0.0007208881200000028,1.2000000000000013,True,large_small,near_square,16_32px,16_32px
2667,37,0000291_04201_d_0000889.jpg,10,motor,36.00056000000001,31.000094999999988,1116.0207800531998,0.0010726843329999997,1.161304828259398,False,out_of_range,near_square,32_64px,16_32px
2668,37,0000291_04201_d_0000889.jpg,3,bicycle,38.999360000000024,28.999619999999936,1130.9666202431981,0.0010870498079999982,1.344823139061826,False,out_of_range,wide,32_64px,16_32px
2669,37,0000291_04201_d_0000889.jpg,3,bicycle,37.00015999999994,30.00024000000002,1110.013680038399,0.001066910495999999,1.2333288000362634,False,out_of_range,near_square,32_64px,16_32px
2670,37,0000291_04201_d_0000889.jpg,2,people,23.999919999999975,32.99980499999998,791.9926800155987,0.0007612386389999988,0.7272746005620333,True,large_small,tall,16_32px,32_64px
2671,37,0000291_04201_d_0000889.jpg,2,people,13.999840000000063,22.999725000000012,321.9924700440016,0.00030948911000000154,0.6086959735388164,True,large_small,tall,8_16px,16_32px
2672,37,0000291_04201_d_0000889.jpg,2,people,23.000320000000045,30.000239999999906,690.0151200767991,0.0006632209919999991,0.7666711999637376,True,large_small,near_square,16_32px,16_32px
2673,37,0000291_04201_d_0000889.jpg,2,people,20.999760000000094,22.999725000000012,482.9887050660024,0.0004642336650000023,0.9130439603082247,True,large_small,near_square,16_32px,16_32px
2674,37,0000291_04201_d_0000889.jpg,2,people,19.00055999999995,27.99976500000008,532.0112148684002,0.0005113525710000002,0.6785971239401436,True,large_small,tall,16_32px,16_32px
2675,37,0000291_04201_d_0000889.jpg,2,people,16.000400000000013,28.999619999999993,464.0055198480003,0.0004459876200000003,0.5517451607986593,True,large_small,tall,16_32px,16_32px
2676,37,0000291_04201_d_0000889.jpg,2,people,21.99936000000008,30.00024000000002,659.9860798464028,0.0006343580160000028,0.7333061335509338,True,large_small,tall,16_32px,16_32px
2677,37,0000291_04201_d_0000889.jpg,2,people,17.00000000000003,27.999764999999968,475.99600500000025,0.00045751250000000026,0.6071479528488917,True,large_small,tall,16_32px,16_32px
2678,37,0000291_04201_d_0000889.jpg,2,people,20.000159999999994,26.00005500000003,520.0052600088005,0.0004998128220000005,0.7692352958484114,True,large_small,near_square,16_32px,16_32px
2679,37,0000291_04201_d_0000889.jpg,2,people,17.999599999999987,26.000054999999975,467.9905899779992,0.00044981794499999924,0.6922908432309087,True,large_small,tall,16_32px,16_32px
2680,37,0000291_04201_d_0000889.jpg,2,people,14.999440000000021,24.00034499999998,359.99173480680025,0.00034601281700000024,0.6249676827562284,True,large_small,tall,8_16px,16_32px
2681,37,0000291_04201_d_0000889.jpg,10,motor,51.99959999999999,26.99991,1403.9845200359996,0.0013494660899999995,1.9259175308362133,False,out_of_range,wide,32_64px,16_32px
2682,37,0000291_04201_d_0000889.jpg,10,motor,63.000640000000004,28.99962000000005,1826.9946197568033,0.0017560501920000032,2.172464328842926,False,out_of_range,very_wide,32_64px,16_32px
2683,37,0000291_04201_d_0000889.jpg,3,bicycle,34.999600000000015,31.999949999999956,1119.985450019999,0.001076495049999999,1.093739208967516,False,out_of_range,near_square,32_64px,16_32px
2684,37,0000291_04201_d_0000889.jpg,10,motor,29.000639999999997,26.999910000000057,783.0146699424016,0.0007526092560000016,1.0741013581156358,True,large_small,near_square,16_32px,16_32px
2685,37,0000291_04201_d_0000889.jpg,3,bicycle,40.99992,32.99980499999998,1352.9893650155993,0.0013004511389999994,1.2424291598086725,False,out_of_range,near_square,32_64px,32_64px
2686,37,0000291_04201_d_0000889.jpg,7,tricycle,138.00056000000004,90.99981000000002,12558.024739893606,0.012070381334000006,1.5164928366333952,False,out_of_range,wide,64px_plus,64px_plus
2687,37,0000291_04201_d_0000889.jpg,7,tricycle,74.99991999999997,103.00036499999999,7725.019134970797,0.007425047226999997,0.728151982762391,False,out_of_range,tall,64px_plus,64px_plus
2688,37,0000291_04201_d_0000889.jpg,10,motor,41.99951999999996,31.000094999999988,1301.9891099543984,0.0012514312859999985,1.3548190739415469,False,out_of_range,wide,32_64px,16_32px
2689,37,0000291_04201_d_0000889.jpg,10,motor,14.999439999999879,32.99980500000001,494.97859510919614,0.00047575797299999627,0.45453117071448984,True,large_small,very_tall,8_16px,32_64px
2690,37,0000291_04201_d_0000889.jpg,7,tricycle,23.000319999999988,35.00028000000002,805.0176400896,0.000773757824,0.6571467428260567,True,large_small,tall,16_32px,32_64px
2691,37,0000291_04201_d_0000889.jpg,7,tricycle,33.00040000000001,33.999660000000006,1122.0023798640007,0.0010784336600000006,0.9706097060970612,False,out_of_range,near_square,32_64px,32_64px
2692,37,0000291_04201_d_0000889.jpg,1,pedestrian,13.000240000000076,24.00034500000001,312.010245082802,0.0002998945070000019,0.541668880176517,True,large_small,tall,8_16px,16_32px
2693,37,0000291_04201_d_0000889.jpg,1,pedestrian,7.999519999999848,25.000199999999992,199.98959990399612,0.00019222375999999628,0.3199782401740726,True,small,very_tall,0_8px,16_32px
2694,37,0000291_04201_d_0000889.jpg,7,tricycle,30.99983999999995,43.99974000000003,1363.9849000415986,0.0013110197039999988,0.7045459814080703,False,out_of_range,tall,16_32px,32_64px
2695,37,0000291_04201_d_0000889.jpg,1,pedestrian,20.00016000000005,43.999739999999974,880.0018399584018,0.0008458302960000017,0.4545517768968649,True,large_small,very_tall,16_32px,32_64px
2696,37,0000291_04201_d_0000889.jpg,1,pedestrian,20.000160000000278,51.00025500000004,1020.013260040815,0.0009804049020000144,0.39215803920980913,True,large_small,very_tall,16_32px,32_64px
2697,37,0000291_04201_d_0000889.jpg,1,pedestrian,21.999359999999797,47.999925000000076,1055.9676300479919,0.0010149631199999922,0.45832071612611397,False,out_of_range,very_tall,16_32px,32_64px
2698,37,0000291_04201_d_0000889.jpg,1,pedestrian,30.99983999999995,35.000279999999975,1085.0030799551976,0.0010428710879999976,0.8857026286646842,False,out_of_range,near_square,16_32px,32_64px
2699,37,0000291_04201_d_0000889.jpg,1,pedestrian,17.0,43.999739999999974,747.9955799999996,0.0007189499999999996,0.3863659194349787,True,large_small,very_tall,16_32px,32_64px
2700,37,0000291_04201_d_0000889.jpg,1,pedestrian,17.0,42.999885000000006,730.998045,0.0007026125000000001,0.3953498945404156,True,large_small,very_tall,16_32px,32_64px
2701,37,0000291_04201_d_0000889.jpg,1,pedestrian,19.00055999999995,43.99974000000003,836.0196998543984,0.0008035560359999984,0.4318334608340853,True,large_small,very_tall,16_32px,32_64px
2702,37,0000291_04201_d_0000889.jpg,10,motor,33.0003999999999,38.99970000000002,1287.0056998799967,0.0012370296999999967,0.8461706115688039,False,out_of_range,near_square,32_64px,32_64px
2703,37,0000291_04201_d_0000889.jpg,7,tricycle,21.999360000000024,38.999699999999976,857.9684401920005,0.0008246524800000004,0.5640904930037933,True,large_small,tall,16_32px,32_64px
2704,37,0000291_04201_d_0000889.jpg,1,pedestrian,13.000240000000076,26.00005499999999,338.00695501320183,0.00032488173300000174,0.5000081730596371,True,large_small,tall,8_16px,16_32px
2705,37,0000291_04201_d_0000889.jpg,1,pedestrian,13.999840000000063,36.000135,503.9961299784023,0.00048442534600000217,0.3888829861332482,True,large_small,very_tall,8_16px,32_64px
2706,37,0000291_04201_d_0000889.jpg,1,pedestrian,13.99983999999995,31.000095000000016,433.99636998479866,0.0004171437619999987,0.451606357980514,True,large_small,very_tall,8_16px,16_32px
2707,37,0000291_04201_d_0000889.jpg,4,car,43.000479999999925,26.99991,1161.0090899567979,0.001115925691999998,1.5926156790892978,False,out_of_range,wide,32_64px,16_32px
2708,38,0000315_01601_d_0000509.jpg,4,car,58.999520000000075,104.00022000000001,6135.963059894409,0.005897696136000008,0.567301876861415,False,out_of_range,tall,32_64px,64px_plus
2709,38,0000315_01601_d_0000509.jpg,4,car,58.99952000000002,101.99974499999985,6017.935995122393,0.005784252205999993,0.5784281127369495,False,out_of_range,tall,32_64px,64px_plus
2710,38,0000315_01601_d_0000509.jpg,1,pedestrian,30.99983999999995,33.99965999999995,1053.9840200543968,0.0010130565359999968,0.9117691176911767,False,out_of_range,near_square,16_32px,32_64px
2711,38,0000315_01601_d_0000509.jpg,1,pedestrian,21.999360000000024,42.99988499999995,945.9699500735999,0.0009092367839999999,0.5116143915268623,True,large_small,tall,16_32px,32_64px
2712,38,0000315_01601_d_0000509.jpg,4,car,111.00048000000007,53.99982000000011,5994.005939913616,0.005761251384000015,2.0555712963487625,False,out_of_range,very_wide,64px_plus,32_64px
2713,38,0000315_01601_d_0000509.jpg,1,pedestrian,13.999840000000034,37.99984500000011,531.9917500248029,0.0005113338620000027,0.3684183448643013,True,large_small,very_tall,8_16px,32_64px
2714,38,0000315_01601_d_0000509.jpg,10,motor,36.000560000000064,26.000054999999975,936.0165400308008,0.0008996698770000008,1.384633994043478,True,large_small,wide,32_64px,16_32px
2715,38,0000315_01601_d_0000509.jpg,2,people,20.000159999999994,31.999950000000013,640.004119992,0.0006151519800000001,0.625005976571838,True,large_small,tall,16_32px,16_32px
2716,38,0000315_01601_d_0000509.jpg,1,pedestrian,12.000639999999976,33.99965999999995,408.01767978239855,0.0003921738559999986,0.35296352963529615,True,large_small,very_tall,8_16px,32_64px
2717,38,0000315_01601_d_0000509.jpg,1,pedestrian,19.000560000000007,28.99962000000005,551.0090197872012,0.0005296126680000012,0.6552003095212963,True,large_small,tall,16_32px,16_32px
2718,38,0000315_01601_d_0000509.jpg,1,pedestrian,12.000640000000033,31.0000950000001,372.02098006080223,0.00035757495200000215,0.38711623303089854,True,large_small,very_tall,8_16px,16_32px
2719,38,0000315_01601_d_0000509.jpg,10,motor,29.000639999999976,15.000120000000038,435.01308007680075,0.0004181209920000007,1.9333605331157286,True,large_small,wide,16_32px,8_16px
2720,38,0000315_01601_d_0000509.jpg,7,tricycle,41.99951999999996,26.99991,1133.983260043199,0.001089949307999999,1.555542962920986,False,out_of_range,wide,32_64px,16_32px
2721,38,0000315_01601_d_0000509.jpg,7,tricycle,34.0,36.99998999999997,1257.999659999999,0.0012091499999999991,0.9189191672754514,False,out_of_range,near_square,32_64px,32_64px
2722,38,0000315_01601_d_0000509.jpg,7,tricycle,23.999919999999975,25.000200000000007,600.0027999839996,0.0005767039599999995,0.9599891200870381,True,large_small,near_square,16_32px,16_32px
2723,38,0000315_01601_d_0000509.jpg,1,pedestrian,7.999520000000075,24.00034499999998,191.99123983440165,0.00018453598600000158,0.3333085420230451,True,small,very_tall,0_8px,16_32px
2724,38,0000315_01601_d_0000509.jpg,10,motor,23.000320000000045,21.99986999999993,506.0040499583994,0.0004863552959999994,1.0454752687175024,True,large_small,near_square,16_32px,16_32px
2725,38,0000315_01601_d_0000509.jpg,10,motor,20.000159999999994,15.999975000000006,320.002059996,0.00030757599000000004,1.250011953143676,True,large_small,near_square,16_32px,8_16px
2726,38,0000315_01601_d_0000509.jpg,1,pedestrian,10.000080000000082,24.00034499999998,240.0053700276018,0.00023068566900000172,0.41666401045485346,True,small,very_tall,8_16px,16_32px
2727,38,0000315_01601_d_0000509.jpg,7,tricycle,51.0,31.999950000000013,1631.9974500000008,0.0015686250000000008,1.5937524902382654,False,out_of_range,wide,32_64px,16_32px
2728,38,0000315_01601_d_0000509.jpg,7,tricycle,36.000560000000064,25.000200000000063,900.0212001120038,0.0008650722800000037,1.4400108799129596,True,large_small,wide,32_64px,16_32px
2729,38,0000315_01601_d_0000509.jpg,5,van,27.000080000000025,46.000215000000026,1242.0094850172018,0.0011937807430000018,0.5869555174905163,False,out_of_range,tall,16_32px,32_64px
2730,38,0000315_01601_d_0000509.jpg,4,car,34.0,49.999634999999955,1699.9875899999984,0.0016339749999999984,0.6800049640362381,False,out_of_range,tall,32_64px,32_64px
2731,38,0000315_01601_d_0000509.jpg,4,car,61.99968000000001,24.00034499999998,1488.013709889599,0.0014302323239999992,2.5832828653088136,False,out_of_range,very_wide,32_64px,16_32px
2732,38,0000315_01601_d_0000509.jpg,4,car,23.999919999999975,26.000054999999975,623.9992399955987,0.0005997685889999987,0.9230718935017637,True,large_small,near_square,16_32px,16_32px
2733,38,0000315_01601_d_0000509.jpg,4,car,27.999680000000012,21.99986999999996,615.9893200415991,0.0005920697039999991,1.272720247892377,True,large_small,near_square,16_32px,16_32px
2734,38,0000315_01601_d_0000509.jpg,5,van,30.999840000000006,28.99962000000002,898.9835800608008,0.0008640749520000008,1.0689740072456115,True,large_small,near_square,16_32px,16_32px
2735,38,0000315_01601_d_0000509.jpg,1,pedestrian,6.000319999999988,15.999974999999978,96.00496999199967,9.227697999999968e-05,0.37502058596966537,True,small,very_tall,0_8px,8_16px
2736,38,0000315_01601_d_0000509.jpg,1,pedestrian,4.999360000000024,14.000265000000013,69.9923648304004,6.72744760000004e-05,0.35709038364631096,True,small,very_tall,0_8px,8_16px
2737,38,0000315_01601_d_0000509.jpg,1,pedestrian,3.999759999999924,12.999644999999987,51.99546008519896,4.9976412999999e-05,0.30768224824600426,True,very_small,very_tall,0_8px,8_16px
2738,38,0000315_01601_d_0000509.jpg,4,car,17.999599999999987,16.99983000000003,305.99014006800036,0.00029410817000000036,1.0588105881058782,True,large_small,near_square,16_32px,16_32px
2739,38,0000315_01601_d_0000509.jpg,6,truck,64.00023999999996,24.00034499999998,1536.0278400827979,0.0014763820069999978,2.6666383337406194,False,out_of_range,very_wide,64px_plus,16_32px
2740,38,0000315_01601_d_0000509.jpg,4,car,38.999360000000024,14.000265000000013,546.0013748304009,0.0005247994760000009,2.7856158437001004,True,large_small,very_wide,32_64px,8_16px
2741,38,0000315_01601_d_0000509.jpg,1,pedestrian,12.000639999999862,27.99976500000008,336.0150998495971,0.0003229672239999972,0.4285978828750822,True,large_small,very_tall,8_16px,16_32px
2742,38,0000315_01601_d_0000509.jpg,1,pedestrian,12.000639999999976,30.000239999999962,360.02208015359884,0.0003460419839999989,0.4000181331882675,True,large_small,very_tall,8_16px,16_32px
2743,38,0000315_01601_d_0000509.jpg,4,car,61.99968000000001,30.00024000000002,1860.0052799232017,0.0017877790080000017,2.066639466884264,False,out_of_range,very_wide,32_64px,16_32px
2744,38,0000315_01601_d_0000509.jpg,2,people,24.999519999999848,25.000200000000063,624.9929999039978,0.0006007237599999979,0.9999728002175896,True,large_small,near_square,16_32px,16_32px
2745,38,0000315_01601_d_0000509.jpg,4,car,58.99951999999985,22.999725000000012,1356.9727351319973,0.0013042798299999973,2.5652271929338206,False,out_of_range,very_wide,32_64px,16_32px
2746,38,0000315_01601_d_0000509.jpg,4,car,34.99959999999999,42.00003000000004,1469.9842499880008,0.0014129029700000008,0.8333232142929411,False,out_of_range,near_square,32_64px,32_64px
2747,38,0000315_01601_d_0000509.jpg,4,car,34.99959999999999,31.000095000000044,1084.9909249620011,0.0010428594050000011,1.1290158949512876,False,out_of_range,near_square,32_64px,16_32px
2748,38,0000315_01601_d_0000509.jpg,4,car,30.000239999999962,27.999765000000025,839.9996699435997,0.0008073814589999997,1.0714461353514908,True,large_small,near_square,16_32px,16_32px
2749,38,0000315_01601_d_0000509.jpg,4,car,33.999999999999886,30.00024000000002,1020.0081599999972,0.0009803999999999974,1.133324266739195,True,large_small,near_square,32_64px,16_32px
2750,38,0000315_01601_d_0000509.jpg,2,people,6.999919999999975,16.999829999999974,118.99745001359939,0.00011437663399999941,0.41176411764117554,True,small,very_tall,0_8px,16_32px
2751,38,0000315_01601_d_0000509.jpg,3,bicycle,6.000319999999988,15.000119999999981,90.00552003839971,8.651049599999972e-05,0.4000181331882675,True,small,very_tall,0_8px,8_16px
2752,38,0000315_01601_d_0000509.jpg,10,motor,9.000480000000039,16.999829999999974,153.00662991840042,0.0001470651960000004,0.5294452944529476,True,small,tall,8_16px,16_32px
2753,38,0000315_01601_d_0000509.jpg,2,people,12.000639999999862,15.000119999999981,180.0110400767977,0.0001730209919999978,0.8000362663765275,True,small,near_square,8_16px,8_16px
2754,38,0000315_01601_d_0000509.jpg,2,people,10.999680000000126,17.999685,197.99077510080227,0.00019030255200000218,0.6111040276538243,True,small,tall,8_16px,16_32px
2755,38,0000315_01601_d_0000509.jpg,10,motor,6.999920000000088,14.000265000000013,98.00073497880133,9.419524700000128e-05,0.4999848217158805,True,small,very_tall,0_8px,8_16px
2756,38,0000315_01601_d_0000509.jpg,4,car,30.99983999999995,21.99986999999996,681.9924500207976,0.0006555098519999977,1.4090919628161442,True,large_small,wide,16_32px,16_32px
2757,38,0000315_01601_d_0000509.jpg,6,truck,16.000400000000013,20.00016000000005,320.0105600640011,0.00030758416000000106,0.8000135998911995,True,large_small,near_square,16_32px,16_32px
2758,38,0000315_01601_d_0000509.jpg,10,motor,9.000480000000039,14.000265000000013,126.00910512720066,0.00012111601800000063,0.6428792597854419,True,small,tall,8_16px,8_16px
2759,38,0000315_01601_d_0000509.jpg,10,motor,6.999919999999975,15.000119999999953,104.99963999039929,0.00010092237599999932,0.46665760007253254,True,small,very_tall,0_8px,8_16px
2760,38,0000315_01601_d_0000509.jpg,4,car,23.999919999999975,22.999725000000012,551.9915600219997,0.0005305570549999997,1.0434872590867919,True,large_small,near_square,16_32px,16_32px
2761,38,0000315_01601_d_0000509.jpg,4,car,29.000639999999862,15.00012000000001,435.0130800767982,0.0004181209919999983,1.9333605331157246,True,large_small,wide,16_32px,8_16px
2762,38,0000315_01601_d_0000509.jpg,1,pedestrian,7.999520000000075,15.999975000000006,127.99212001200125,0.0001230220300000012,0.4999707812043501,True,small,very_tall,0_8px,8_16px
2763,38,0000315_01601_d_0000509.jpg,4,car,34.0,15.999975000000035,543.9991500000012,0.0005228750000000012,2.1250033203176835,True,large_small,very_wide,32_64px,8_16px
2764,38,0000315_01601_d_0000509.jpg,4,car,17.999599999999987,16.999830000000003,305.99014006799985,0.0002941081699999999,1.05881058810588,True,large_small,near_square,16_32px,16_32px
2765,38,0000315_01601_d_0000509.jpg,4,car,16.000400000000013,11.999789999999976,192.00143991599978,0.0001845457899999998,1.3333900009916877,True,small,wide,16_32px,8_16px
2766,38,0000315_01601_d_0000509.jpg,4,car,13.00024000000002,10.99993499999998,143.00179498439994,0.00013744886099999995,1.181846983641271,True,small,near_square,8_16px,8_16px
2767,38,0000315_01601_d_0000509.jpg,6,truck,16.000400000000013,21.999870000000016,352.0067199480005,0.0003383378700000005,0.7272952067444036,True,large_small,tall,16_32px,16_32px
2768,38,0000315_01601_d_0000509.jpg,6,truck,13.000239999999962,20.000159999999994,260.0068800383992,0.0002499104959999992,0.6500067999455987,True,large_small,tall,8_16px,16_32px
2769,38,0000315_01601_d_0000509.jpg,5,van,13.999840000000006,15.99997500000002,223.99709000400037,0.00021529901000000035,0.8749913671740105,True,small,near_square,8_16px,8_16px
2770,38,0000315_01601_d_0000509.jpg,4,car,12.00064000000009,8.000370000000004,96.00956023680077,9.228139200000073e-05,1.5000106245086269,True,small,wide,8_16px,8_16px
2771,38,0000315_01601_d_0000509.jpg,4,car,10.999680000000012,9.000225,98.9995949280001,9.51553200000001e-05,1.222156112763849,True,small,near_square,8_16px,8_16px
2772,38,0000315_01601_d_0000509.jpg,5,van,21.999359999999967,10.999934999999994,241.9915300415995,0.00023259470399999952,1.999953636089666,True,small,wide,16_32px,8_16px
2773,38,0000315_01601_d_0000509.jpg,4,car,16.000400000000013,10.999934999999994,176.00335997400003,0.00016916893500000004,1.454590413488809,True,small,wide,16_32px,8_16px
2774,38,0000315_01601_d_0000509.jpg,4,car,17.999599999999987,11.999789999999976,215.9914200839994,0.00020760420999999942,1.4999929165427082,True,small,wide,16_32px,8_16px
2775,38,0000315_01601_d_0000509.jpg,4,car,17.999599999999987,10.999934999999994,197.99443002599975,0.00019030606499999974,1.6363369419910205,True,small,wide,16_32px,8_16px
2776,38,0000315_01601_d_0000509.jpg,1,pedestrian,3.999759999999924,10.99993499999998,43.99710001559908,4.228863899999912e-05,0.3636166940986407,True,very_small,very_tall,0_8px,8_16px
2777,38,0000315_01601_d_0000509.jpg,1,pedestrian,3.000160000000051,10.99993499999998,33.001564989600496,3.172007400000048e-05,0.2727434298475451,True,very_small,very_tall,0_8px,8_16px
2778,38,0000315_01601_d_0000509.jpg,10,motor,6.000319999999988,9.000225,54.00423007199989,5.1907179999999894e-05,0.6666855550833438,True,very_small,tall,0_8px,8_16px
2779,38,0000315_01601_d_0000509.jpg,2,people,6.000319999999988,10.000080000000025,60.00368002560003,5.767366400000003e-05,0.600027199782399,True,very_small,tall,0_8px,8_16px
2780,38,0000315_01601_d_0000509.jpg,7,tricycle,9.000480000000039,10.999934999999965,99.00469496880011,9.51602220000001e-05,0.8182302895426261,True,small,near_square,8_16px,8_16px
2781,38,0000315_01601_d_0000509.jpg,2,people,4.999360000000024,9.000225,44.99536485600022,4.3248140000000216e-05,0.5554705576805051,True,very_small,tall,0_8px,8_16px
2782,38,0000315_01601_d_0000509.jpg,4,car,17.999599999999987,15.00012000000001,269.99615995199997,0.00025951188,1.1999637336234628,True,large_small,near_square,16_32px,8_16px
2783,38,0000315_01601_d_0000509.jpg,4,car,16.000400000000013,11.99978999999999,192.001439916,0.00018454579,1.3333900009916861,True,small,wide,16_32px,8_16px
2784,38,0000315_01601_d_0000509.jpg,4,car,16.999999999999886,15.000120000000024,255.0020399999987,0.00024509999999999875,1.13332426673919,True,small,near_square,16_32px,8_16px
2785,38,0000315_01601_d_0000509.jpg,5,van,10.000080000000025,15.00012000000001,150.00240000960048,0.00014417762400000046,0.666666666666668,True,small,tall,8_16px,8_16px
2786,38,0000315_01601_d_0000509.jpg,4,car,34.99959999999987,16.999830000000003,594.9872500679979,0.000571883169999998,2.058820588205874,True,large_small,very_wide,32_64px,16_32px
2787,38,0000315_01601_d_0000509.jpg,4,car,27.000080000000025,11.99978999999999,323.99528998320005,0.00031141415800000006,2.250046042472414,True,large_small,very_wide,16_32px,8_16px
2788,38,0000315_01601_d_0000509.jpg,4,car,26.00048000000004,11.99978999999999,312.00029989920023,0.0002998849480000002,2.166744584696904,True,large_small,very_wide,16_32px,8_16px
2789,38,0000315_01601_d_0000509.jpg,10,motor,6.000319999999988,9.000225000000015,54.00423007199998,5.1907179999999975e-05,0.6666855550833427,True,very_small,tall,0_8px,8_16px
2790,38,0000315_01601_d_0000509.jpg,2,people,3.9997600000000375,9.000225000000015,35.9987399460004,3.460086500000038e-05,0.44440666761109093,True,very_small,very_tall,0_8px,8_16px
2791,38,0000315_01601_d_0000509.jpg,1,pedestrian,6.000320000000102,15.999975000000006,96.00496999200166,9.22769800000016e-05,0.3750205859696718,True,small,very_tall,0_8px,8_16px
2792,38,0000315_01601_d_0000509.jpg,1,pedestrian,7.999519999999848,21.00001500000002,167.99003999279697,0.0001614667819999971,0.38092925171719355,True,small,very_tall,0_8px,16_32px
2793,38,0000315_01601_d_0000509.jpg,1,pedestrian,9.000480000000039,19.000305000000026,171.01186514640096,0.00016437126600000093,0.4737018695226222,True,small,very_tall,8_16px,16_32px
2794,38,0000315_01601_d_0000509.jpg,1,pedestrian,6.000320000000102,14.000265000000013,84.00607008480151,8.074401200000145e-05,0.4285861731903,True,small,very_tall,0_8px,8_16px
2795,38,0000315_01601_d_0000509.jpg,1,pedestrian,9.000479999999925,22.999725000000012,207.0085648679984,0.00019897016999999845,0.3913298963357136,True,small,very_tall,8_16px,16_32px
2796,38,0000315_01601_d_0000509.jpg,1,pedestrian,6.999920000000088,20.00016000000005,139.99951998720212,0.00013456316800000204,0.3499932000544031,True,small,very_tall,0_8px,16_32px
2797,38,0000315_01601_d_0000509.jpg,1,pedestrian,6.999919999999975,20.000159999999937,139.99951998719905,0.0001345631679999991,0.3499932000543994,True,small,very_tall,0_8px,16_32px
2798,38,0000315_01601_d_0000509.jpg,1,pedestrian,6.999919999999975,19.00030499999997,133.0006149755993,0.00012783603899999932,0.3684109281403633,True,small,very_tall,0_8px,16_32px
2799,38,0000315_01601_d_0000509.jpg,1,pedestrian,13.000240000000076,25.000200000000007,325.008600048002,0.00031238812000000194,0.5200054399564833,True,large_small,tall,8_16px,16_32px
2800,38,0000315_01601_d_0000509.jpg,1,pedestrian,9.000479999999925,22.999725000000012,207.0085648679984,0.00019897016999999845,0.3913298963357136,True,small,very_tall,8_16px,16_32px
2801,38,0000315_01601_d_0000509.jpg,1,pedestrian,9.000480000000039,20.00016000000005,180.01104007680124,0.00017302099200000118,0.4500203998368021,True,small,very_tall,8_16px,16_32px
2802,38,0000315_01601_d_0000509.jpg,1,pedestrian,7.999519999999848,17.999685,143.98884015119725,0.00013839757799999735,0.4444255552249858,True,small,very_tall,0_8px,16_32px
2803,38,0000315_01601_d_0000509.jpg,1,pedestrian,6.000320000000102,17.999685000000056,108.00386989920217,0.00010380994800000209,0.3333569448576507,True,small,very_tall,0_8px,16_32px
2804,38,0000315_01601_d_0000509.jpg,1,pedestrian,7.999519999999848,17.999685,143.98884015119725,0.00013839757799999735,0.4444255552249858,True,small,very_tall,0_8px,16_32px
2805,38,0000315_01601_d_0000509.jpg,4,car,35.99987999999985,37.99984500000005,1367.9898600185961,0.0013148691464999964,0.9473691274266988,False,out_of_range,near_square,32_64px,32_64px
2806,39,0000316_00201_d_0000520.jpg,4,car,106.99935999999997,68.99994000000004,7382.9494200384015,0.0070962604960000016,1.550716710768153,False,out_of_range,wide,64px_plus,64px_plus
2807,39,0000316_00201_d_0000520.jpg,10,motor,43.000480000000096,21.9998700000001,946.0049699376065,0.0009092704440000062,1.9545788225112193,True,large_small,wide,32_64px,16_32px
2808,39,0000316_00201_d_0000520.jpg,10,motor,48.99943999999999,30.000239999999962,1469.994959865598,0.001412913263999998,1.6333016002538665,False,out_of_range,wide,32_64px,16_32px
2809,39,0000316_00201_d_0000520.jpg,10,motor,20.000159999999994,32.999804999999924,660.0013799687982,0.0006343727219999983,0.6060690358624858,True,large_small,tall,16_32px,32_64px
2810,39,0000316_00201_d_0000520.jpg,10,motor,34.00000000000006,20.000159999999937,680.005439999999,0.0006535999999999991,1.6999864001088074,True,large_small,wide,32_64px,16_32px
2811,39,0000316_00201_d_0000520.jpg,10,motor,29.000639999999976,28.99962000000005,841.0075397568007,0.0008083501920000007,1.0000351728746766,True,large_small,near_square,16_32px,16_32px
2812,39,0000316_00201_d_0000520.jpg,1,pedestrian,12.00064000000009,38.999700000000075,468.0213598080044,0.00044984752000000423,0.30771108495706545,True,large_small,very_tall,8_16px,32_64px
2813,39,0000316_00201_d_0000520.jpg,2,people,16.00040000000007,24.00034500000004,384.0151201380023,0.0003691033450000022,0.6666737498981804,True,large_small,tall,16_32px,16_32px
2814,39,0000316_00201_d_0000520.jpg,8,awning-tricycle,34.0,63.000045,2142.00153,0.002058825,0.5396821541952866,False,out_of_range,tall,32_64px,32_64px
2815,39,0000316_00201_d_0000520.jpg,8,awning-tricycle,30.99983999999995,56.00029499999994,1736.0001849527953,0.0016685891819999954,0.5535656553237797,False,out_of_range,tall,16_32px,32_64px
2816,39,0000316_00201_d_0000520.jpg,8,awning-tricycle,29.000639999999976,63.000044999999886,1827.0416250287951,0.0017560953719999953,0.4603272902424122,False,out_of_range,very_tall,16_32px,32_64px
2817,39,0000316_00201_d_0000520.jpg,8,awning-tricycle,29.000639999999976,63.000044999999886,1827.0416250287951,0.0017560953719999953,0.4603272902424122,False,out_of_range,very_tall,16_32px,32_64px
2818,39,0000316_00201_d_0000520.jpg,8,awning-tricycle,27.99968000000007,47.999925000000076,1343.9825400240054,0.0012917940600000052,0.583327578116008,False,out_of_range,tall,16_32px,32_64px
2819,39,0000316_00201_d_0000520.jpg,8,awning-tricycle,34.0,45.00036000000006,1530.0122400000018,0.0014706000000000018,0.7555495111594653,False,out_of_range,near_square,32_64px,32_64px
2820,39,0000316_00201_d_0000520.jpg,1,pedestrian,10.999679999999955,21.000014999999905,230.99344499519802,0.0002220236879999981,0.5237939115757777,True,small,tall,8_16px,16_32px
2821,39,0000316_00201_d_0000520.jpg,10,motor,26.000479999999925,20.000159999999937,520.0137600767969,0.000499820991999997,1.3000135998912012,True,large_small,near_square,16_32px,16_32px
2822,39,0000316_00201_d_0000520.jpg,8,awning-tricycle,24.999520000000075,35.00028000000003,874.9901998656035,0.0008410132640000033,0.7142662858697145,True,large_small,tall,16_32px,32_64px
2823,39,0000316_00201_d_0000520.jpg,8,awning-tricycle,17.999599999999987,36.00013499999994,647.9880299459985,0.0006228258649999985,0.49998701393758704,True,large_small,very_tall,16_32px,32_64px
2824,39,0000316_00201_d_0000520.jpg,1,pedestrian,20.99976000000015,42.000029999999924,881.9905499928047,0.0008477417820000045,0.4999939285757698,True,large_small,very_tall,16_32px,32_64px
2825,39,0000316_00201_d_0000520.jpg,4,car,72.99936000000002,66.00037500000008,4817.985134760007,0.004630896900000007,1.1060446247464495,False,out_of_range,near_square,64px_plus,64px_plus
2826,39,0000316_00201_d_0000520.jpg,5,van,30.000240000000076,33.99965999999995,1019.9979599184011,0.000980390196000001,0.8823688236882404,True,large_small,near_square,16_32px,32_64px
2827,39,0000316_00201_d_0000520.jpg,4,car,47.99983999999995,51.00025500000004,2448.0040799591993,0.0023529450979999996,0.9411686274901941,False,out_of_range,near_square,32_64px,32_64px
2828,39,0000316_00201_d_0000520.jpg,4,car,37.99976000000004,33.99965999999995,1291.9789200815994,0.0012418098039999994,1.1176511765117678,False,out_of_range,near_square,32_64px,32_64px
2829,39,0000316_00201_d_0000520.jpg,5,van,29.000639999999862,31.999950000000013,928.019029967996,0.0008919829199999961,0.9062714160490829,True,large_small,near_square,16_32px,16_32px
2830,39,0000316_00201_d_0000520.jpg,1,pedestrian,9.000480000000039,20.000159999999937,180.0110400768002,0.0001730209920000002,0.45002039983680464,True,small,very_tall,8_16px,16_32px
2831,39,0000316_00201_d_0000520.jpg,1,pedestrian,9.000480000000039,19.00030499999997,171.01186514640045,0.00016437126600000044,0.4737018695226236,True,small,very_tall,8_16px,16_32px
2832,39,0000316_00201_d_0000520.jpg,4,car,17.999600000000214,16.999829999999974,305.9901400680032,0.00029410817000000307,1.0588105881058953,True,large_small,near_square,16_32px,16_32px
2833,39,0000316_00201_d_0000520.jpg,4,car,17.0,19.00030499999997,323.00518499999947,0.0003104624999999995,0.8947224794549365,True,large_small,near_square,16_32px,16_32px
2834,39,0000316_00201_d_0000520.jpg,4,car,12.00064000000009,11.999789999999962,144.0051598656006,0.0001384132640000006,1.000070834572949,True,small,near_square,8_16px,8_16px
2835,39,0000316_00201_d_0000520.jpg,4,car,13.00024000000019,10.999934999999994,143.001794984402,0.00013744886100000193,1.1818469836412848,True,small,near_square,8_16px,8_16px
2836,39,0000316_00201_d_0000520.jpg,4,car,24.999519999999848,10.999935000000022,274.9930950311989,0.00026431477799999893,2.2726970659371895,True,large_small,very_wide,16_32px,8_16px
2837,39,0000316_00201_d_0000520.jpg,4,car,16.000400000000013,9.000225,144.0072000900001,0.0001384152250000001,1.7777777777777792,True,small,wide,16_32px,8_16px
2838,39,0000316_00201_d_0000520.jpg,4,car,7.999519999999961,8.000370000000004,63.99911982239972,6.151395599999974e-05,0.9998937549138299,True,very_small,near_square,0_8px,8_16px
2839,39,0000316_00201_d_0000520.jpg,1,pedestrian,4.999360000000024,10.999935000000022,54.99263504160038,5.285720400000036e-05,0.4544899583497552,True,very_small,very_tall,0_8px,8_16px
2840,39,0000316_00201_d_0000520.jpg,5,van,14.999439999999936,11.999789999999962,179.99013011759865,0.0001730008939999987,1.2499752078994701,True,small,near_square,8_16px,8_16px
2841,39,0000316_00201_d_0000520.jpg,2,people,4.999360000000024,5.999894999999981,29.99563506720005,2.8830868000000045e-05,0.8332412483885202,True,very_small,near_square,0_8px,0_8px
2842,39,0000316_00201_d_0000520.jpg,10,motor,7.999519999999961,6.999750000000006,55.99464011999978,5.382029999999979e-05,1.1428293867638064,True,very_small,near_square,0_8px,0_8px
2843,39,0000316_00201_d_0000520.jpg,1,pedestrian,7.999519999999961,15.999975000000006,127.99212001199943,0.00012302202999999945,0.499970781204343,True,small,very_tall,0_8px,8_16px
2844,39,0000316_00201_d_0000520.jpg,1,pedestrian,4.999360000000024,11.99978999999999,59.99127013440024,5.7661736000000226e-05,0.4166206241942591,True,very_small,very_tall,0_8px,8_16px
2845,39,0000316_00201_d_0000520.jpg,1,pedestrian,7.999519999999848,25.000200000000007,199.98959990399624,0.00019222375999999639,0.31997824017407245,True,small,very_tall,0_8px,16_32px
2846,39,0000316_00201_d_0000520.jpg,1,pedestrian,9.000479999999925,19.000305000000026,171.0118651463988,0.00016437126599999884,0.4737018695226162,True,small,very_tall,8_16px,16_32px
2847,39,0000316_00201_d_0000520.jpg,4,car,54.99976000000004,19.000305000000026,1045.012214926802,0.001004433117000002,2.8946777433309605,False,out_of_range,very_wide,32_64px,16_32px
2848,39,0000316_00201_d_0000520.jpg,2,people,6.999919999999975,15.999975000000006,111.99854500199963,0.00010764950499999965,0.43749568358700386,True,small,very_tall,0_8px,8_16px
2849,39,0000316_00201_d_0000520.jpg,3,bicycle,4.999360000000024,10.99993500000005,54.99263504160052,5.2857204000000505e-05,0.45448995834975403,True,very_small,very_tall,0_8px,8_16px
2850,39,0000316_00201_d_0000520.jpg,10,motor,10.999680000000126,11.999790000000019,131.99385006720172,0.00012686836800000165,0.916656041480735,True,small,near_square,8_16px,8_16px
2851,39,0000316_00201_d_0000520.jpg,5,van,33.99999999999977,42.99988499999995,1461.9960899999885,0.001405224999999989,0.7906997890808269,False,out_of_range,near_square,32_64px,32_64px
2852,39,0000316_00201_d_0000520.jpg,4,car,74.99992000000009,31.0000950000001,2325.0046449924102,0.0022347218810000098,2.419344843943215,False,out_of_range,very_wide,64px_plus,16_32px
2853,39,0000316_00201_d_0000520.jpg,5,van,74.99992000000009,43.99973999999992,3299.976980020798,0.003171834851999998,1.704553708726466,False,out_of_range,wide,64px_plus,32_64px
2854,39,0000316_00201_d_0000520.jpg,10,motor,27.999680000000012,15.999975000000006,447.99418000800034,0.0004305980200000003,1.7499827343480225,True,large_small,wide,16_32px,8_16px
2855,39,0000316_00201_d_0000520.jpg,4,car,91.99991999999997,36.000135,3312.0095399891993,0.003183400172999999,2.55554375004427,False,out_of_range,very_wide,64px_plus,32_64px
2856,39,0000316_00201_d_0000520.jpg,4,car,85.99959999999987,30.000239999999962,2580.008639903993,0.002479823759999993,2.86663040029013,False,out_of_range,very_wide,64px_plus,16_32px
2857,39,0000316_00201_d_0000520.jpg,1,pedestrian,10.999680000000126,26.99991,296.9903700288034,0.00028545787200000327,0.407396913545272,True,large_small,very_tall,8_16px,16_32px
2858,39,0000316_00201_d_0000520.jpg,1,pedestrian,9.000480000000039,38.99969999999996,351.01601985600115,0.0003373856400000011,0.23078331371779906,True,large_small,very_tall,8_16px,32_64px
2859,39,0000316_00201_d_0000520.jpg,1,pedestrian,9.000480000000039,38.999700000000075,351.0160198560022,0.0003373856400000021,0.23078331371779837,True,large_small,very_tall,8_16px,32_64px
2860,40,0000316_01401_d_0000526.jpg,4,car,146.99968,64.999755,9554.9431850784,0.009183913096,2.261542062735468,False,out_of_range,very_wide,64px_plus,64px_plus
2861,40,0000316_01401_d_0000526.jpg,4,car,132.99984000000006,63.99990000000008,8511.976460016014,0.008181446040000014,2.078125747071478,False,out_of_range,very_wide,64px_plus,32_64px
2862,40,0000316_01401_d_0000526.jpg,4,car,135.0003999999999,58.000005000000044,7830.023875002,0.007525974505,2.327592902793712,False,out_of_range,very_wide,64px_plus,32_64px
2863,40,0000316_01401_d_0000526.jpg,4,car,126.99951999999996,58.999859999999956,7492.953900067192,0.007201993367999993,2.1525393450086163,False,out_of_range,very_wide,64px_plus,32_64px
2864,40,0000316_01401_d_0000526.jpg,4,car,142.00031999999987,63.00004499999994,8946.026550014383,0.008598641435999983,2.253971723353531,False,out_of_range,very_wide,64px_plus,32_64px
2865,40,0000316_01401_d_0000526.jpg,4,car,80.00063999999998,99.00018000000011,7920.077760115207,0.007612531488000006,0.8080858034803561,False,out_of_range,near_square,64px_plus,64px_plus
2866,40,0000316_01401_d_0000526.jpg,1,pedestrian,12.00064000000009,35.00028000000003,420.02576017920353,0.0004037156480000034,0.3428726855899461,True,large_small,very_tall,8_16px,32_64px
2867,40,0000316_01401_d_0000526.jpg,1,pedestrian,13.999840000000063,35.00028000000003,489.99831995520265,0.00047097108800000256,0.39999222863360095,True,large_small,very_tall,8_16px,32_64px
2868,40,0000316_01401_d_0000526.jpg,10,motor,13.999840000000063,30.00024000000002,419.99855996160215,0.0004036895040000021,0.46665760007253454,True,large_small,very_tall,8_16px,16_32px
2869,40,0000316_01401_d_0000526.jpg,2,people,17.999599999999987,35.00028000000003,629.9910398880002,0.0006055277200000002,0.5142701715529124,True,large_small,tall,16_32px,32_64px
2870,40,0000316_01401_d_0000526.jpg,1,pedestrian,20.000159999999994,41.000174999999956,820.0100600279989,0.0007881680699999989,0.48780669838604385,True,large_small,very_tall,16_32px,32_64px
2871,40,0000316_01401_d_0000526.jpg,1,pedestrian,17.999600000000214,31.000094999999988,557.9893099620064,0.0005363219050000061,0.5806304787130563,True,large_small,tall,16_32px,16_32px
2872,40,0000316_01401_d_0000526.jpg,1,pedestrian,16.000400000000013,36.00013499999997,576.016560054,0.000553649135,0.4444538888534731,True,large_small,very_tall,16_32px,32_64px
2873,40,0000316_01401_d_0000526.jpg,1,pedestrian,12.000639999999862,31.000094999999988,372.0209800607956,0.00035757495199999575,0.3871162330308945,True,large_small,very_tall,8_16px,16_32px
2874,40,0000316_01401_d_0000526.jpg,1,pedestrian,12.000639999999976,33.999660000000006,408.0176797823992,0.00039217385599999924,0.3529635296352956,True,large_small,very_tall,8_16px,32_64px
2875,40,0000316_01401_d_0000526.jpg,10,motor,19.000559999999837,27.999764999999996,532.0112148683953,0.0005113525709999955,0.6785971239401416,True,large_small,tall,16_32px,16_32px
2876,40,0000316_01401_d_0000526.jpg,2,people,13.999840000000063,30.00024000000002,419.99855996160215,0.0004036895040000021,0.46665760007253454,True,large_small,very_tall,8_16px,16_32px
2877,40,0000316_01401_d_0000526.jpg,1,pedestrian,12.000639999999862,31.999949999999984,384.0198799679954,0.0003691079199999956,0.3750205859696615,True,large_small,very_tall,8_16px,16_32px
2878,40,0000316_01401_d_0000526.jpg,7,tricycle,67.00040000000001,37.99984499999999,2546.004814938,0.002447140345,1.7631756129531588,False,out_of_range,wide,64px_plus,32_64px
2879,40,0000316_01401_d_0000526.jpg,1,pedestrian,13.999840000000063,35.00028000000003,489.99831995520265,0.00047097108800000256,0.39999222863360095,True,large_small,very_tall,8_16px,32_64px
2880,40,0000316_01401_d_0000526.jpg,6,truck,112.00008000000003,73.99998000000002,8288.003679998405,0.007966170396000005,1.5135150036527036,False,out_of_range,wide,64px_plus,64px_plus
2881,40,0000316_01401_d_0000526.jpg,5,van,44.00007999999997,58.000005000000044,2552.0048600004,0.002452907401,0.7586220035670675,False,out_of_range,near_square,32_64px,32_64px
2882,40,0000316_01401_d_0000526.jpg,3,bicycle,40.00031999999999,54.999675000000025,2200.0045998960004,0.0021145757400000006,0.727282843034981,False,out_of_range,tall,32_64px,32_64px
2883,40,0000316_01401_d_0000526.jpg,10,motor,23.00031999999996,62.000189999999975,1426.0242100607968,0.0013706499519999969,0.3709717663768445,False,out_of_range,very_tall,16_32px,32_64px
2884,40,0000316_01401_d_0000526.jpg,4,car,67.00040000000001,66.00037500000002,4422.051525150002,0.004250337875000002,1.0151518078495765,False,out_of_range,near_square,64px_plus,64px_plus
2885,40,0000316_01401_d_0000526.jpg,6,truck,94.00048000000001,88.000245,8272.065270117602,0.007950850894000001,1.0681842988050771,False,out_of_range,near_square,64px_plus,64px_plus
2886,40,0000316_01401_d_0000526.jpg,2,people,14.999439999999936,20.000160000000022,299.9911999103991,0.0002883421759999991,0.7499660002719938,True,large_small,tall,8_16px,16_32px
2887,40,0000316_01401_d_0000526.jpg,2,people,12.000640000000033,16.999830000000003,204.00883989120058,0.00019608692800000057,0.7059270592705945,True,small,tall,8_16px,16_32px
2888,40,0000316_01401_d_0000526.jpg,1,pedestrian,13.000239999999962,27.99976500000001,364.00366494359906,0.0003498689589999991,0.46429818250260163,True,large_small,very_tall,8_16px,16_32px
2889,40,0000316_01401_d_0000526.jpg,1,pedestrian,12.000640000000033,30.000239999999977,360.0220801536007,0.0003460419840000007,0.40001813318826923,True,large_small,very_tall,8_16px,16_32px
2890,40,0000316_01401_d_0000526.jpg,4,car,54.999759999999924,30.00024000000001,1650.0059999423981,0.0015859342559999983,1.8333106668479955,False,out_of_range,wide,32_64px,16_32px
2891,40,0000316_01401_d_0000526.jpg,4,car,37.999759999999924,26.000055000000007,987.9958499867982,0.0009496307669999983,1.461526139079318,True,large_small,wide,32_64px,16_32px
2892,40,0000316_01401_d_0000526.jpg,1,pedestrian,9.000480000000039,26.000054999999996,234.01297502640097,0.00022492596600000092,0.34617157540628435,True,small,very_tall,8_16px,16_32px
2893,40,0000316_01401_d_0000526.jpg,4,car,47.99983999999995,89.00010000000009,4271.990559983999,0.0041061039599999995,0.5393234389624271,False,out_of_range,tall,32_64px,64px_plus
2894,41,0000330_00401_d_0000802.jpg,4,car,169.0004,112.99968000000013,19096.991119872022,0.01835543168000002,1.495582996341227,False,out_of_range,wide,64px_plus,64px_plus
2895,41,0000330_00401_d_0000802.jpg,4,car,81.99984000000003,58.999859999999956,4837.979080022398,0.0046501144559999985,1.3898310945144632,False,out_of_range,wide,64px_plus,32_64px
2896,41,0000330_00401_d_0000802.jpg,4,car,70.00055999999995,61.00033500000001,4270.057610187598,0.004104246068999998,1.1475438618492824,False,out_of_range,near_square,64px_plus,32_64px
2897,41,0000330_00401_d_0000802.jpg,4,car,85.0,116.00001000000009,9860.000850000008,0.009477125000000008,0.7327585575208134,False,out_of_range,tall,64px_plus,64px_plus
2898,41,0000330_00401_d_0000802.jpg,4,car,70.00056000000006,79.99987500000009,5600.036049930011,0.005382579825000011,0.8750083672005736,False,out_of_range,near_square,64px_plus,64px_plus
2899,41,0000330_00401_d_0000802.jpg,4,car,46.00064000000009,43.999739999999974,2024.0161998336027,0.0019454211840000026,1.0454752687174995,False,out_of_range,near_square,32_64px,32_64px
2900,41,0000330_00401_d_0000802.jpg,10,motor,13.999840000000006,15.000119999999981,209.99927998079983,0.00020184475199999983,0.9333152001450671,True,small,near_square,8_16px,8_16px
2901,41,0000330_00401_d_0000802.jpg,1,pedestrian,10.000080000000082,25.000199999999978,250.00400001600184,0.00024029604000000177,0.40000000000000363,True,small,very_tall,8_16px,16_32px
2902,41,0000330_00401_d_0000802.jpg,1,pedestrian,9.000480000000039,25.000200000000007,225.01380009600103,0.000216276240000001,0.3600163198694425,True,small,very_tall,8_16px,16_32px
2903,41,0000330_00401_d_0000802.jpg,1,pedestrian,12.00064000000009,28.999619999999936,348.0139997568018,0.0003345001920000017,0.4138205948905577,True,large_small,very_tall,8_16px,16_32px
2904,41,0000330_00401_d_0000802.jpg,1,pedestrian,10.000080000000082,21.99986999999996,220.0004599896014,0.00021145757400000136,0.4545517768968681,True,small,very_tall,8_16px,16_32px
2905,41,0000330_00401_d_0000802.jpg,1,pedestrian,10.999680000000012,26.999910000000057,296.99037002880095,0.00028545787200000094,0.40739691354526697,True,large_small,very_tall,8_16px,16_32px
2906,41,0000330_00401_d_0000802.jpg,1,pedestrian,9.000480000000039,26.99991000000003,243.0121499568013,0.00023357569200000125,0.33335222228518646,True,small,very_tall,8_16px,16_32px
2907,41,0000330_00401_d_0000802.jpg,1,pedestrian,9.000480000000039,28.999619999999965,261.0104998176008,0.0002508751440000008,0.310365446167917,True,large_small,very_tall,8_16px,16_32px
2908,41,0000330_00401_d_0000802.jpg,4,car,30.99983999999995,28.999619999999993,898.9835800607983,0.0008640749519999984,1.0689740072456106,True,large_small,near_square,16_32px,16_32px
2909,41,0000330_00401_d_0000802.jpg,4,car,27.99968000000007,24.00034499999998,672.0019798896011,0.000645907324000001,1.1666365629327449,True,large_small,near_square,16_32px,16_32px
2910,41,0000330_00401_d_0000802.jpg,4,car,20.999760000000038,21.999869999999987,461.99199003120054,0.0004440522780000005,0.9545401859192827,True,large_small,near_square,16_32px,16_32px
2911,41,0000330_00401_d_0000802.jpg,4,car,23.000320000000045,22.999725000000012,529.0010349120013,0.0005084592800000012,1.0000258698745326,True,large_small,near_square,16_32px,16_32px
2912,41,0000330_00401_d_0000802.jpg,1,pedestrian,7.999520000000075,16.999830000000017,135.99048008160142,0.00013070980400000135,0.47056470564706043,True,small,very_tall,0_8px,16_32px
2913,41,0000330_00401_d_0000802.jpg,4,car,16.999999999999886,14.000265000000013,238.00450499999863,0.00022876249999999868,1.2142627300268867,True,small,near_square,16_32px,8_16px
2914,41,0000330_00401_d_0000802.jpg,4,car,16.000400000000127,12.999645000000001,207.99951985800166,0.0001999226450000016,1.230833611225547,True,small,near_square,16_32px,8_16px
2915,41,0000330_00401_d_0000802.jpg,4,car,14.999439999999936,12.999645000000015,194.9873951987994,0.0001874157969999994,1.153834585482905,True,small,near_square,8_16px,8_16px
2916,41,0000330_00401_d_0000802.jpg,5,van,10.999680000000012,12.999645000000001,142.99193511360016,0.00013743938400000017,0.8461523372369023,True,small,near_square,8_16px,8_16px
2917,41,0000330_00401_d_0000802.jpg,4,car,10.000080000000025,8.000369999999997,80.00434002960017,7.689767400000016e-05,1.2499521897112296,True,small,near_square,8_16px,8_16px
2918,41,0000330_00401_d_0000802.jpg,4,car,12.000639999999976,8.000369999999997,96.00956023679977,9.228139199999978e-05,1.500010624508614,True,small,wide,8_16px,8_16px
2919,41,0000330_00401_d_0000802.jpg,4,car,10.999680000000012,10.000079999999997,109.99767997440009,0.00010572633600000008,1.099959200326399,True,small,near_square,8_16px,8_16px
2920,41,0000330_00401_d_0000802.jpg,4,car,16.000400000000013,11.99978999999999,192.001439916,0.00018454579,1.3333900009916861,True,small,wide,16_32px,8_16px
2921,41,0000330_00401_d_0000802.jpg,4,car,9.000480000000039,10.999935000000008,99.0046949688005,9.516022200000047e-05,0.818230289542623,True,small,near_square,8_16px,8_16px
2922,41,0000330_00401_d_0000802.jpg,4,car,10.999680000000012,10.000080000000004,109.99767997440017,0.00010572633600000016,1.099959200326398,True,small,near_square,8_16px,8_16px
2923,41,0000330_00401_d_0000802.jpg,4,car,10.000080000000025,8.000369999999997,80.00434002960017,7.689767400000016e-05,1.2499521897112296,True,small,near_square,8_16px,8_16px
2924,41,0000330_00401_d_0000802.jpg,4,car,9.000479999999925,8.000369999999997,72.00717017759936,6.921104399999939e-05,1.1250079683814536,True,small,near_square,8_16px,8_16px
2925,41,0000330_00401_d_0000802.jpg,4,car,9.000479999999925,9.000225,81.00634510799932,7.786076999999935e-05,1.0000283326250092,True,small,near_square,8_16px,8_16px
2926,41,0000330_00401_d_0000802.jpg,4,car,10.000080000000025,10.000080000000004,100.0016000064003,9.611841600000028e-05,1.0000000000000022,True,small,near_square,8_16px,8_16px
2927,41,0000330_00401_d_0000802.jpg,4,car,24.99951999999996,10.999935,274.9930950311996,0.0002643147779999996,2.272697065937204,True,large_small,very_wide,16_32px,8_16px
2928,41,0000330_00401_d_0000802.jpg,4,car,13.999840000000063,14.000264999999999,196.00146995760088,0.00018839049400000085,0.9999696434317539,True,small,near_square,8_16px,8_16px
2929,41,0000330_00401_d_0000802.jpg,4,car,20.000159999999937,15.999975000000006,320.0020599959991,0.0003075759899999991,1.2500119531436724,True,large_small,near_square,16_32px,8_16px
2930,41,0000330_00401_d_0000802.jpg,4,car,23.0003200000001,19.000304999999997,437.0130950976019,0.0004200433440000018,1.2105237258033545,True,large_small,near_square,16_32px,16_32px
2931,41,0000330_00401_d_0000802.jpg,4,car,23.0003200000001,24.00034500000001,552.0156151104027,0.0005305801760000026,0.9583328906313676,True,large_small,near_square,16_32px,16_32px
2932,41,0000330_00401_d_0000802.jpg,4,car,16.999999999999886,15.000120000000024,255.0020399999987,0.00024509999999999875,1.13332426673919,True,small,near_square,16_32px,8_16px
2933,41,0000330_00401_d_0000802.jpg,4,car,16.000400000000013,14.000265000000013,224.00984010600038,0.00021531126500000036,1.1428640815013142,True,small,near_square,16_32px,8_16px
2934,41,0000330_00401_d_0000802.jpg,10,motor,4.999360000000024,9.000225,44.99536485600022,4.3248140000000216e-05,0.5554705576805051,True,very_small,tall,0_8px,8_16px
2935,41,0000330_00401_d_0000802.jpg,2,people,4.999360000000024,11.99978999999999,59.99127013440024,5.7661736000000226e-05,0.4166206241942591,True,very_small,very_tall,0_8px,8_16px
2936,41,0000330_00401_d_0000802.jpg,10,motor,12.000639999999976,12.999644999999987,156.00405977279954,0.00014994623199999956,0.9231513629795266,True,small,near_square,8_16px,8_16px
2937,41,0000330_00401_d_0000802.jpg,2,people,6.000319999999988,15.999975000000006,96.00496999199984,9.227697999999985e-05,0.3750205859696647,True,small,very_tall,0_8px,8_16px
2938,41,0000330_00401_d_0000802.jpg,4,car,14.999439999999936,10.000080000000011,149.99559995519954,0.00014417108799999955,1.4999320005439876,True,small,wide,8_16px,8_16px
2939,41,0000330_00401_d_0000802.jpg,4,car,20.999760000000038,11.999790000000004,251.99271005040055,0.00024220752600000053,1.7500106251859433,True,small,wide,16_32px,8_16px
2940,41,0000330_00401_d_0000802.jpg,4,car,17.999600000000214,11.999790000000004,215.99142008400264,0.00020760421000000254,1.4999929165427235,True,small,wide,16_32px,8_16px
2941,41,0000330_00401_d_0000802.jpg,4,car,21.99935999999991,10.000080000000011,219.99535994879935,0.00021145267199999937,2.199918400652783,True,small,very_wide,16_32px,8_16px
2942,41,0000330_00401_d_0000802.jpg,4,car,13.00024000000019,12.999645000000001,168.99850491480248,0.00016243608700000238,1.00004577048067,True,small,near_square,8_16px,8_16px
2943,41,0000330_00401_d_0000802.jpg,4,car,13.999840000000063,10.999935000000008,153.9973300104008,0.00014801742600000075,1.2727202478923787,True,small,near_square,8_16px,8_16px
2944,41,0000330_00401_d_0000802.jpg,4,car,13.999840000000063,14.000265000000013,196.00146995760107,0.00018839049400000104,0.9999696434317529,True,small,near_square,8_16px,8_16px
2945,41,0000330_00401_d_0000802.jpg,4,car,13.00024000000019,10.999934999999994,143.001794984402,0.00013744886100000193,1.1818469836412848,True,small,near_square,8_16px,8_16px
2946,41,0000330_00401_d_0000802.jpg,1,pedestrian,6.000320000000102,15.00012000000001,90.00552003840158,8.651049600000152e-05,0.40001813318827434,True,small,very_tall,0_8px,8_16px
2947,41,0000330_00401_d_0000802.jpg,1,pedestrian,6.000320000000102,15.99997500000002,96.00496999200175,9.227698000000168e-05,0.37502058596967147,True,small,very_tall,0_8px,8_16px
2948,41,0000330_00401_d_0000802.jpg,4,car,16.999999999999886,15.00012000000001,255.00203999999846,0.00024509999999999853,1.1333242667391912,True,small,near_square,16_32px,8_16px
2949,41,0000330_00401_d_0000802.jpg,5,van,31.999439999999822,17.999685000000028,575.9798401763977,0.0005536138409999978,1.7777777777777652,True,large_small,wide,16_32px,16_32px
2950,41,0000330_00401_d_0000802.jpg,7,tricycle,27.00007999999991,12.999644999999973,350.9914549715981,0.00033736202899999816,2.0769859484624362,True,large_small,very_wide,16_32px,8_16px
2951,41,0000330_00401_d_0000802.jpg,5,van,30.000240000000076,16.999830000000017,509.9989799592018,0.0004901950980000017,1.7647376473764764,True,large_small,wide,16_32px,16_32px
2952,41,0000330_00401_d_0000802.jpg,5,van,23.000319999999988,24.00034499999998,552.0156151103993,0.0005305801759999993,0.9583328906313641,True,large_small,near_square,16_32px,16_32px
2953,41,0000330_00401_d_0000802.jpg,1,pedestrian,6.000320000000102,20.000159999999994,120.007360051202,0.00011534732800000192,0.300013599891206,True,small,very_tall,0_8px,16_32px
2954,41,0000330_00401_d_0000802.jpg,1,pedestrian,6.000320000000102,20.000159999999994,120.007360051202,0.00011534732800000192,0.300013599891206,True,small,very_tall,0_8px,16_32px
2955,41,0000330_00401_d_0000802.jpg,1,pedestrian,4.999360000000024,16.999830000000003,84.98827010880042,8.168807200000041e-05,0.29408294082940967,True,small,very_tall,0_8px,16_32px
2956,41,0000330_00401_d_0000802.jpg,1,pedestrian,7.999519999999961,19.000304999999997,151.99331985359925,0.00014609123399999928,0.4210206099323123,True,small,very_tall,0_8px,16_32px
2957,41,0000330_00401_d_0000802.jpg,1,pedestrian,4.999360000000024,20.000159999999994,99.98799989760046,9.610534400000044e-05,0.2499660002719991,True,small,very_tall,0_8px,16_32px
2958,41,0000330_00401_d_0000802.jpg,10,motor,9.000479999999925,14.000265000000013,126.00910512719906,0.0001211160179999991,0.6428792597854338,True,small,tall,8_16px,8_16px
2959,41,0000330_00401_d_0000802.jpg,2,people,7.999519999999961,15.00012000000001,119.99375994239949,0.00011533425599999951,0.5332970669567948,True,small,tall,0_8px,8_16px
2960,41,0000330_00401_d_0000802.jpg,10,motor,4.999360000000024,15.00012000000001,74.9909999232004,7.207900800000039e-05,0.33328800036266515,True,small,very_tall,0_8px,8_16px
2961,41,0000330_00401_d_0000802.jpg,2,people,6.999919999999975,16.999830000000003,118.99745001359959,0.00011437663399999961,0.4117641176411748,True,small,very_tall,0_8px,16_32px
2962,41,0000330_00401_d_0000802.jpg,2,people,6.999919999999975,16.999830000000003,118.99745001359959,0.00011437663399999961,0.4117641176411748,True,small,very_tall,0_8px,16_32px
2963,41,0000330_00401_d_0000802.jpg,4,car,23.0003200000001,20.000159999999994,460.0100800512019,0.00044214732800000183,1.1500067999456058,True,large_small,near_square,16_32px,16_32px
2964,41,0000330_00401_d_0000802.jpg,4,car,27.999680000000012,25.000200000000007,699.9975999360005,0.0006728158400000004,1.1199782401740788,True,large_small,near_square,16_32px,16_32px
2965,41,0000330_00401_d_0000802.jpg,4,car,21.999360000000024,21.00001499999999,461.9868899904003,0.00044404737600000027,1.0475878231515565,True,large_small,near_square,16_32px,16_32px
2966,41,0000330_00401_d_0000802.jpg,5,van,23.999919999999975,28.999619999999993,695.9885600303991,0.0006689624759999991,0.827594292614868,True,large_small,near_square,16_32px,16_32px
2967,41,0000330_00401_d_0000802.jpg,4,car,44.99968000000001,26.99991000000003,1214.9873100288016,0.0011678078720000016,1.6666603703493814,False,out_of_range,wide,32_64px,16_32px
2968,41,0000330_00401_d_0000802.jpg,1,pedestrian,6.000320000000102,19.000304999999997,114.00791009760191,0.00010958084400000184,0.3158012463484193,True,small,very_tall,0_8px,16_32px
2969,41,0000330_00401_d_0000802.jpg,1,pedestrian,6.999919999999975,21.00001499999999,146.9984249987994,0.00014129029699999943,0.3333292857171758,True,small,very_tall,0_8px,16_32px
2970,41,0000330_00401_d_0000802.jpg,6,truck,20.000160000000164,26.99991,540.0025199856044,0.0005190335640000043,0.7407491358304589,True,large_small,tall,16_32px,16_32px
2971,41,0000330_00401_d_0000802.jpg,4,car,33.999999999999886,26.99991000000003,917.996939999998,0.000882349999999998,1.2592634568041097,True,large_small,near_square,32_64px,16_32px
2972,41,0000330_00401_d_0000802.jpg,4,car,36.00055999999995,26.99991000000003,972.0118799495997,0.0009342674739999998,1.3333585186024661,True,large_small,wide,32_64px,16_32px
2973,41,0000330_00401_d_0000802.jpg,4,car,36.00055999999984,40.00031999999999,1440.033920179193,0.0013841156479999933,0.9000067999455966,False,out_of_range,near_square,32_64px,32_64px
2974,41,0000330_00401_d_0000802.jpg,4,car,53.000560000000064,46.000215000000026,2438.0371551204043,0.002343365201000004,1.1521807017641121,False,out_of_range,near_square,32_64px,32_64px
2975,41,0000330_00401_d_0000802.jpg,10,motor,30.99983999999995,16.999829999999974,526.9920100271984,0.0005065282679999984,1.8235382353823535,True,large_small,wide,16_32px,16_32px
2976,41,0000330_00401_d_0000802.jpg,1,pedestrian,6.000320000000215,24.00034499999998,144.00975011040507,0.00013841767600000486,0.250009739443338,True,small,very_tall,0_8px,16_32px
2977,41,0000330_00401_d_0000802.jpg,1,pedestrian,9.000480000000039,20.000159999999966,180.01104007680047,0.00017302099200000045,0.45002039983680403,True,small,very_tall,8_16px,16_32px
2978,41,0000330_00401_d_0000802.jpg,1,pedestrian,7.999519999999961,21.99986999999996,175.98840006239882,0.00016915455599999886,0.3636166940986459,True,small,very_tall,0_8px,16_32px
2979,41,0000330_00401_d_0000802.jpg,10,motor,29.000639999999862,22.999725000000012,667.0067448239972,0.0006411060599999973,1.2609124674316692,True,large_small,near_square,16_32px,16_32px
2980,41,0000330_00401_d_0000802.jpg,4,car,54.999759999999924,41.000174999999956,2254.9997849579945,0.0021674353949999946,1.3414518352665563,False,out_of_range,wide,32_64px,32_64px
2981,41,0000330_00401_d_0000802.jpg,10,motor,16.000400000000013,22.999725000000012,368.0047998900005,0.0003537147250000005,0.6956778831051242,True,large_small,tall,16_32px,16_32px
2982,41,0000330_00401_d_0000802.jpg,2,people,12.000639999999862,30.00024000000002,360.0220801535961,0.00034604198399999623,0.40001813318826296,True,large_small,very_tall,8_16px,16_32px
2983,41,0000330_00401_d_0000802.jpg,4,car,60.00048000000004,45.00036,2700.043200172802,0.0025951972320000017,1.3333333333333341,False,out_of_range,wide,32_64px,32_64px
2984,41,0000330_00401_d_0000802.jpg,2,people,12.000639999999862,21.000014999999962,252.01362000959665,0.00024222762399999677,0.5714586394342996,True,small,tall,8_16px,16_32px
2985,41,0000330_00401_d_0000802.jpg,2,people,12.000639999999976,24.00034499999998,288.0195002207992,0.00027683535199999926,0.5000194788866571,True,large_small,tall,8_16px,16_32px
2986,41,0000330_00401_d_0000802.jpg,2,people,12.000639999999862,26.99991,324.01619994239627,0.0003114342559999964,0.4444696297135754,True,large_small,very_tall,8_16px,16_32px
2987,41,0000330_00401_d_0000802.jpg,4,car,63.0006400000002,47.00007000000005,2961.0344900448126,0.0028460539120000123,1.340437152540414,False,out_of_range,wide,32_64px,32_64px
2988,41,0000330_00401_d_0000802.jpg,2,people,16.999999999999886,31.999950000000013,543.9991499999966,0.0005228749999999968,0.5312508300794182,True,large_small,tall,16_32px,16_32px
2989,41,0000330_00401_d_0000802.jpg,4,car,87.00055999999995,64.999755,5655.015084862796,0.005435423956999997,1.3384751988680565,False,out_of_range,wide,64px_plus,64px_plus
2990,41,0000330_00401_d_0000802.jpg,1,pedestrian,13.999840000000177,37.99984500000005,531.9917500248074,0.0005113338620000071,0.3684183448643056,True,large_small,very_tall,8_16px,32_64px
2991,41,0000330_00401_d_0000802.jpg,1,pedestrian,16.000400000000127,38.99970000000002,624.0107998800053,0.0005997797000000051,0.41026982258838196,True,large_small,very_tall,16_32px,32_64px
2992,41,0000330_00401_d_0000802.jpg,10,motor,41.999520000000075,33.99965999999995,1427.9694001632004,0.0013725196080000004,1.2352923529235333,False,out_of_range,near_square,32_64px,32_64px
2993,41,0000330_00401_d_0000802.jpg,10,motor,17.9996000000001,42.00003000000004,755.9837399880049,0.0007266279700000047,0.42856159864647914,True,large_small,very_tall,16_32px,32_64px
2994,41,0000330_00401_d_0000802.jpg,7,tricycle,57.000319999999874,31.000095000000044,1767.0153350303985,0.0016983999759999987,1.8387143652301643,False,out_of_range,wide,32_64px,16_32px
2995,41,0000330_00401_d_0000802.jpg,7,tricycle,51.00000000000023,37.99984499999999,1937.9920950000082,0.001862737500000008,1.342110737556962,False,out_of_range,wide,32_64px,32_64px
2996,41,0000330_00401_d_0000802.jpg,1,pedestrian,17.9996000000001,48.999780000000044,881.9764400880057,0.0008477282200000055,0.3673404247937457,True,large_small,very_tall,16_32px,32_64px
2997,41,0000330_00401_d_0000802.jpg,1,pedestrian,19.00055999999995,46.00021499999991,874.0298451203961,0.0008400902009999962,0.4130537215967357,True,large_small,very_tall,16_32px,32_64px
2998,41,0000330_00401_d_0000802.jpg,7,tricycle,47.99983999999995,33.99965999999995,1631.9782400543959,0.001568606535999996,1.411774117741178,False,out_of_range,wide,32_64px,32_64px
2999,41,0000330_00401_d_0000802.jpg,4,car,125.0003200000001,69.99979500000006,8749.996774934414,0.008410223736000014,1.7857240867633968,False,out_of_range,wide,64px_plus,64px_plus
3000,41,0000330_00401_d_0000802.jpg,1,pedestrian,21.999360000000024,61.000335000000064,1341.968329785603,0.0012898580640000028,0.3606432653197724,False,out_of_range,very_tall,16_32px,32_64px
3001,41,0000330_00401_d_0000802.jpg,1,pedestrian,37.00016000000005,62.000189999999975,2294.0169500304023,0.002204937476000002,0.596774945367104,False,out_of_range,tall,32_64px,32_64px
3002,41,0000330_00401_d_0000802.jpg,1,pedestrian,27.00007999999991,59.999714999999924,1619.9971049771927,0.001557090642999993,0.45000347084981895,False,out_of_range,very_tall,16_32px,32_64px
3003,41,0000330_00401_d_0000802.jpg,1,pedestrian,23.999919999999975,64.99975499999994,1559.988920019597,0.001499412648999997,0.3692309301781214,False,out_of_range,very_tall,16_32px,64px_plus
3004,41,0000330_00401_d_0000802.jpg,4,car,80.00064,77.00031000000001,6160.074080198401,0.005920870896000001,1.038965167802571,False,out_of_range,near_square,64px_plus,64px_plus
3005,41,0000330_00401_d_0000802.jpg,4,car,81.00024000000002,27.999765000000025,2267.9876849436027,0.0021799189590000025,2.8928899938981614,False,out_of_range,very_wide,64px_plus,16_32px
3006,42,0000333_01765_d_0000010.jpg,1,pedestrian,9.000479999999982,6.999749999999949,63.00110987999941,6.0554699999999436e-05,1.2858287795992782,True,very_small,near_square,8_16px,0_8px
3007,42,0000333_01765_d_0000010.jpg,4,car,53.00055999999998,22.999725000000012,1218.998304846,0.001171663115,2.3043997265184673,False,out_of_range,very_wide,32_64px,16_32px
3008,42,0000333_01765_d_0000010.jpg,4,car,53.00055999999995,14.0002649999999,742.021885148394,0.0007132082709999942,3.7856826281502767,True,large_small,very_wide,32_64px,8_16px
3009,42,0000333_01765_d_0000010.jpg,4,car,51.99959999999999,19.000304999999912,988.0082598779952,0.0009496426949999954,2.736777120156767,True,large_small,very_wide,32_64px,16_32px
3010,42,0000333_01765_d_0000010.jpg,4,car,23.000319999999988,56.00029499999994,1288.0247050943979,0.001238009135999998,0.41071783639711207,False,out_of_range,very_tall,16_32px,32_64px
3011,42,0000333_01765_d_0000010.jpg,4,car,48.99944000000005,22.999725000000012,1126.9736451540018,0.0010832118850000018,2.1304359073858503,False,out_of_range,very_wide,32_64px,16_32px
3012,42,0000333_01765_d_0000010.jpg,10,motor,21.999360000000024,11.999790000000075,263.98770013440196,0.0002537367360000019,1.8333120829614422,True,large_small,wide,16_32px,8_16px
3013,42,0000333_01765_d_0000010.jpg,2,people,13.000240000000076,10.999934999999937,143.00179498440002,0.00013744886100000003,1.1818469836412806,True,small,near_square,8_16px,8_16px
3014,42,0000333_01765_d_0000010.jpg,4,car,31.999439999999822,52.00010999999995,1663.974399938389,0.0015993602459999895,0.6153725444042302,False,out_of_range,tall,16_32px,32_64px
3015,42,0000333_01765_d_0000010.jpg,4,car,41.999520000000075,48.99977999999999,2057.967240105603,0.001978053864000003,0.8571369095942898,False,out_of_range,near_square,32_64px,32_64px
3016,42,0000333_01765_d_0000010.jpg,4,car,40.0003200000001,52.999964999999975,2120.0155599888044,0.002037692772000004,0.7547235172702496,False,out_of_range,near_square,32_64px,32_64px
3017,42,0000333_01765_d_0000010.jpg,4,car,47.99983999999995,38.999700000000075,1871.9793600480016,0.0017992881200000015,1.2307745957020146,False,out_of_range,near_square,32_64px,32_64px
3018,42,0000333_01765_d_0000010.jpg,4,car,44.999680000000126,40.000319999999874,1800.0015998975994,0.0017301053439999993,1.1249830001360055,False,out_of_range,near_square,32_64px,32_64px
3019,42,0000333_01765_d_0000010.jpg,1,pedestrian,17.0,6.999749999999949,118.99574999999913,0.00011437499999999916,2.428658166363102,True,small,very_wide,16_32px,0_8px
3020,42,0000333_01765_d_0000010.jpg,1,pedestrian,9.000480000000152,5.000040000000126,45.0027600192019,4.3255248000001826e-05,1.8000815993471901,True,very_small,wide,8_16px,0_8px
3021,42,0000333_01765_d_0000010.jpg,10,motor,6.000320000000102,16.999829999999974,102.00441994560157,9.80434640000015e-05,0.35296352963530286,True,small,very_tall,0_8px,16_32px
3022,42,0000333_01765_d_0000010.jpg,10,motor,9.000480000000152,19.000305000000026,171.01186514640312,0.000164371266000003,0.4737018695226282,True,small,very_tall,8_16px,16_32px
3023,42,0000333_01765_d_0000010.jpg,4,car,23.999919999999975,45.000359999999944,1080.0050399711974,0.0010380671279999975,0.5333272889372441,False,out_of_range,tall,16_32px,32_64px
3024,42,0000333_01765_d_0000010.jpg,4,car,21.999359999999967,48.99977999999999,1077.9638001407982,0.0010361051519999981,0.44896854638939143,False,out_of_range,very_tall,16_32px,32_64px
3025,42,0000333_01765_d_0000010.jpg,4,car,26.00048000000004,51.00025499999998,1326.0311101224015,0.0012745397060000014,0.5098107842794128,False,out_of_range,tall,16_32px,32_64px
3026,42,0000333_01765_d_0000010.jpg,4,car,23.99992000000003,49.999634999999955,1199.9872400292004,0.0011533902730000004,0.48000190401390036,False,out_of_range,very_tall,16_32px,32_64px
3027,42,0000333_01765_d_0000010.jpg,4,car,24.99951999999999,51.00025500000004,1274.9818948776003,0.0012254727940000003,0.49018421574558735,False,out_of_range,very_tall,16_32px,32_64px
3028,42,0000333_01765_d_0000010.jpg,4,car,54.00016000000002,25.000200000000007,1350.014800032001,0.001297592080000001,2.15998912008704,False,out_of_range,very_wide,32_64px,16_32px
3029,42,0000333_01765_d_0000010.jpg,4,car,47.00024000000002,21.00001499999999,987.0057450035999,0.0009486791089999999,2.2381050680201913,True,large_small,very_wide,32_64px,16_32px
3030,42,0000333_01765_d_0000010.jpg,4,car,47.00023999999999,22.999725000000012,1080.9925949340004,0.0010390163350000004,2.043513128961323,False,out_of_range,very_wide,32_64px,16_32px
3031,42,0000333_01765_d_0000010.jpg,4,car,50.99999999999997,22.999725000000012,1172.985975,0.0011274375,2.217417816952157,False,out_of_range,very_wide,32_64px,16_32px
3032,42,0000333_01765_d_0000010.jpg,4,car,47.99983999999998,22.999725000000012,1103.983120044,0.0010611141100000001,2.0869745181735846,False,out_of_range,very_wide,32_64px,16_32px
3033,42,0000333_01765_d_0000010.jpg,4,car,36.00056000000001,20.000160000000008,720.0169600896004,0.0006920578240000003,1.8000135998912006,True,large_small,wide,32_64px,16_32px
3034,42,0000333_01765_d_0000010.jpg,5,van,67.99999999999997,31.000095,2108.006459999999,0.002026149999999999,2.1935416649529613,False,out_of_range,very_wide,64px_plus,16_32px
3035,42,0000333_01765_d_0000010.jpg,4,car,23.99992000000003,49.99963500000001,1199.9872400292018,0.0011533902730000017,0.4800019040138998,False,out_of_range,very_tall,16_32px,32_64px
3036,42,0000333_01765_d_0000010.jpg,4,car,24.999520000000018,46.000215,1149.9832948968008,0.0011053280420000007,0.5434652859774681,False,out_of_range,tall,16_32px,32_64px
3037,42,0000333_01765_d_0000010.jpg,4,car,20.99975999999998,38.9997,818.9843400719992,0.0007871821799999993,0.5384595266117427,True,large_small,tall,16_32px,32_64px
3038,42,0000333_01765_d_0000010.jpg,4,car,23.000319999999988,42.00003000000001,966.0141300095997,0.0009285026239999998,0.5476262755050408,True,large_small,tall,16_32px,32_64px
3039,42,0000333_01765_d_0000010.jpg,4,car,20.999760000000038,48.999779999999994,1028.9836200528018,0.0009890269320000018,0.4285684547971448,False,out_of_range,very_tall,16_32px,32_64px
3040,42,0000333_01765_d_0000010.jpg,4,car,41.99951999999996,42.00003000000001,1763.9810999855988,0.0016954835639999988,0.9999878571515295,False,out_of_range,near_square,32_64px,32_64px
3041,42,0000333_01765_d_0000010.jpg,10,motor,27.99968000000007,15.999975000000006,447.99418000800125,0.0004305980200000012,1.749982734348026,True,large_small,wide,16_32px,8_16px
3042,42,0000333_01765_d_0000010.jpg,1,pedestrian,6.9999200000000315,8.000370000000089,56.00194997040087,5.382732600000084e-05,0.8749495335840659,True,very_small,near_square,0_8px,8_16px
3043,42,0000333_01765_d_0000010.jpg,1,pedestrian,6.999919999999975,11.999790000000075,83.99757001680022,8.073584200000022e-05,0.5833368750619745,True,small,tall,0_8px,8_16px
3044,42,0000333_01765_d_0000010.jpg,1,pedestrian,6.000319999999988,8.000370000000089,48.00478011840044,4.6140696000000426e-05,0.7500053122542983,True,very_small,near_square,0_8px,8_16px
3045,42,0000333_01765_d_0000010.jpg,1,pedestrian,6.000319999999988,6.999749999999949,42.00073991999961,4.036979999999963e-05,0.8572191863995188,True,very_small,near_square,0_8px,0_8px
3046,42,0000333_01765_d_0000010.jpg,10,motor,9.000479999999925,20.000159999999937,180.01104007679794,0.000173020991999998,0.450020399836799,True,small,very_tall,8_16px,16_32px
3047,42,0000333_01765_d_0000010.jpg,2,people,9.000479999999925,12.999644999999987,117.0030448295989,0.00011245967399999895,0.6923635222346406,True,small,tall,8_16px,8_16px
3048,42,0000333_01765_d_0000010.jpg,4,car,23.0003200000001,51.00025500000004,1173.022185081606,0.0011274723040000057,0.45098441174460957,False,out_of_range,very_tall,16_32px,32_64px
3049,42,0000333_01765_d_0000010.jpg,4,car,21.999360000000024,52.00011000000001,1143.9691399296014,0.0010995474240000013,0.42306372044213025,False,out_of_range,very_tall,16_32px,32_64px
3050,42,0000333_01765_d_0000010.jpg,4,car,23.0003200000001,46.00021499999997,1058.019665068804,0.0010169354720000038,0.5000046195436286,False,out_of_range,tall,16_32px,32_64px
3051,42,0000333_01765_d_0000010.jpg,4,car,20.999759999999924,48.99977999999999,1028.983620052796,0.0009890269319999961,0.42856845479714256,False,out_of_range,very_tall,16_32px,32_64px
3052,42,0000333_01765_d_0000010.jpg,4,car,23.0003200000001,53.99982,1242.0131399424056,0.0011937842560000053,0.42593327162942585,False,out_of_range,very_tall,16_32px,32_64px
3053,42,0000333_01765_d_0000010.jpg,4,car,19.00055999999995,49.999634999999955,950.0210647955967,0.0009131305889999968,0.38001397410201027,True,large_small,very_tall,16_32px,32_64px
3054,42,0000333_01765_d_0000010.jpg,4,car,21.999360000000024,51.00025500000004,1121.9729698368021,0.001078405392000002,0.4313578432107841,False,out_of_range,very_tall,16_32px,32_64px
3055,42,0000333_01765_d_0000010.jpg,4,car,23.999919999999975,45.00036,1080.0050399711988,0.0010380671279999988,0.5333272889372435,False,out_of_range,tall,16_32px,32_64px
3056,42,0000333_01765_d_0000010.jpg,4,car,47.99983999999995,33.99965999999999,1631.978240054398,0.001568606535999998,1.4117741177411762,False,out_of_range,wide,32_64px,32_64px
3057,42,0000333_01765_d_0000010.jpg,4,car,44.99968000000001,28.999620000000007,1304.9736201216008,0.0012542999040000007,1.5517334365070992,False,out_of_range,wide,32_64px,16_32px
3058,42,0000333_01765_d_0000010.jpg,4,car,54.00015999999994,20.00016,1080.0118400255988,0.001038073663999999,2.699986400108796,False,out_of_range,very_wide,32_64px,16_32px
3059,42,0000333_01765_d_0000010.jpg,4,car,44.99968000000001,28.999620000000007,1304.9736201216008,0.0012542999040000007,1.5517334365070992,False,out_of_range,wide,32_64px,16_32px
3060,42,0000333_01765_d_0000010.jpg,4,car,44.00008000000014,21.999870000000016,967.9960399896038,0.0009304075740000036,2.0000154546367823,True,large_small,very_wide,32_64px,16_32px
3061,42,0000333_01765_d_0000010.jpg,4,car,44.000080000000025,40.00031999999999,1760.0172800256005,0.0016916736640000005,1.0999932000544006,False,out_of_range,near_square,32_64px,32_64px
3062,42,0000333_01765_d_0000010.jpg,8,awning-tricycle,23.999919999999975,12.999645000000001,311.9904400283997,0.0002998754709999997,1.8461981077175549,True,large_small,wide,16_32px,8_16px
3063,42,0000333_01765_d_0000010.jpg,10,motor,14.999439999999936,10.999935000000008,164.99286503639942,0.00015858599099999944,1.3635935121434741,True,small,wide,8_16px,8_16px
3064,42,0000333_01765_d_0000010.jpg,1,pedestrian,7.999519999999961,11.999789999999962,95.99256010079922,9.226505199999925e-05,0.6666383328374902,True,small,tall,0_8px,8_16px
3065,42,0000333_01765_d_0000010.jpg,1,pedestrian,6.000320000000102,8.000370000000032,48.00478011840101,4.614069600000097e-05,0.7500053122543179,True,very_small,near_square,0_8px,8_16px
3066,42,0000333_01765_d_0000010.jpg,1,pedestrian,7.999519999999961,10.000079999999969,79.99583996159936,7.688950399999938e-05,0.7999456004351951,True,small,near_square,0_8px,8_16px
3067,42,0000333_01765_d_0000010.jpg,4,car,51.000000000000114,25.000200000000007,1275.0102000000031,0.001225500000000003,2.039983680130563,False,out_of_range,very_wide,32_64px,16_32px
3068,42,0000333_01765_d_0000010.jpg,4,car,50.0003999999999,27.999765000000025,1399.9994499059985,0.0013456357649999987,1.78574355891915,False,out_of_range,wide,32_64px,16_32px
3069,42,0000333_01765_d_0000010.jpg,10,motor,20.00016000000005,10.000080000000025,200.00320001280102,0.00019223683200000097,2.0,True,small,very_wide,16_32px,8_16px
3070,42,0000333_01765_d_0000010.jpg,10,motor,17.0,6.999750000000006,118.9957500000001,0.0001143750000000001,2.4286581663630824,True,small,very_wide,16_32px,0_8px
3071,42,0000333_01765_d_0000010.jpg,10,motor,16.000400000000013,8.000369999999975,128.0091201479997,0.00012303836999999972,1.999957501965542,True,small,wide,16_32px,8_16px
3072,42,0000333_01765_d_0000010.jpg,10,motor,16.999999999999886,9.000225,153.00382499999898,0.00014706249999999903,1.88884166784718,True,small,wide,16_32px,8_16px
3073,42,0000333_01765_d_0000010.jpg,1,pedestrian,4.999360000000024,8.000369999999975,39.99672976320007,3.844360800000007e-05,0.624891098786686,True,very_small,tall,0_8px,8_16px
3074,42,0000333_01765_d_0000010.jpg,1,pedestrian,6.000320000000102,5.000040000000013,30.001840012800585,2.883683200000056e-05,1.2000543995648207,True,very_small,near_square,0_8px,0_8px
3075,42,0000333_01765_d_0000010.jpg,1,pedestrian,6.000320000000102,5.999895000000038,36.00128996640083,3.46033160000008e-05,1.000070834572949,True,very_small,near_square,0_8px,0_8px
3076,42,0000333_01765_d_0000010.jpg,4,car,44.00008000000025,21.999869999999998,967.9960399896055,0.0009304075740000053,2.000015454636789,True,large_small,very_wide,32_64px,16_32px
3077,42,0000333_01765_d_0000010.jpg,10,motor,13.000240000000076,5.999895000000038,78.00007497480095,7.497123700000092e-05,2.166744584696898,True,small,very_wide,8_16px,0_8px
3078,42,0000333_01765_d_0000010.jpg,10,motor,13.000240000000076,5.999895000000038,78.00007497480095,7.497123700000092e-05,2.166744584696898,True,small,very_wide,8_16px,0_8px
3079,42,0000333_01765_d_0000010.jpg,10,motor,16.000400000000013,5.999895000000038,96.00071995800069,9.227289500000067e-05,2.6667800019833536,True,small,very_wide,16_32px,0_8px
3080,42,0000333_01765_d_0000010.jpg,10,motor,14.999439999999936,5.0000400000000695,74.99779997760072,7.20855440000007e-05,2.999864001087937,True,small,very_wide,8_16px,0_8px
3081,42,0000333_01765_d_0000010.jpg,10,motor,14.999439999999936,6.999750000000006,104.99233013999964,0.00010091534999999965,2.1428536733454657,True,small,very_wide,8_16px,0_8px
3082,42,0000333_01765_d_0000010.jpg,10,motor,9.000480000000039,14.0002649999999,126.00910512719963,0.00012111601799999964,0.6428792597854471,True,small,tall,8_16px,8_16px
3083,42,0000333_01765_d_0000010.jpg,10,motor,6.999919999999975,19.000305000000026,133.0006149755997,0.0001278360389999997,0.36841092814036225,True,small,very_tall,0_8px,16_32px
3084,42,0000333_01765_d_0000010.jpg,5,van,41.999520000000075,19.000305000000026,798.0036898536025,0.0007670162340000025,2.2104655688421855,True,large_small,very_wide,32_64px,16_32px
3085,42,0000333_01765_d_0000010.jpg,5,van,38.99935999999991,19.000305000000026,740.9997348047993,0.0007122258119999994,2.05256494566797,True,large_small,very_wide,32_64px,16_32px
3086,42,0000333_01765_d_0000010.jpg,1,pedestrian,6.999919999999975,6.999749999999949,48.99769001999947,4.709504999999949e-05,1.0000242865816673,True,very_small,near_square,0_8px,0_8px
3087,42,0000333_01765_d_0000010.jpg,1,pedestrian,7.999519999999961,10.999934999999937,87.99420003119907,8.45772779999991e-05,0.7272333881972946,True,small,tall,0_8px,8_16px
3088,42,0000333_01765_d_0000010.jpg,1,pedestrian,6.000320000000102,9.000225,54.004230072000915,5.190718000000088e-05,0.6666855550833564,True,very_small,tall,0_8px,8_16px
3089,42,0000333_01765_d_0000010.jpg,10,motor,19.00055999999995,5.000040000000013,95.0035600224,9.1314456e-05,3.8000815993471857,True,small,very_wide,16_32px,0_8px
3090,42,0000333_01765_d_0000010.jpg,10,motor,16.999999999999886,6.999750000000006,118.9957499999993,0.00011437499999999934,2.428658166363066,True,small,very_wide,16_32px,0_8px
3091,42,0000333_01765_d_0000010.jpg,10,motor,16.000400000000013,6.999750000000006,111.9987999000002,0.00010764975000000019,2.285853066180935,True,small,very_wide,16_32px,0_8px
3092,42,0000333_01765_d_0000010.jpg,10,motor,16.000400000000127,5.999895000000038,96.00071995800137,9.227289500000132e-05,2.6667800019833723,True,small,very_wide,16_32px,0_8px
3093,42,0000333_01765_d_0000010.jpg,10,motor,16.000400000000013,5.999895000000038,96.00071995800069,9.227289500000067e-05,2.6667800019833536,True,small,very_wide,16_32px,0_8px
3094,42,0000333_01765_d_0000010.jpg,10,motor,13.00024000000019,5.999895000000038,78.00007497480163,7.497123700000157e-05,2.1667445846969167,True,small,very_wide,8_16px,0_8px
3095,42,0000333_01765_d_0000010.jpg,10,motor,16.999999999999886,6.999750000000006,118.9957499999993,0.00011437499999999934,2.428658166363066,True,small,very_wide,16_32px,0_8px
3096,42,0000333_01765_d_0000010.jpg,10,motor,17.999600000000214,5.999895000000038,107.99571004200196,0.00010380210500000188,2.999985833085429,True,small,very_wide,16_32px,0_8px
3097,42,0000333_01765_d_0000010.jpg,1,pedestrian,6.000320000000102,5.999895000000038,36.00128996640083,3.46033160000008e-05,1.000070834572949,True,very_small,near_square,0_8px,0_8px
3098,42,0000333_01765_d_0000010.jpg,1,pedestrian,10.999680000000126,8.000370000000089,88.00150988160199,8.458430400000192e-05,1.3748964110409898,True,small,wide,8_16px,8_16px
3099,42,0000333_01765_d_0000010.jpg,1,pedestrian,6.999919999999975,5.000040000000126,34.99987999680076,3.364079200000073e-05,1.3999728002175578,True,very_small,wide,0_8px,0_8px
3100,42,0000333_01765_d_0000010.jpg,1,pedestrian,6.000320000000215,5.000040000000013,30.001840012801154,2.883683200000111e-05,1.2000543995648434,True,very_small,near_square,0_8px,0_8px
3101,42,0000333_01765_d_0000010.jpg,1,pedestrian,7.999519999999848,6.999749999999949,55.99464011999853,5.382029999999859e-05,1.1428293867637995,True,very_small,near_square,0_8px,0_8px
3102,42,0000333_01765_d_0000010.jpg,10,motor,16.000400000000013,15.000120000000152,240.00792004800263,0.00023068812000000253,1.0666847998549245,True,small,near_square,16_32px,8_16px
3103,42,0000333_01765_d_0000010.jpg,10,motor,7.999519999999848,15.999975000000063,127.99212001199807,0.00012302202999999815,0.49997078120433414,True,small,very_tall,0_8px,8_16px
3104,42,0000333_01765_d_0000010.jpg,10,motor,16.999999999999773,10.999934999999937,186.99889499999642,0.00017973749999999656,1.5454636777399022,True,small,wide,16_32px,8_16px
3105,42,0000333_01765_d_0000010.jpg,10,motor,6.000320000000215,17.999685,108.00386989920388,0.00010380994800000373,0.3333569448576581,True,small,very_tall,0_8px,16_32px
3106,42,0000333_01765_d_0000010.jpg,10,motor,10.000079999999912,16.999829999999974,169.99965998639826,0.00016339836599999833,0.5882458824588203,True,small,tall,8_16px,16_32px
3107,42,0000333_01765_d_0000010.jpg,10,motor,10.000079999999912,15.000120000000038,150.00240000959906,0.0001441776239999991,0.6666666666666591,True,small,tall,8_16px,8_16px
3108,42,0000333_01765_d_0000010.jpg,10,motor,13.000240000000076,10.999934999999937,143.00179498440002,0.00013744886100000003,1.1818469836412806,True,small,near_square,8_16px,8_16px
3109,42,0000333_01765_d_0000010.jpg,10,motor,20.999760000000038,11.999789999999962,251.99271005039964,0.00024220752599999964,1.7500106251859495,True,small,wide,16_32px,8_16px
3110,42,0000333_01765_d_0000010.jpg,2,people,9.000480000000039,10.999934999999937,99.00469496879985,9.516022199999986e-05,0.8182302895426282,True,small,near_square,8_16px,8_16px
3111,42,0000333_01765_d_0000010.jpg,1,pedestrian,7.999519999999961,10.999934999999937,87.99420003119907,8.45772779999991e-05,0.7272333881972946,True,small,tall,0_8px,8_16px
3112,42,0000333_01765_d_0000010.jpg,1,pedestrian,6.999920000000088,8.000369999999975,56.00194997040053,5.382732600000051e-05,0.8749495335840854,True,very_small,near_square,0_8px,8_16px
3113,42,0000333_01765_d_0000010.jpg,10,motor,12.000639999999976,15.000120000000038,180.0110400768001,0.0001730209920000001,0.800036266376532,True,small,near_square,8_16px,8_16px
3114,42,0000333_01765_d_0000010.jpg,2,people,9.000479999999925,10.000079999999912,90.00552003839846,8.651049599999852e-05,0.9000407996736031,True,small,near_square,8_16px,8_16px
3115,42,0000333_01765_d_0000010.jpg,8,awning-tricycle,13.999840000000063,26.99991,377.99442001440167,0.0003633164360000016,0.5185143209736648,True,large_small,tall,8_16px,16_32px
3116,42,0000333_01765_d_0000010.jpg,2,people,7.999519999999961,10.000080000000025,79.99583996159981,7.688950399999982e-05,0.7999456004351906,True,small,near_square,0_8px,8_16px
3117,42,0000333_01765_d_0000010.jpg,1,pedestrian,6.000320000000102,8.000370000000089,48.00478011840135,4.61406960000013e-05,0.7500053122543126,True,very_small,near_square,0_8px,8_16px
3118,42,0000333_01765_d_0000010.jpg,1,pedestrian,7.999519999999961,6.999749999999949,55.994640119999325,5.382029999999935e-05,1.1428293867638157,True,very_small,near_square,0_8px,0_8px
3119,42,0000333_01765_d_0000010.jpg,1,pedestrian,6.999919999999975,8.000369999999975,56.00194997039962,5.382732599999964e-05,0.8749495335840712,True,very_small,near_square,0_8px,8_16px
3120,42,0000333_01765_d_0000010.jpg,10,motor,17.0,9.000225000000114,153.00382500000194,0.00014706250000000187,1.8888416678471687,True,small,wide,16_32px,8_16px
3121,42,0000333_01765_d_0000010.jpg,2,people,9.000480000000039,9.000225000000114,81.00634510800137,7.786077000000132e-05,1.0000283326250092,True,small,near_square,8_16px,8_16px
3122,42,0000333_01765_d_0000010.jpg,10,motor,16.000400000000013,8.000369999999975,128.0091201479997,0.00012303836999999972,1.999957501965542,True,small,wide,16_32px,8_16px
3123,42,0000333_01765_d_0000010.jpg,10,motor,13.999840000000063,16.999829999999974,237.9949000272007,0.0002287532680000007,0.8235282352823577,True,small,near_square,8_16px,16_32px
3124,42,0000333_01765_d_0000010.jpg,1,pedestrian,6.999920000000088,8.000370000000089,56.00194997040133,5.382732600000128e-05,0.874949533584073,True,very_small,near_square,0_8px,8_16px
3125,42,0000333_01765_d_0000010.jpg,1,pedestrian,6.999919999999975,10.999934999999937,76.99866500519927,7.40087129999993e-05,0.6363601239461883,True,small,tall,0_8px,8_16px
3126,43,0000335_00197_d_0000044.jpg,4,car,133.99944000000016,110.00011499999994,14739.953809935609,0.01416758343900001,1.2181754537256642,False,out_of_range,near_square,64px_plus,64px_plus
3127,43,0000335_00197_d_0000044.jpg,4,car,203.9999999999999,70.99965000000009,14483.92860000001,0.01392150000000001,2.873253600545913,False,out_of_range,very_wide,64px_plus,64px_plus
3128,43,0000335_00197_d_0000044.jpg,5,van,159.00032,100.99989000000005,16059.014829964806,0.015435423712000006,1.5742623086025134,False,out_of_range,wide,64px_plus,64px_plus
3129,43,0000335_00197_d_0000044.jpg,7,tricycle,81.99984000000006,58.999859999999956,4837.9790800224,0.004650114456,1.3898310945144636,False,out_of_range,wide,64px_plus,32_64px
3130,43,0000335_00197_d_0000044.jpg,1,pedestrian,20.999760000000038,48.99977999999999,1028.9836200528016,0.0009890269320000015,0.4285684547971449,False,out_of_range,very_tall,16_32px,32_64px
3131,43,0000335_00197_d_0000044.jpg,7,tricycle,55.999360000000024,79.00001999999995,4423.950559987199,0.004252163167999999,0.7088524787715251,False,out_of_range,tall,32_64px,64px_plus
3132,43,0000335_00197_d_0000044.jpg,4,car,155.00055999999995,69.99979500000006,10850.007424885207,0.010428688413000006,2.214300199022009,False,out_of_range,very_wide,64px_plus,64px_plus
3133,43,0000335_00197_d_0000044.jpg,4,car,119.0,63.000045,7497.005355,0.0072058875,1.8888875396835034,False,out_of_range,wide,64px_plus,32_64px
3134,43,0000335_00197_d_0000044.jpg,4,car,125.99992000000009,53.99982,6803.9730000144045,0.006539766436000004,2.333339629650619,False,out_of_range,very_wide,64px_plus,32_64px
3135,43,0000335_00197_d_0000044.jpg,5,van,41.99951999999996,58.99985999999997,2477.9658000671966,0.0023817433679999968,0.7118579603409225,False,out_of_range,tall,32_64px,32_64px
3136,43,0000335_00197_d_0000044.jpg,1,pedestrian,17.999599999999987,36.000135,647.9880299459995,0.0006228258649999995,0.49998701393758627,True,large_small,very_tall,16_32px,32_64px
3137,43,0000335_00197_d_0000044.jpg,10,motor,10.999679999999955,21.000015000000005,230.99344499519913,0.00022202368799999916,0.5237939115757752,True,small,tall,8_16px,16_32px
3138,43,0000335_00197_d_0000044.jpg,10,motor,10.999680000000012,11.999789999999997,131.99385006720013,0.00012686836800000013,0.9166560414807271,True,small,near_square,8_16px,8_16px
3139,43,0000335_00197_d_0000044.jpg,1,pedestrian,7.999520000000075,25.0002,199.98959990400186,0.00019222376000000178,0.3199782401740816,True,small,very_tall,0_8px,16_32px
3140,43,0000335_00197_d_0000044.jpg,1,pedestrian,12.00064000000009,32.99980499999998,396.0187798752027,0.0003806408880000026,0.3636579064633896,True,large_small,very_tall,8_16px,32_64px
3141,43,0000335_00197_d_0000044.jpg,1,pedestrian,13.000239999999962,30.00024000000002,390.01032005759913,0.00037486574399999914,0.43333786663039875,True,large_small,very_tall,8_16px,16_32px
3142,43,0000335_00197_d_0000044.jpg,1,pedestrian,16.999999999999886,36.000135,612.0022949999959,0.0005882374999999961,0.4722204513955263,True,large_small,very_tall,16_32px,32_64px
3143,43,0000335_00197_d_0000044.jpg,1,pedestrian,14.999439999999936,36.99999,554.9791300055975,0.0005334286139999976,0.40539037983523607,True,large_small,very_tall,8_16px,32_64px
3144,43,0000335_00197_d_0000044.jpg,1,pedestrian,9.000480000000039,26.000054999999975,234.01297502640077,0.00022492596600000073,0.3461715754062846,True,small,very_tall,8_16px,16_32px
3145,43,0000335_00197_d_0000044.jpg,1,pedestrian,12.00064000000009,42.99988499999995,516.0261399264033,0.0004959882160000032,0.2790853975539726,True,large_small,very_tall,8_16px,32_64px
3146,43,0000335_00197_d_0000044.jpg,7,tricycle,57.000319999999874,40.000320000000016,2280.0310401023958,0.002191494655999996,1.424996600027196,False,out_of_range,wide,32_64px,32_64px
3147,43,0000335_00197_d_0000044.jpg,7,tricycle,37.00016000000005,33.999660000000034,1257.992859945603,0.001209143464000003,1.0882508825088255,False,out_of_range,near_square,32_64px,32_64px
3148,43,0000335_00197_d_0000044.jpg,2,people,14.999439999999936,33.999660000000034,509.97586019039835,0.0004901728759999984,0.44116441164411413,True,large_small,very_tall,8_16px,32_64px
3149,43,0000335_00197_d_0000044.jpg,7,tricycle,27.00007999999991,32.99980499999998,890.9973749843965,0.0008563988609999966,0.8181890771778781,True,large_small,near_square,16_32px,32_64px
3150,43,0000335_00197_d_0000044.jpg,2,people,13.99983999999995,28.999619999999993,405.99004006079844,0.00039022495199999847,0.48275942926148524,True,large_small,very_tall,8_16px,16_32px
3151,43,0000335_00197_d_0000044.jpg,10,motor,13.00024000000019,17.999685,234.0002249244034,0.00022491371100000326,0.7222481948989768,True,small,tall,8_16px,16_32px
3152,43,0000335_00197_d_0000044.jpg,2,people,9.000480000000039,15.00012000000001,135.00828005760067,0.00012976574400000063,0.6000271997824039,True,small,tall,8_16px,8_16px
3153,43,0000335_00197_d_0000044.jpg,2,people,10.999680000000126,19.000304999999997,208.99727490240235,0.00020088165600000226,0.5789212331065279,True,small,tall,8_16px,16_32px
3154,43,0000335_00197_d_0000044.jpg,4,car,50.0003999999999,61.00033500000001,3050.041150133994,0.0029316043349999943,0.8196741870352006,False,out_of_range,near_square,32_64px,32_64px
3155,43,0000335_00197_d_0000044.jpg,10,motor,19.00055999999995,30.00024000000002,570.0213601343988,0.0005478867359999988,0.6333469332245322,True,large_small,tall,16_32px,16_32px
3156,43,0000335_00197_d_0000044.jpg,2,people,13.000240000000076,30.00024000000002,390.01032005760254,0.00037486574400000244,0.4333378666304025,True,large_small,very_tall,8_16px,16_32px
3157,43,0000335_00197_d_0000044.jpg,2,people,13.000240000000076,31.999950000000013,416.0070299880026,0.0003998529700000025,0.40625813477833783,True,large_small,very_tall,8_16px,16_32px
3158,43,0000335_00197_d_0000044.jpg,4,car,53.000560000000064,42.00002999999998,2226.0251100168016,0.0021395858420000017,1.261917193868673,False,out_of_range,near_square,32_64px,32_64px
3159,43,0000335_00197_d_0000044.jpg,4,car,61.000080000000025,52.00010999999998,3172.0108700088,0.0030488378219999997,1.1730759800315818,False,out_of_range,near_square,32_64px,32_64px
3160,43,0000335_00197_d_0000044.jpg,4,car,44.00008000000014,40.00032000000001,1760.017280025606,0.0016916736640000057,1.0999932000544028,False,out_of_range,near_square,32_64px,32_64px
3161,43,0000335_00197_d_0000044.jpg,10,motor,12.000639999999862,22.999725000000012,276.01141982399696,0.00026529355999999705,0.5217731951142831,True,large_small,tall,8_16px,16_32px
3162,43,0000335_00197_d_0000044.jpg,2,people,12.000639999999862,20.00016,240.01472010239726,0.00023069465599999736,0.6000271997823948,True,small,tall,8_16px,16_32px
3163,44,0000335_01765_d_0000052.jpg,4,car,14.999439999999936,12.999645000000003,194.98739519879922,0.00018741579699999925,1.1538345854829062,True,small,near_square,8_16px,8_16px
3164,44,0000335_01765_d_0000052.jpg,4,car,12.00064000000009,10.00008,120.0073600512009,0.00011534732800000086,1.2000543995648123,True,small,near_square,8_16px,8_16px
3165,44,0000335_01765_d_0000052.jpg,4,car,16.999999999999886,15.999975000000001,271.9995749999982,0.00026143749999999827,1.0625016601588368,True,large_small,near_square,16_32px,8_16px
3166,44,0000335_01765_d_0000052.jpg,4,car,20.000159999999937,17.999685,359.99657994959887,0.0003460174739999989,1.111139444940283,True,large_small,near_square,16_32px,16_32px
3167,44,0000335_01765_d_0000052.jpg,4,car,17.000000000000114,17.999685000000003,305.9946450000021,0.00029411250000000203,0.9444609725114695,True,large_small,near_square,16_32px,16_32px
3168,44,0000335_01765_d_0000052.jpg,4,car,17.9996000000001,16.99983,305.9901400680017,0.00029410817000000166,1.058810588105887,True,large_small,near_square,16_32px,16_32px
3169,44,0000335_01765_d_0000052.jpg,8,awning-tricycle,10.000080000000025,12.999645000000008,129.9974899716004,0.0001249495290000004,0.769257929735775,True,small,near_square,8_16px,8_16px
3170,44,0000335_01765_d_0000052.jpg,2,people,6.999920000000088,10.999935,76.99866500520098,7.400871300000093e-05,0.6363601239461949,True,small,tall,0_8px,8_16px
3171,44,0000335_01765_d_0000052.jpg,3,bicycle,3.000160000000051,15.000119999999995,45.00276001920075,4.325524800000072e-05,0.20000906659413736,True,very_small,very_tall,0_8px,8_16px
3172,44,0000335_01765_d_0000052.jpg,2,people,3.9997600000000375,15.000120000000003,59.99687997120057,5.766712800000055e-05,0.2666485334784013,True,very_small,very_tall,0_8px,8_16px
3173,44,0000335_01765_d_0000052.jpg,2,people,7.999519999999961,12.999645,103.99092017039949,9.995282599999951e-05,0.6153644964920166,True,small,tall,0_8px,8_16px
3174,44,0000335_01765_d_0000052.jpg,10,motor,4.999360000000024,10.00008,49.993999948800244,4.8052672000000235e-05,0.49993200054399806,True,very_small,very_tall,0_8px,8_16px
3175,44,0000335_01765_d_0000052.jpg,10,motor,6.000320000000102,9.000225,54.004230072000915,5.190718000000088e-05,0.6666855550833564,True,very_small,tall,0_8px,8_16px
3176,44,0000335_01765_d_0000052.jpg,2,people,3.9997600000000375,9.000224999999993,35.99873994600031,3.46008650000003e-05,0.444406667611092,True,very_small,very_tall,0_8px,8_16px
3177,44,0000335_01765_d_0000052.jpg,2,people,3.999760000000151,10.999935,43.99710001560167,4.22886390000016e-05,0.36361669409866065,True,very_small,very_tall,0_8px,8_16px
3178,44,0000335_01765_d_0000052.jpg,4,car,17.9996000000001,16.999830000000003,305.9901400680018,0.0002941081700000017,1.0588105881058867,True,large_small,near_square,16_32px,16_32px
3179,44,0000335_01765_d_0000052.jpg,4,car,20.999760000000038,19.000304999999997,399.00184492680063,0.00038350811700000063,1.1052327844210943,True,large_small,near_square,16_32px,16_32px
3180,44,0000335_01765_d_0000052.jpg,4,car,21.999360000000024,21.99987,483.98306008320054,0.0004651894080000005,0.999976818044835,True,large_small,near_square,16_32px,16_32px
3181,44,0000335_01765_d_0000052.jpg,4,car,21.99935999999991,19.000304999999997,417.9945498047982,0.0004017633119999983,1.1578424662130378,True,large_small,near_square,16_32px,16_32px
3182,44,0000335_01765_d_0000052.jpg,4,car,17.9996000000001,19.000305000000004,341.997889878002,0.00032871769500000196,0.9473321612468903,True,large_small,near_square,16_32px,16_32px
3183,44,0000335_01765_d_0000052.jpg,4,car,20.000159999999937,20.00016,400.00640002559874,0.0003844736639999988,0.9999999999999968,True,large_small,near_square,16_32px,16_32px
3184,44,0000335_01765_d_0000052.jpg,4,car,26.00048000000004,25.000199999999992,650.0172000960008,0.0006247762400000007,1.0400108799129626,True,large_small,near_square,16_32px,16_32px
3185,44,0000335_01765_d_0000052.jpg,4,car,31.99944000000005,31.00009500000003,991.9856799468025,0.0009534656670000025,1.0322368366935655,True,large_small,near_square,16_32px,16_32px
3186,44,0000335_01765_d_0000052.jpg,4,car,24.99951999999996,24.00034499999998,599.9971048343986,0.0005766984859999987,1.0416316932110758,True,large_small,near_square,16_32px,16_32px
3187,44,0000335_01765_d_0000052.jpg,5,van,27.000080000000025,33.99965999999999,917.9935399728006,0.0008823467320000005,0.7941279412794138,True,large_small,near_square,16_32px,32_64px
3188,44,0000335_01765_d_0000052.jpg,5,van,23.999919999999975,28.999619999999993,695.9885600303991,0.0006689624759999991,0.827594292614868,True,large_small,near_square,16_32px,16_32px
3189,44,0000335_01765_d_0000052.jpg,4,car,31.999439999999936,32.99980499999998,1055.9752801091972,0.0010149704729999973,0.9696857299611302,False,out_of_range,near_square,16_32px,32_64px
3190,44,0000335_01765_d_0000052.jpg,4,car,33.00040000000001,35.000280000000004,1155.0232401120006,0.0011101722800000006,0.9428610285403434,False,out_of_range,near_square,32_64px,32_64px
3191,44,0000335_01765_d_0000052.jpg,4,car,37.99976000000004,40.000320000000016,1520.0025599232022,0.0014609790080000022,0.9499864001087996,False,out_of_range,near_square,32_64px,32_64px
3192,44,0000335_01765_d_0000052.jpg,4,car,33.999999999999886,36.000135,1224.004589999996,0.001176474999999996,0.9444409027910559,False,out_of_range,near_square,32_64px,32_64px
3193,44,0000335_01765_d_0000052.jpg,4,car,41.999520000000075,45.00036,1889.9935198272035,0.0018166027680000033,0.9333152001450672,False,out_of_range,near_square,32_64px,32_64px
3194,44,0000335_01765_d_0000052.jpg,4,car,60.00048000000015,57.00015000000002,3420.0363600720098,0.0032872321800000094,1.0526372299020288,False,out_of_range,near_square,32_64px,32_64px
3195,44,0000335_01765_d_0000052.jpg,4,car,85.0,105.00007499999992,8925.006374999994,0.008578437499999994,0.8095232312929306,False,out_of_range,near_square,64px_plus,64px_plus
3196,44,0000335_01765_d_0000052.jpg,4,car,99.99944000000002,104.0002199999999,10399.963759876791,0.009996120491999992,0.9615310429151026,False,out_of_range,near_square,64px_plus,64px_plus
3197,44,0000335_01765_d_0000052.jpg,4,car,47.00024000000002,31.000094999999988,1457.0119050228,0.001400434357,1.5161321279821898,False,out_of_range,wide,32_64px,16_32px
3198,44,0000335_01765_d_0000052.jpg,4,car,50.00040000000007,17.999685,899.9914498740012,0.0008650436850000012,2.77784861235072,True,large_small,very_wide,32_64px,16_32px
3199,44,0000335_01765_d_0000052.jpg,4,car,44.99968000000001,15.000120000000003,675.0005999616003,0.0006487895040000002,2.9999546670293307,True,large_small,very_wide,32_64px,8_16px
3200,44,0000335_01765_d_0000052.jpg,1,pedestrian,7.999520000000075,19.000304999999997,151.9933198536014,0.00014609123400000136,0.42102060993231827,True,small,very_tall,0_8px,16_32px
3201,44,0000335_01765_d_0000052.jpg,1,pedestrian,6.000319999999931,22.999725000000012,138.00570991199848,0.00013264677999999853,0.26088659755714155,True,small,very_tall,0_8px,16_32px
3202,44,0000335_01765_d_0000052.jpg,2,people,6.9999200000000315,15.999974999999992,111.99854500200044,0.00010764950500000042,0.4374956835870078,True,small,very_tall,0_8px,8_16px
3203,44,0000335_01765_d_0000052.jpg,4,car,29.000640000000033,27.999764999999996,812.0111048496008,0.0007804797240000007,1.0357458357239797,True,large_small,near_square,16_32px,16_32px
3204,44,0000335_01765_d_0000052.jpg,4,car,46.00064000000003,37.99984500000002,1748.0171899008024,0.0016801395520000023,1.210548095656706,False,out_of_range,near_square,32_64px,32_64px
3205,44,0000335_01765_d_0000052.jpg,10,motor,17.9996000000001,52.00011000000006,935.9811799560064,0.0008996358900000062,0.3461454216154558,True,large_small,very_tall,16_32px,32_64px
3206,44,0000335_01765_d_0000052.jpg,1,pedestrian,13.999840000000063,45.000359999999944,629.997839942402,0.0006055342560000019,0.31110506671502364,True,large_small,very_tall,8_16px,32_64px
3207,44,0000335_01765_d_0000052.jpg,2,people,16.999999999999886,31.0000950000001,527.0016149999982,0.0005065374999999983,0.5483854162382351,True,large_small,tall,16_32px,16_32px
3208,44,0000335_01765_d_0000052.jpg,2,people,20.999760000000038,32.999804999999924,692.9879850467996,0.0006660784169999996,0.6363601239461896,True,large_small,tall,16_32px,32_64px
3209,44,0000335_01765_d_0000052.jpg,8,awning-tricycle,20.999760000000038,30.00024000000002,629.9978399424016,0.0006055342560000015,0.6999864001088,True,large_small,tall,16_32px,16_32px
3210,44,0000335_01765_d_0000052.jpg,1,pedestrian,12.000639999999862,31.999950000000013,384.01987996799573,0.0003691079199999959,0.37502058596966115,True,large_small,very_tall,8_16px,16_32px
3211,44,0000335_01765_d_0000052.jpg,1,pedestrian,12.000639999999976,32.99980499999998,396.01877987519896,0.000380640887999999,0.36365790646338614,True,large_small,very_tall,8_16px,32_64px
3212,44,0000335_01765_d_0000052.jpg,1,pedestrian,10.999680000000126,24.00034500000001,263.9961148896031,0.000253744824000003,0.45831341174471124,True,large_small,very_tall,8_16px,16_32px
3213,44,0000335_01765_d_0000052.jpg,1,pedestrian,9.000480000000039,26.000054999999975,234.01297502640077,0.00022492596600000073,0.3461715754062846,True,small,very_tall,8_16px,16_32px
3214,44,0000335_01765_d_0000052.jpg,1,pedestrian,7.999519999999848,21.99987,175.98840006239666,0.0001691545559999968,0.36361669409864,True,small,very_tall,0_8px,16_32px
3215,44,0000335_01765_d_0000052.jpg,1,pedestrian,23.999919999999975,48.99977999999999,1175.9908000175985,0.0011303256439999987,0.4897964848005436,False,out_of_range,very_tall,16_32px,32_64px
3216,44,0000335_01765_d_0000052.jpg,2,people,20.999759999999924,36.000135,755.9941949675973,0.0007266380189999974,0.5833244791998675,True,large_small,tall,16_32px,32_64px
3217,44,0000335_01765_d_0000052.jpg,4,car,94.00048000000001,42.00003000000001,3948.022980014401,0.003794716436000001,2.238105068020189,False,out_of_range,very_wide,64px_plus,32_64px
3218,44,0000335_01765_d_0000052.jpg,4,car,61.00008,31.000094999999988,1891.0082750075992,0.0018175781189999991,1.967738485962705,False,out_of_range,wide,32_64px,16_32px
3219,44,0000335_01765_d_0000052.jpg,3,bicycle,12.000639999999997,25.000199999999978,300.01840012799966,0.00028836831999999964,0.4800217598259217,True,large_small,very_tall,8_16px,16_32px
3220,44,0000335_01765_d_0000052.jpg,3,bicycle,10.000079999999997,21.00001499999999,210.00183000119983,0.00020184720299999985,0.47619394557575323,True,small,very_tall,8_16px,16_32px
3221,44,0000335_01765_d_0000052.jpg,3,bicycle,13.999839999999992,24.00034499999998,336.0009899447995,0.00032295366199999953,0.5833182814663707,True,large_small,tall,8_16px,16_32px
3222,44,0000335_01765_d_0000052.jpg,1,pedestrian,13.000239999999991,32.99980499999998,429.00538495319944,0.00041234658299999947,0.3939489945470889,True,large_small,very_tall,8_16px,32_64px
3223,44,0000335_01765_d_0000052.jpg,4,car,40.00031999999999,15.000120000000003,600.0096000383999,0.0005767104959999999,2.666666666666665,True,large_small,very_wide,32_64px,8_16px
3224,45,0000335_02549_d_0000056.jpg,1,pedestrian,10.999680000000126,40.000320000000045,439.9907198976055,0.0004229053440000053,0.2749898000816022,True,large_small,very_tall,8_16px,32_64px
3225,45,0000335_02549_d_0000056.jpg,1,pedestrian,17.0,25.000200000000007,425.0034000000001,0.0004085000000000001,0.6799945600435194,True,large_small,tall,16_32px,16_32px
3226,45,0000335_02549_d_0000056.jpg,10,motor,23.0003200000001,20.000159999999994,460.0100800512019,0.00044214732800000183,1.1500067999456058,True,large_small,near_square,16_32px,16_32px
3227,45,0000335_02549_d_0000056.jpg,2,people,12.000639999999862,24.00034499999998,288.0195002207965,0.0002768353519999966,0.5000194788866523,True,large_small,tall,8_16px,16_32px
3228,45,0000335_02549_d_0000056.jpg,10,motor,30.99983999999995,16.999829999999974,526.9920100271984,0.0005065282679999984,1.8235382353823535,True,large_small,wide,16_32px,16_32px
3229,45,0000335_02549_d_0000056.jpg,2,people,6.999920000000088,19.000305000000026,133.00061497560185,0.00012783603900000178,0.3684109281403682,True,small,very_tall,0_8px,16_32px
3230,45,0000335_02549_d_0000056.jpg,2,people,7.999519999999961,17.999685,143.9888401511993,0.00013839757799999933,0.44442555522499205,True,small,very_tall,0_8px,16_32px
3231,45,0000335_02549_d_0000056.jpg,2,people,10.999680000000126,20.000159999999994,219.99535994880245,0.00021145267200000235,0.5499796001632051,True,small,tall,8_16px,16_32px
3232,45,0000335_02549_d_0000056.jpg,4,car,81.00024000000008,36.999990000000025,2997.0080699976047,0.0028806305940000045,2.189196267350343,False,out_of_range,very_wide,64px_plus,32_64px
3233,45,0000335_02549_d_0000056.jpg,4,car,74.00031999999987,30.00024000000002,2220.027360076798,0.002133820991999998,2.466657600072527,False,out_of_range,very_wide,64px_plus,16_32px
3234,45,0000335_02549_d_0000056.jpg,4,car,65.99944000000005,27.999765000000025,1847.968810131603,0.001776209929000003,2.357142640304302,False,out_of_range,very_wide,64px_plus,16_32px
3235,45,0000335_02549_d_0000056.jpg,4,car,29.000639999999862,26.000055000000003,754.0182350351965,0.0007247387879999967,1.11540687125469,True,large_small,near_square,16_32px,16_32px
3236,45,0000335_02549_d_0000056.jpg,5,van,9.000480000000039,10.999935,99.00469496880044,9.516022200000042e-05,0.8182302895426234,True,small,near_square,8_16px,8_16px
3237,45,0000335_02549_d_0000056.jpg,4,car,6.000319999999988,6.999749999999999,42.00073991999991,4.036979999999991e-05,0.8572191863995127,True,very_small,near_square,0_8px,0_8px
3238,45,0000335_02549_d_0000056.jpg,4,car,9.000480000000039,6.999749999999999,63.00110988000026,6.055470000000025e-05,1.285828779599277,True,very_small,near_square,8_16px,0_8px
3239,45,0000335_02549_d_0000056.jpg,4,car,17.9996000000001,26.999909999999993,485.98758003600256,0.00046711609000000246,0.6666540740321025,True,large_small,tall,16_32px,16_32px
3240,45,0000335_02549_d_0000056.jpg,4,car,10.000080000000082,17.999685000000028,179.99828997480176,0.00017300873700000168,0.5555697224701469,True,small,tall,8_16px,16_32px
3241,45,0000335_02549_d_0000056.jpg,4,car,19.000559999999894,15.999975000000006,304.0084849859984,0.00029220346499999846,1.1875368555263297,True,large_small,near_square,16_32px,8_16px
3242,45,0000335_02549_d_0000056.jpg,1,pedestrian,4.999360000000024,12.999644999999987,64.98990522720025,6.246626800000024e-05,0.38457665574713995,True,small,very_tall,0_8px,8_16px
3243,45,0000335_02549_d_0000056.jpg,1,pedestrian,3.000160000000051,10.000079999999983,30.001840012800457,2.883683200000044e-05,0.30001359989120646,True,very_small,very_tall,0_8px,8_16px
3244,45,0000335_02549_d_0000056.jpg,4,car,19.000559999999894,17.999685,342.00409482359805,0.00032872365899999813,1.0556051397566064,True,large_small,near_square,16_32px,16_32px
3245,45,0000335_02549_d_0000056.jpg,1,pedestrian,4.999360000000024,17.999685000000028,89.98690520160058,8.649260400000055e-05,0.27774708279617205,True,small,very_tall,0_8px,16_32px
3246,45,0000335_02549_d_0000056.jpg,4,car,30.999840000000006,21.99986999999996,681.9924500207989,0.0006555098519999988,1.409091962816147,True,large_small,wide,16_32px,16_32px
3247,45,0000335_02549_d_0000056.jpg,4,car,30.000240000000076,24.00034499999998,720.0161100828013,0.0006920570070000013,1.2499920313645532,True,large_small,near_square,16_32px,16_32px
3248,45,0000335_02549_d_0000056.jpg,4,car,20.999760000000038,19.000304999999997,399.00184492680063,0.00038350811700000063,1.1052327844210943,True,large_small,near_square,16_32px,16_32px
3249,45,0000335_02549_d_0000056.jpg,5,van,6.000319999999874,8.000369999999997,48.004780118398976,4.614069599999902e-05,0.7500053122542928,True,very_small,near_square,0_8px,8_16px
3250,45,0000335_02549_d_0000056.jpg,4,car,10.999679999999898,10.999935000000008,120.99576502079897,0.00011629735199999901,0.999976818044824,True,small,near_square,8_16px,8_16px
3251,45,0000335_02549_d_0000056.jpg,4,car,13.000239999999962,10.999934999999994,143.0017949843995,0.00013744886099999952,1.1818469836412642,True,small,near_square,8_16px,8_16px
3252,45,0000335_02549_d_0000056.jpg,4,car,16.000400000000013,14.000264999999999,224.00984010600015,0.00021531126500000015,1.1428640815013156,True,small,near_square,16_32px,8_16px
3253,45,0000335_02549_d_0000056.jpg,4,car,7.999520000000075,6.999749999999999,55.99464012000052,5.38203000000005e-05,1.142829386763824,True,very_small,near_square,0_8px,0_8px
3254,45,0000335_02549_d_0000056.jpg,4,car,6.999920000000088,6.999749999999992,48.99769002000056,4.709505000000054e-05,1.0000242865816775,True,very_small,near_square,0_8px,0_8px
3255,45,0000335_02549_d_0000056.jpg,5,van,6.999919999999975,10.000079999999997,69.99975999359972,6.728158399999973e-05,0.6999864001087968,True,small,tall,0_8px,8_16px
3256,45,0000335_02549_d_0000056.jpg,4,car,7.999520000000075,6.999749999999999,55.99464012000052,5.38203000000005e-05,1.142829386763824,True,very_small,near_square,0_8px,0_8px
3257,45,0000335_02549_d_0000056.jpg,4,car,9.000480000000039,8.00036999999999,72.00717017760022,6.92110440000002e-05,1.1250079683814687,True,small,near_square,8_16px,8_16px
3258,45,0000335_02549_d_0000056.jpg,5,van,10.000079999999912,10.000079999999997,100.00160000639909,9.611841599999913e-05,0.9999999999999915,True,small,near_square,8_16px,8_16px
3259,45,0000335_02549_d_0000056.jpg,5,van,14.999439999999936,15.99997500000002,239.9906650139993,0.00023067153499999933,0.937466464791346,True,small,near_square,8_16px,8_16px
3260,45,0000335_02549_d_0000056.jpg,4,car,10.999680000000012,10.999935000000008,120.99576502080022,0.00011629735200000021,0.9999768180448343,True,small,near_square,8_16px,8_16px
3261,45,0000335_02549_d_0000056.jpg,4,car,12.00064000000009,10.000079999999997,120.00736005120086,0.00011534732800000082,1.2000543995648127,True,small,near_square,8_16px,8_16px
3262,45,0000335_02549_d_0000056.jpg,4,car,13.000239999999962,10.99993499999998,143.0017949843993,0.00013744886099999933,1.1818469836412657,True,small,near_square,8_16px,8_16px
3263,45,0000335_02549_d_0000056.jpg,4,car,10.999679999999898,10.000079999999997,109.99767997439895,0.000105726335999999,1.0999592003263876,True,small,near_square,8_16px,8_16px
3264,45,0000335_02549_d_0000056.jpg,4,car,14.999439999999936,12.999644999999987,194.98739519879896,0.000187415796999999,1.1538345854829075,True,small,near_square,8_16px,8_16px
3265,45,0000335_02549_d_0000056.jpg,10,motor,19.00055999999995,48.9997800000001,931.0232598767994,0.0008948704919999994,0.38776827161264626,True,large_small,very_tall,16_32px,32_64px
3266,45,0000335_02549_d_0000056.jpg,2,people,16.000400000000127,31.000094999999988,496.01392003800373,0.0004767530950000036,0.5161403537634364,True,large_small,tall,16_32px,16_32px
3267,45,0000335_02549_d_0000056.jpg,2,people,21.999360000000024,31.0000950000001,681.982249939203,0.0006555000480000029,0.7096545994455808,True,large_small,tall,16_32px,16_32px
3268,45,0000335_02549_d_0000056.jpg,4,car,51.000000000000114,68.99993999999998,3518.996940000007,0.0033823500000000066,0.7391310775052866,False,out_of_range,tall,32_64px,64px_plus
3269,45,0000335_02549_d_0000056.jpg,5,van,43.000479999999925,58.000005000000044,2494.0280550023977,0.0023971819059999976,0.7413875222941773,False,out_of_range,tall,32_64px,32_64px
3270,45,0000335_02549_d_0000056.jpg,4,car,36.000560000000064,37.99984499999999,1368.0156999132023,0.0013148939830000023,0.9473870222365399,False,out_of_range,near_square,32_64px,32_64px
3271,45,0000335_02549_d_0000056.jpg,4,car,30.000240000000076,28.999619999999936,869.9955599088003,0.0008362125720000002,1.0345045900601506,True,large_small,near_square,16_32px,16_32px
3272,45,0000335_02549_d_0000056.jpg,1,pedestrian,6.000319999999988,15.999975000000006,96.00496999199984,9.227697999999985e-05,0.3750205859696647,True,small,very_tall,0_8px,8_16px
3273,45,0000335_02549_d_0000056.jpg,1,pedestrian,3.999759999999924,6.999749999999992,27.997320059999435,2.6910149999999456e-05,0.5714146933818963,True,very_small,tall,0_8px,0_8px
3274,45,0000335_02549_d_0000056.jpg,10,motor,4.999360000000024,15.999975000000006,79.98963501600042,7.68835400000004e-05,0.3124604882195142,True,small,very_tall,0_8px,8_16px
3275,45,0000335_02549_d_0000056.jpg,2,people,7.999519999999961,17.999685000000028,143.98884015119953,0.00013839757799999954,0.4444255552249914,True,small,very_tall,0_8px,16_32px
3276,45,0000335_02549_d_0000056.jpg,10,motor,4.999360000000024,10.999934999999965,54.992635041600096,5.285720400000009e-05,0.45448995834975753,True,very_small,very_tall,0_8px,8_16px
3277,45,0000335_02549_d_0000056.jpg,2,people,6.000320000000102,10.999934999999965,66.0031299792009,6.344014800000087e-05,0.545486859695091,True,small,tall,0_8px,8_16px
3278,45,0000335_02549_d_0000056.jpg,10,motor,4.999360000000024,9.000225000000015,44.99536485600029,4.3248140000000284e-05,0.5554705576805042,True,very_small,tall,0_8px,8_16px
3279,45,0000335_02549_d_0000056.jpg,2,people,4.999360000000024,8.000370000000018,39.996729763200285,3.844360800000027e-05,0.6248910987866827,True,very_small,tall,0_8px,8_16px
3280,45,0000335_02549_d_0000056.jpg,4,car,14.999439999999936,19.000304999999983,284.9939348291985,0.00027392727299999857,0.7894315380726756,True,large_small,near_square,8_16px,16_32px
3281,45,0000335_02549_d_0000056.jpg,4,car,20.000159999999937,17.999685000000028,359.99657994959944,0.00034601747399999947,1.1111394449402812,True,large_small,near_square,16_32px,16_32px
3282,45,0000335_02549_d_0000056.jpg,4,car,20.000159999999937,20.000160000000022,400.0064000255992,0.0003844736639999992,0.9999999999999958,True,large_small,near_square,16_32px,16_32px
3283,45,0000335_02549_d_0000056.jpg,10,motor,6.000320000000215,10.999934999999994,66.00312997920233,6.344014800000224e-05,0.5454868596950999,True,small,tall,0_8px,8_16px
3284,45,0000335_02549_d_0000056.jpg,2,people,6.000320000000215,12.999644999999987,78.00202988640272,7.497311600000261e-05,0.4615756814897808,True,small,very_tall,0_8px,8_16px
3285,45,0000335_02549_d_0000056.jpg,4,car,23.0003200000001,24.00034499999998,552.015615110402,0.0005305801760000019,0.9583328906313688,True,large_small,near_square,16_32px,16_32px
3286,45,0000335_02549_d_0000056.jpg,10,motor,6.999919999999975,11.99978999999999,83.99757001679963,8.073584199999964e-05,0.5833368750619786,True,small,tall,0_8px,8_16px
3287,45,0000335_02549_d_0000056.jpg,2,people,6.000319999999988,10.999934999999994,66.00312997919983,6.344014799999983e-05,0.5454868596950793,True,small,tall,0_8px,8_16px
3288,45,0000335_02549_d_0000056.jpg,3,bicycle,9.000480000000039,16.999829999999974,153.00662991840042,0.0001470651960000004,0.5294452944529476,True,small,tall,8_16px,16_32px
3289,45,0000335_02549_d_0000056.jpg,2,people,6.999920000000088,16.999829999999974,118.99745001360132,0.00011437663400000127,0.4117641176411822,True,small,very_tall,0_8px,16_32px
3290,45,0000335_02549_d_0000056.jpg,6,truck,53.00055999999995,72.00026999999994,3816.0546301511936,0.0036678725779999938,0.7361161284534071,False,out_of_range,tall,32_64px,64px_plus
3291,45,0000335_02549_d_0000056.jpg,1,pedestrian,17.0,32.99980499999998,560.9966849999996,0.0005392124999999996,0.5151545592466382,True,large_small,tall,16_32px,32_64px
3292,45,0000335_02549_d_0000056.jpg,4,car,78.00007999999997,52.00010999999995,4056.0127400087945,0.003898512821999995,1.499998365388074,False,out_of_range,wide,64px_plus,32_64px
3293,45,0000335_02549_d_0000056.jpg,10,motor,12.00064000000009,22.999725000000012,276.0114198240022,0.0002652935600000021,0.521773195114293,True,large_small,tall,8_16px,16_32px
3294,45,0000335_02549_d_0000056.jpg,2,people,13.000239999999962,26.00005500000003,338.00695501319944,0.00032488173299999947,0.5000081730596319,True,large_small,tall,8_16px,16_32px
3295,45,0000335_02549_d_0000056.jpg,10,motor,10.000080000000082,22.999725000000012,229.99908997800202,0.00022106794500000195,0.43479128554798274,True,small,very_tall,8_16px,16_32px
3296,45,0000335_02549_d_0000056.jpg,2,people,14.999439999999936,28.999619999999993,434.978060212798,0.0004180873319999981,0.5172288464469513,True,large_small,tall,8_16px,16_32px
3297,45,0000335_02549_d_0000056.jpg,4,car,60.000479999999996,27.999764999999996,1679.9993398871998,0.0016147629179999999,2.1428922707029865,False,out_of_range,very_wide,32_64px,16_32px
3298,45,0000335_02549_d_0000056.jpg,4,car,94.00048000000001,35.000279999999975,3290.043120134398,0.003162286735999998,2.6857065143478875,False,out_of_range,very_wide,64px_plus,32_64px
3299,45,0000335_02549_d_0000056.jpg,8,awning-tricycle,60.00047999999998,38.99970000000002,2340.0007198560006,0.0022491356400000007,1.5384856806590808,False,out_of_range,wide,32_64px,32_64px
3300,45,0000335_02549_d_0000056.jpg,2,people,13.999840000000006,24.00034499999998,336.00098994479987,0.00032295366199999986,0.5833182814663713,True,large_small,tall,8_16px,16_32px
3301,45,0000335_02549_d_0000056.jpg,10,motor,34.999600000000015,21.999869999999987,769.9866500519998,0.0007400871299999999,1.590900309865469,True,large_small,wide,32_64px,16_32px
3302,45,0000335_02549_d_0000056.jpg,2,people,13.999840000000034,25.000200000000007,349.998799968001,0.0003364079200000009,0.5599891200870405,True,large_small,tall,8_16px,16_32px
3303,45,0000335_02549_d_0000056.jpg,10,motor,33.000399999999985,19.000305000000026,627.0176651220006,0.0006026698050000006,1.7368352771179167,True,large_small,wide,32_64px,16_32px
3304,45,0000335_02549_d_0000056.jpg,2,people,14.999440000000021,26.99991,404.9835300504006,0.00038925752600000056,0.5555366666037043,True,large_small,tall,8_16px,16_32px
3305,45,0000335_02549_d_0000056.jpg,10,motor,30.999839999999978,22.999725000000012,712.9877950439999,0.0006853016099999999,1.3478352458561988,True,large_small,wide,16_32px,16_32px
3306,45,0000335_02549_d_0000056.jpg,2,people,14.999440000000021,25.000200000000063,374.9889998880015,0.00036042772000000143,0.5999728002175976,True,large_small,tall,8_16px,16_32px
3307,45,0000335_02549_d_0000056.jpg,2,people,13.999840000000034,25.000200000000063,349.9987999680018,0.0003364079200000017,0.5599891200870393,True,large_small,tall,8_16px,16_32px
3308,45,0000335_02549_d_0000056.jpg,4,car,91.00032,106.99978499999997,9737.014674931197,0.009358914527999997,0.8504719892661469,False,out_of_range,near_square,64px_plus,64px_plus
3309,45,0000335_02549_d_0000056.jpg,7,tricycle,44.00007999999998,49.9996349999999,2199.9879399707947,0.002114559726999995,0.880008024058577,False,out_of_range,near_square,32_64px,32_64px
3310,45,0000335_02549_d_0000056.jpg,2,people,24.999520000000018,36.99998999999991,924.9819900047985,0.0008890638119999985,0.6756628853142954,True,large_small,tall,16_32px,32_64px
3311,46,0000335_05685_d_0000072.jpg,4,car,166.99984000000006,147.99996,24715.969640006406,0.023756218416000004,1.1283776022642173,False,out_of_range,near_square,64px_plus,64px_plus
3312,46,0000335_05685_d_0000072.jpg,4,car,118.00040000000001,73.000125,8614.043950050002,0.008279550125000002,1.616441067737898,False,out_of_range,wide,64px_plus,64px_plus
3313,46,0000335_05685_d_0000072.jpg,4,car,123.99936000000008,103.00036499999999,12771.979339766407,0.012276027816000007,1.2038730154014512,False,out_of_range,near_square,64px_plus,64px_plus
3314,46,0000335_05685_d_0000072.jpg,4,car,115.99983999999995,99.00017999999997,11484.00503997119,0.011038067127999991,1.1717134251675096,False,out_of_range,near_square,64px_plus,64px_plus
3315,46,0000335_05685_d_0000072.jpg,4,car,201.99943999999982,137.00002499999994,27673.928329985964,0.026599315964999964,1.474448198093394,False,out_of_range,wide,64px_plus,64px_plus
3316,46,0000335_05685_d_0000072.jpg,1,pedestrian,30.000240000000076,49.999635,1500.0010499124037,0.0014417541810000036,0.6000091800670161,False,out_of_range,tall,16_32px,32_64px
3317,46,0000335_05685_d_0000072.jpg,4,car,170.99959999999987,69.99979500000006,11969.936945082001,0.011505129705,2.4428585826572737,False,out_of_range,very_wide,64px_plus,64px_plus
3318,46,0000335_05685_d_0000072.jpg,4,car,71.99976,111.99982500000002,8063.960520042,0.007750827105,0.6428560044625068,False,out_of_range,tall,64px_plus,64px_plus
3319,46,0000335_05685_d_0000072.jpg,1,pedestrian,34.00000000000001,59.99971500000002,2039.9903100000013,0.0019607750000000014,0.5666693583461188,False,out_of_range,tall,32_64px,32_64px
3320,46,0000335_05685_d_0000072.jpg,4,car,85.99959999999996,80.99973,6965.944380107997,0.006695448269999997,1.0617269958801092,False,out_of_range,near_square,64px_plus,64px_plus
3321,46,0000335_05685_d_0000072.jpg,4,car,81.00024000000002,73.00012499999997,5913.027645029999,0.005683417574999999,1.109590428783513,False,out_of_range,near_square,64px_plus,64px_plus
3322,46,0000335_05685_d_0000072.jpg,4,car,106.99935999999991,59.999714999999995,6419.931105182394,0.006170637355999995,1.7833311374895684,False,out_of_range,wide,64px_plus,32_64px
3323,46,0000335_05685_d_0000072.jpg,2,people,20.999760000000038,49.99963500000001,1049.980335087602,0.001009208319000002,0.41999826598734236,False,out_of_range,very_tall,16_32px,32_64px
3324,46,0000335_05685_d_0000072.jpg,2,people,13.999840000000063,32.999805,461.9919900312021,0.000444052278000002,0.42424008263079316,True,large_small,very_tall,8_16px,32_64px
3325,46,0000335_05685_d_0000072.jpg,3,bicycle,47.99983999999995,37.99984499999999,1823.9864800247979,0.001753158861999998,1.2631588365689375,False,out_of_range,near_square,32_64px,32_64px
3326,47,0000356_01961_d_0000639.jpg,4,car,36.00055999999984,25.000200000000007,900.0212001119961,0.0008650722799999962,1.4400108799129538,True,large_small,wide,32_64px,16_32px
3327,47,0000356_01961_d_0000639.jpg,4,car,54.00015999999994,27.999764999999996,1511.9917899623981,0.0014532793059999982,1.92859332926544,False,out_of_range,wide,32_64px,16_32px
3328,47,0000356_01961_d_0000639.jpg,4,car,78.00007999999991,27.999764999999996,2183.983909981197,0.002099177152999997,2.7857405231793884,False,out_of_range,very_wide,64px_plus,16_32px
3329,47,0000356_01961_d_0000639.jpg,3,bicycle,23.000319999999988,28.999619999999993,667.0005398783995,0.0006411000959999995,0.7931248754294019,True,large_small,near_square,16_32px,16_32px
3330,47,0000356_01961_d_0000639.jpg,3,bicycle,27.000079999999798,14.000265000000013,378.0082750211975,0.0003633297529999976,1.928540638337901,True,large_small,wide,16_32px,8_16px
3331,47,0000356_01961_d_0000639.jpg,4,car,37.00015999999994,27.999764999999996,1035.9957849623981,0.0009957668059999982,1.32144537641655,False,out_of_range,near_square,32_64px,16_32px
3332,47,0000356_01961_d_0000639.jpg,4,car,34.0,26.000055000000003,884.00187,0.000849675,1.30768954142597,True,large_small,near_square,32_64px,16_32px
3333,47,0000356_01961_d_0000639.jpg,4,car,41.99951999999996,24.00034499999998,1008.0029698343983,0.0009688609859999983,1.7499548443991115,True,large_small,wide,32_64px,16_32px
3334,47,0000356_01961_d_0000639.jpg,4,car,27.999680000000126,25.000199999999978,699.9975999360025,0.0006728158400000024,1.1199782401740845,True,large_small,near_square,16_32px,16_32px
3335,47,0000356_01961_d_0000639.jpg,4,car,29.000639999999862,21.00001499999999,609.0138750095969,0.000585365123999997,1.3809818707272292,True,large_small,wide,16_32px,16_32px
3336,47,0000356_01961_d_0000639.jpg,4,car,26.00048000000004,19.00030500000001,494.01705014640106,0.00047483376600000103,1.3684243489775572,True,large_small,wide,16_32px,16_32px
3337,47,0000356_01961_d_0000639.jpg,4,car,23.999919999999975,22.999725000000012,551.9915600219997,0.0005305570549999997,1.0434872590867919,True,large_small,near_square,16_32px,16_32px
3338,47,0000356_01961_d_0000639.jpg,4,car,37.99976000000004,17.999685000000014,683.9837100756012,0.0006574237890000012,2.1111347226354242,True,large_small,very_wide,32_64px,16_32px
3339,47,0000356_01961_d_0000639.jpg,4,car,40.0003200000001,15.999974999999992,640.0041199920013,0.0006151519800000013,2.5000239062873613,True,large_small,very_wide,32_64px,8_16px
3340,47,0000356_01961_d_0000639.jpg,4,car,37.00015999999994,15.000119999999988,555.0068400191986,0.0005334552479999987,2.4666576000725304,True,large_small,very_wide,32_64px,8_16px
3341,47,0000356_01961_d_0000639.jpg,6,truck,43.00048000000004,22.999724999999994,988.9992148680006,0.0009505951700000007,1.869608440970492,True,large_small,wide,32_64px,16_32px
3342,47,0000356_01961_d_0000639.jpg,2,people,10.000080000000025,17.999685,179.99828997480046,0.00017300873700000044,0.5555697224701447,True,small,tall,8_16px,16_32px
3343,47,0000356_01961_d_0000639.jpg,2,people,9.000480000000039,19.000304999999997,171.0118651464007,0.0001643712660000007,0.47370186952262294,True,small,very_tall,8_16px,16_32px
3344,47,0000356_01961_d_0000639.jpg,3,bicycle,17.9996000000001,19.000304999999997,341.99788987800184,0.0003287176950000018,0.9473321612468907,True,large_small,near_square,16_32px,16_32px
3345,47,0000356_01961_d_0000639.jpg,3,bicycle,23.999919999999975,14.000265000000013,336.0052399788,0.00032295774699999996,1.714247551742767,True,large_small,wide,16_32px,8_16px
3346,47,0000356_01961_d_0000639.jpg,1,pedestrian,7.999519999999961,21.99987,175.98840006239917,0.0001691545559999992,0.36361669409864517,True,small,very_tall,0_8px,16_32px
3347,47,0000356_01961_d_0000639.jpg,1,pedestrian,9.000480000000039,26.99991,243.01214995680104,0.000233575692000001,0.33335222228518685,True,small,very_tall,8_16px,16_32px
3348,47,0000356_01961_d_0000639.jpg,1,pedestrian,10.000079999999912,26.000054999999975,260.0026300043975,0.0002499064109999976,0.3846176479242033,True,large_small,very_tall,8_16px,16_32px
3349,47,0000356_01961_d_0000639.jpg,1,pedestrian,9.000480000000039,22.999724999999998,207.00856486800086,0.00019897017000000084,0.3913298963357188,True,small,very_tall,8_16px,16_32px
3350,47,0000356_01961_d_0000639.jpg,1,pedestrian,6.999919999999975,21.00001499999999,146.9984249987994,0.00014129029699999943,0.3333292857171758,True,small,very_tall,0_8px,16_32px
3351,47,0000356_01961_d_0000639.jpg,1,pedestrian,7.999519999999961,24.000344999999996,191.99123983439904,0.00018453598599999906,0.3333085420230402,True,small,very_tall,0_8px,16_32px
3352,47,0000356_01961_d_0000639.jpg,1,pedestrian,6.999919999999975,24.00034499999998,168.00049497239925,0.00016147683099999928,0.29165914073318444,True,small,very_tall,0_8px,16_32px
3353,47,0000356_01961_d_0000639.jpg,1,pedestrian,7.999519999999961,22.999725000000012,183.9867601319992,0.00017684232999999925,0.3478093759816675,True,small,very_tall,0_8px,16_32px
3354,47,0000356_01961_d_0000639.jpg,1,pedestrian,7.999519999999848,20.000159999999994,159.9916799231969,0.000153779007999997,0.39997280021759074,True,small,very_tall,0_8px,16_32px
3355,47,0000356_01961_d_0000639.jpg,1,pedestrian,10.000079999999912,30.00024000000002,300.00480001919755,0.00028835524799999767,0.33333333333333015,True,large_small,very_tall,8_16px,16_32px
3356,47,0000356_01961_d_0000639.jpg,1,pedestrian,9.000480000000039,22.999724999999984,207.00856486800075,0.00019897017000000073,0.391329896335719,True,small,very_tall,8_16px,16_32px
3357,47,0000356_01961_d_0000639.jpg,1,pedestrian,10.000079999999912,26.000054999999975,260.0026300043975,0.0002499064109999976,0.3846176479242033,True,large_small,very_tall,8_16px,16_32px
3358,47,0000356_01961_d_0000639.jpg,1,pedestrian,10.999680000000126,25.000200000000007,274.9941999360032,0.0002643158400000031,0.4399836801305639,True,large_small,very_tall,8_16px,16_32px
3359,47,0000356_01961_d_0000639.jpg,1,pedestrian,10.000079999999912,28.99962000000002,289.9985199695977,0.0002787375239999978,0.3448348633533786,True,large_small,very_tall,8_16px,16_32px
3360,47,0000356_01961_d_0000639.jpg,1,pedestrian,10.000079999999912,32.99980499999998,330.0006899843969,0.000317186360999997,0.3030345179312398,True,large_small,very_tall,8_16px,32_64px
3361,47,0000356_01961_d_0000639.jpg,1,pedestrian,7.999519999999961,25.000199999999978,199.98959990399885,0.0001922237599999989,0.31997824017407733,True,small,very_tall,0_8px,16_32px
3362,47,0000356_01961_d_0000639.jpg,1,pedestrian,10.000079999999912,21.99987,220.00045998959808,0.00021145757399999816,0.45455177689685944,True,small,very_tall,8_16px,16_32px
3363,47,0000356_01961_d_0000639.jpg,1,pedestrian,7.999519999999961,24.00034499999998,191.99123983439893,0.00018453598599999895,0.3333085420230404,True,small,very_tall,0_8px,16_32px
3364,47,0000356_01961_d_0000639.jpg,1,pedestrian,6.999919999999975,25.000199999999978,174.9993999839992,0.00016820395999999924,0.27999456004351886,True,small,very_tall,0_8px,16_32px
3365,47,0000356_01961_d_0000639.jpg,10,motor,20.999760000000038,16.99983000000003,356.9923500408013,0.00034312990200000123,1.2352923529235291,True,large_small,near_square,16_32px,16_32px
3366,47,0000356_01961_d_0000639.jpg,10,motor,10.000079999999912,17.999685000000028,179.9982899747987,0.00017300873699999876,0.5555697224701375,True,small,tall,8_16px,16_32px
3367,47,0000356_01961_d_0000639.jpg,10,motor,16.999999999999886,15.00012000000001,255.00203999999846,0.00024509999999999853,1.1333242667391912,True,small,near_square,16_32px,8_16px
3368,47,0000356_01961_d_0000639.jpg,10,motor,16.000400000000013,11.999789999999962,192.00143991599955,0.00018454578999999957,1.3333900009916895,True,small,wide,16_32px,8_16px
3369,47,0000356_01961_d_0000639.jpg,10,motor,20.999760000000038,11.99978999999999,251.99271005040023,0.00024220752600000024,1.7500106251859453,True,small,wide,16_32px,8_16px
3370,47,0000356_01961_d_0000639.jpg,10,motor,6.999919999999975,20.000160000000022,139.99951998719965,0.00013456316799999966,0.3499932000543979,True,small,very_tall,0_8px,16_32px
3371,47,0000356_01961_d_0000639.jpg,3,bicycle,7.999519999999961,17.999685000000028,143.98884015119953,0.00013839757799999954,0.4444255552249914,True,small,very_tall,0_8px,16_32px
3372,47,0000356_01961_d_0000639.jpg,2,people,9.000480000000152,20.000160000000022,180.01104007680325,0.00017302099200000313,0.4500203998368084,True,small,very_tall,8_16px,16_32px
3373,47,0000356_01961_d_0000639.jpg,10,motor,9.000479999999925,19.000304999999997,171.01186514639855,0.0001643712659999986,0.47370186952261695,True,small,very_tall,8_16px,16_32px
3374,47,0000356_01961_d_0000639.jpg,10,motor,10.000079999999912,20.000159999999994,200.00320001279817,0.00019223683199999825,0.4999999999999957,True,small,very_tall,8_16px,16_32px
3375,47,0000356_01961_d_0000639.jpg,10,motor,14.999439999999936,17.999685,269.98519517639886,0.0002595013409999989,0.8333168052663108,True,large_small,near_square,8_16px,16_32px
3376,47,0000356_01961_d_0000639.jpg,10,motor,12.000639999999862,20.000159999999994,240.01472010239718,0.00023069465599999728,0.600027199782395,True,small,tall,8_16px,16_32px
3377,47,0000356_01961_d_0000639.jpg,10,motor,10.000079999999912,21.00001500000002,210.00183000119833,0.00020184720299999838,0.4761939455757485,True,small,very_tall,8_16px,16_32px
3378,47,0000356_01961_d_0000639.jpg,10,motor,7.999519999999848,21.00001499999999,167.99003999279674,0.00016146678199999688,0.38092925171719405,True,small,very_tall,0_8px,16_32px
3379,47,0000356_01961_d_0000639.jpg,10,motor,7.999519999999848,24.00034499999998,191.9912398343962,0.00018453598599999635,0.33330854202303567,True,small,very_tall,0_8px,16_32px
3380,47,0000356_01961_d_0000639.jpg,10,motor,27.999680000000126,19.000305000000026,532.0024599024031,0.0005113441560000029,1.473643712561461,True,large_small,wide,16_32px,16_32px
3381,47,0000356_01961_d_0000639.jpg,10,motor,20.999759999999924,16.999830000000003,356.9923500407988,0.00034312990199999885,1.2352923529235245,True,large_small,near_square,16_32px,16_32px
3382,47,0000356_01961_d_0000639.jpg,7,tricycle,65.99944000000005,26.000055000000003,1715.9890699692014,0.0016493551230000014,2.5384346302344376,False,out_of_range,very_wide,64px_plus,16_32px
3383,47,0000356_01961_d_0000639.jpg,10,motor,16.999999999999773,17.999685000000028,305.9946449999964,0.00029411249999999656,0.9444609725114493,True,large_small,near_square,16_32px,16_32px
3384,47,0000356_01961_d_0000639.jpg,10,motor,20.999759999999924,15.00012000000001,314.9989199711991,0.0003027671279999991,1.3999728002175922,True,large_small,wide,16_32px,8_16px
3385,47,0000356_01961_d_0000639.jpg,10,motor,21.999360000000024,15.00012000000001,329.99303992320057,0.00031717900800000057,1.4666122671018638,True,large_small,wide,16_32px,8_16px
3386,47,0000356_01961_d_0000639.jpg,4,car,58.999520000000075,22.999725000000012,1356.9727351320025,0.0013042798300000025,2.5652271929338304,False,out_of_range,very_wide,32_64px,16_32px
3387,47,0000356_01961_d_0000639.jpg,2,people,17.9996000000001,26.00005500000003,467.9905899780032,0.0004498179450000031,0.6922908432309116,True,large_small,tall,16_32px,16_32px
3388,47,0000356_01961_d_0000639.jpg,2,people,9.000480000000152,17.999685000000028,162.005804848803,0.00015571492200000287,0.5000354172864768,True,small,tall,8_16px,16_32px
3389,47,0000356_01961_d_0000639.jpg,3,bicycle,20.99976000000015,15.000119999999981,314.9989199712019,0.0003027671280000018,1.3999728002176102,True,large_small,wide,16_32px,8_16px
3390,47,0000356_01961_d_0000639.jpg,10,motor,29.000639999999976,19.000305000000026,551.0210051952002,0.0005296241880000002,1.5263249721517596,True,large_small,wide,16_32px,16_32px
3391,47,0000356_01961_d_0000639.jpg,7,tricycle,43.000479999999925,20.000160000000022,860.0164800767994,0.0008266209919999994,2.150006799945594,True,large_small,very_wide,32_64px,16_32px
3392,47,0000356_01961_d_0000639.jpg,4,car,55.99936000000025,33.99966000000006,1903.959200217612,0.0018300261440000116,1.64705647056471,False,out_of_range,wide,32_64px,32_64px
3393,47,0000356_01961_d_0000639.jpg,4,car,81.00023999999985,31.99995000000004,2592.0036299879985,0.0024913529699999984,2.5312614550960157,False,out_of_range,very_wide,64px_plus,16_32px
3394,47,0000356_01961_d_0000639.jpg,4,car,71.99975999999992,33.99966000000006,2447.967360081602,0.002352909804000002,2.11766117661176,False,out_of_range,very_wide,64px_plus,32_64px
3395,47,0000356_01961_d_0000639.jpg,4,car,81.99983999999995,36.999990000000025,3033.9932600016,0.002916179604,2.2162124908682377,False,out_of_range,very_wide,64px_plus,32_64px
3396,47,0000356_01961_d_0000639.jpg,4,car,81.00023999999985,32.99980499999995,2672.9921249531913,0.0025691965829999918,2.4545672315336398,False,out_of_range,very_wide,64px_plus,32_64px
3397,47,0000356_01961_d_0000639.jpg,4,car,71.99975999999992,37.99984499999999,2735.979720037197,0.002629738292999997,1.8947382548534062,False,out_of_range,wide,64px_plus,32_64px
3398,47,0000356_01961_d_0000639.jpg,4,car,98.00024000000008,38.99970000000002,3821.979959928005,0.003673567820000005,2.512845996251254,False,out_of_range,very_wide,64px_plus,32_64px
3399,47,0000356_01961_d_0000639.jpg,4,car,67.00039999999979,49.999634999999955,3349.9955448539863,0.0032199111349999867,1.3400177821298065,False,out_of_range,wide,64px_plus,32_64px
3400,47,0000356_01961_d_0000639.jpg,4,car,47.99984000000006,72.00027,3456.0014399568045,0.0033218006920000044,0.6666619444621535,False,out_of_range,tall,32_64px,64px_plus
3401,47,0000356_01961_d_0000639.jpg,2,people,13.000240000000076,30.000240000000076,390.0103200576033,0.00037486574400000315,0.43333786663040175,True,large_small,very_tall,8_16px,16_32px
3402,47,0000356_01961_d_0000639.jpg,2,people,12.000639999999976,30.00024000000002,360.0220801535995,0.00034604198399999954,0.4000181331882668,True,large_small,very_tall,8_16px,16_32px
3403,47,0000356_01961_d_0000639.jpg,10,motor,23.999919999999975,28.999619999999936,695.9885600303977,0.0006689624759999978,0.8275942926148697,True,large_small,near_square,16_32px,16_32px
3404,47,0000356_01961_d_0000639.jpg,10,motor,21.999360000000024,20.00016000000005,439.9907198976016,0.00042290534400000156,1.0999592003263958,True,large_small,near_square,16_32px,16_32px
3405,47,0000356_01961_d_0000639.jpg,2,people,24.999519999999848,42.00003000000004,1049.9805899855946,0.0010092085639999949,0.5952262415050614,False,out_of_range,tall,16_32px,32_64px
3406,47,0000356_01961_d_0000639.jpg,10,motor,44.99968000000001,27.999765000000025,1259.9804650752014,0.0012110538880000014,1.6071449171091248,False,out_of_range,wide,32_64px,16_32px
3407,47,0000356_01961_d_0000639.jpg,5,van,142.00031999999987,101.99974499999996,14483.996429918381,0.013921565195999982,1.3921634804087004,False,out_of_range,wide,64px_plus,64px_plus
3408,47,0000356_01961_d_0000639.jpg,4,car,176.99991999999997,99.00018000000011,17523.02393998562,0.016842583564000018,1.787874729116652,False,out_of_range,wide,64px_plus,64px_plus
3409,47,0000356_01961_d_0000639.jpg,2,people,9.000479999999982,19.00030499999997,171.01186514639937,0.0001643712659999994,0.47370186952262067,True,small,very_tall,8_16px,16_32px
3410,47,0000356_01961_d_0000639.jpg,2,people,13.999840000000006,26.99991000000003,377.99442001440053,0.0003633164360000005,0.5185143209736622,True,large_small,tall,8_16px,16_32px
3411,47,0000356_01961_d_0000639.jpg,3,bicycle,34.999600000000044,21.00001500000002,734.9921249940015,0.0007064514850000015,1.6666464285858849,True,large_small,wide,32_64px,16_32px
3412,47,0000356_01961_d_0000639.jpg,1,pedestrian,14.999440000000021,31.000094999999988,464.98406494680046,0.00044692816700000044,0.4838514204553253,True,large_small,very_tall,8_16px,16_32px
3413,47,0000356_01961_d_0000639.jpg,1,pedestrian,12.000640000000004,31.000095000000044,372.02098006080064,0.00035757495200000063,0.38711623303089837,True,large_small,very_tall,8_16px,16_32px
3414,47,0000356_01961_d_0000639.jpg,5,van,34.00000000000003,42.99988499999998,1461.9960900000005,0.0014052250000000006,0.7906997890808324,False,out_of_range,near_square,32_64px,32_64px
3415,47,0000356_01961_d_0000639.jpg,6,truck,36.000560000000036,58.00000499999997,2088.032660002801,0.002006951807000001,0.6206992568362719,False,out_of_range,tall,32_64px,32_64px
3416,47,0000356_01961_d_0000639.jpg,5,van,27.999680000000012,31.99995,895.9883600160003,0.0008611960400000003,0.8749913671740116,True,large_small,near_square,16_32px,16_32px
3417,47,0000356_01961_d_0000639.jpg,8,awning-tricycle,36.00056000000001,42.999885000000006,1548.0199399356006,0.0014879084390000007,0.8372245646703474,False,out_of_range,near_square,32_64px,32_64px
3418,47,0000356_01961_d_0000639.jpg,8,awning-tricycle,20.000159999999994,36.999990000000025,740.0057199984003,0.0007112703960000003,0.5405450109581106,True,large_small,tall,16_32px,32_64px
3419,47,0000356_01961_d_0000639.jpg,4,car,34.00000000000006,26.99991,917.9969400000015,0.0008823500000000014,1.2592634568041174,True,large_small,near_square,32_64px,16_32px
3420,47,0000356_01961_d_0000639.jpg,4,car,37.00015999999994,33.999660000000034,1257.992859945599,0.0012091434639999992,1.0882508825088222,False,out_of_range,near_square,32_64px,32_64px
3421,47,0000356_01961_d_0000639.jpg,8,awning-tricycle,14.999439999999936,15.999975,239.99066501399895,0.000230671534999999,0.9374664647913473,True,small,near_square,8_16px,8_16px
3422,47,0000356_01961_d_0000639.jpg,4,car,21.999359999999967,19.000304999999997,417.9945498047993,0.0004017633119999993,1.1578424662130409,True,large_small,near_square,16_32px,16_32px
3423,47,0000356_01961_d_0000639.jpg,4,car,13.999840000000006,12.999645000000001,181.99295005680008,0.00017492594200000007,1.0769401779817838,True,small,near_square,8_16px,8_16px
3424,47,0000356_01961_d_0000639.jpg,4,car,19.000560000000007,11.999789999999997,228.00272988240005,0.00021914910600000004,1.5834077096349195,True,small,wide,16_32px,8_16px
3425,47,0000356_01961_d_0000639.jpg,4,car,27.000080000000025,22.999724999999998,620.9944149780006,0.0005968804450000005,1.173930557865367,True,large_small,near_square,16_32px,16_32px
3426,47,0000356_01961_d_0000639.jpg,1,pedestrian,15.999720000000002,35.00028000000003,559.9946799216006,0.0005382494040000005,0.45713120009325603,True,large_small,very_tall,8_16px,32_64px
3427,47,0000356_01961_d_0000639.jpg,1,pedestrian,17.9996,37.99984499999999,683.982010062,0.000657422155,0.473675616308435,True,large_small,very_tall,16_32px,32_64px
3428,47,0000356_01961_d_0000639.jpg,4,car,140.99936,51.00025500000004,7191.003314836805,0.006911767892000004,2.7646795099357817,False,out_of_range,very_wide,64px_plus,32_64px
3429,47,0000356_01961_d_0000639.jpg,1,pedestrian,27.00007999999997,63.999900000000025,1728.0024199919987,0.001660901979999999,0.42187690918266996,False,out_of_range,very_tall,16_32px,32_64px
3430,47,0000356_01961_d_0000639.jpg,4,car,111.9994,84.99991499999999,9519.939480050998,0.009150268627499998,1.3176413176413178,False,out_of_range,near_square,64px_plus,64px_plus
3431,47,0000356_01961_d_0000639.jpg,5,van,60.00048000000015,26.000055000000003,1560.0157800264042,0.001499438466000004,2.3077058875452434,False,out_of_range,very_wide,32_64px,16_32px
3432,47,0000356_01961_d_0000639.jpg,8,awning-tricycle,40.999919999999975,26.000054999999975,1066.0001749955984,0.0010246060889999985,1.5769166642147494,False,out_of_range,wide,32_64px,16_32px
3433,47,0000356_01961_d_0000639.jpg,8,awning-tricycle,33.00040000000013,25.000199999999978,825.0166000800025,0.0007929802000000024,1.3200054399564867,True,large_small,near_square,32_64px,16_32px
3434,47,0000356_01961_d_0000639.jpg,1,pedestrian,12.000639999999748,22.999725000000012,276.01141982399434,0.00026529355999999456,0.5217731951142782,True,large_small,tall,8_16px,16_32px
3435,47,0000356_01961_d_0000639.jpg,2,people,13.999839999999992,20.000160000000008,279.9990399744,0.00026912633599999997,0.6999864001087984,True,large_small,tall,8_16px,16_32px
3436,47,0000356_01961_d_0000639.jpg,9,bus,154.99988,99.00018,15345.016019978399,0.014749150345999999,1.5656525068944318,False,out_of_range,wide,64px_plus,64px_plus
3437,48,0000356_02157_d_0000640.jpg,4,car,64.99984000000006,98.00032499999992,6370.005444948001,0.0061226503700000014,0.6632614738777663,False,out_of_range,tall,64px_plus,64px_plus
3438,48,0000356_02157_d_0000640.jpg,4,car,149.99984000000006,96.99970500000006,14549.940230047216,0.013984948318000016,1.5463948060460593,False,out_of_range,wide,64px_plus,64px_plus
3439,48,0000356_02157_d_0000640.jpg,4,car,129.99968,48.99977999999999,6369.9557200703985,0.006122602575999998,2.653066605605169,False,out_of_range,very_wide,64px_plus,32_64px
3440,48,0000356_02157_d_0000640.jpg,4,car,102.99959999999999,47.000069999999994,4840.988409971998,0.004653006929999998,2.1914775871610406,False,out_of_range,very_wide,64px_plus,32_64px
3441,48,0000356_02157_d_0000640.jpg,4,car,111.00047999999998,54.999675000000025,6104.990324844001,0.005867926110000001,2.0182024711964193,False,out_of_range,very_wide,64px_plus,32_64px
3442,48,0000356_02157_d_0000640.jpg,4,car,146.99968,74.99983500000002,11024.951745052804,0.010596839432000004,1.9600000453334327,False,out_of_range,wide,64px_plus,64px_plus
3443,48,0000356_02157_d_0000640.jpg,4,car,71.99976000000001,47.000069999999994,3383.9937599832,0.003252589158,1.5319075056696727,False,out_of_range,wide,64px_plus,32_64px
3444,48,0000356_02157_d_0000640.jpg,4,car,48.99943999999999,40.000320000000016,1959.9932798208006,0.0018838843520000005,1.2249762001903979,False,out_of_range,near_square,32_64px,32_64px
3445,48,0000356_02157_d_0000640.jpg,4,car,33.999999999999986,35.000280000000004,1190.0095199999996,0.0011437999999999997,0.9714208000621705,False,out_of_range,near_square,32_64px,32_64px
3446,48,0000356_02157_d_0000640.jpg,4,car,47.000240000000076,62.00018999999992,2914.023810045601,0.002800868714000001,0.7580660639910964,False,out_of_range,near_square,32_64px,32_64px
3447,48,0000356_02157_d_0000640.jpg,4,car,54.999759999999924,35.000280000000004,1925.0069999327975,0.0018502566319999977,1.5714091430125678,False,out_of_range,wide,32_64px,32_64px
3448,48,0000356_02157_d_0000640.jpg,4,car,68.0,35.000280000000004,2380.01904,0.0022876000000000003,1.9428416001243416,False,out_of_range,wide,64px_plus,32_64px
3449,48,0000356_02157_d_0000640.jpg,4,car,77.00048000000004,31.000094999999988,2387.0221950456003,0.002294331214,2.4838788397261387,False,out_of_range,very_wide,64px_plus,16_32px
3450,48,0000356_02157_d_0000640.jpg,7,tricycle,31.999440000000003,30.00024000000002,959.9908798656007,0.0009227132640000007,1.0666394668842643,True,large_small,near_square,16_32px,16_32px
3451,48,0000356_02157_d_0000640.jpg,4,car,30.999839999999992,21.000015000000005,650.9971049976,0.000625718094,1.476181802727283,True,large_small,wide,16_32px,16_32px
3452,48,0000356_02157_d_0000640.jpg,4,car,38.99935999999997,21.999870000000016,857.9808500831999,0.0008246644079999999,1.772708656914788,True,large_small,wide,32_64px,16_32px
3453,48,0000356_02157_d_0000640.jpg,4,car,30.00024000000002,22.999725000000012,689.9972699340008,0.0006632038350000007,1.3043738566439382,True,large_small,near_square,16_32px,16_32px
3454,48,0000356_02157_d_0000640.jpg,4,car,37.00015999999988,27.999764999999996,1035.9957849623966,0.0009957668059999967,1.321445376416548,False,out_of_range,near_square,32_64px,16_32px
3455,48,0000356_02157_d_0000640.jpg,4,car,61.000080000000025,26.99991,1646.9966699928007,0.0015830417820000007,2.2592697531214,False,out_of_range,very_wide,32_64px,16_32px
3456,48,0000356_02157_d_0000640.jpg,4,car,38.99936000000008,26.00005500000003,1013.9855049648033,0.0009746112120000032,1.499972211597246,True,large_small,wide,32_64px,16_32px
3457,48,0000356_02157_d_0000640.jpg,4,car,30.99983999999995,16.999830000000003,526.9920100271992,0.0005065282679999992,1.8235382353823506,True,large_small,wide,16_32px,16_32px
3458,48,0000356_02157_d_0000640.jpg,4,car,31.999439999999993,20.000159999999994,639.9939199103997,0.0006151421759999997,1.5999592003263976,True,large_small,wide,16_32px,16_32px
3459,48,0000356_02157_d_0000640.jpg,4,car,44.00007999999997,15.00012000000001,660.0064800096,0.000634377624,2.9333152001450613,True,large_small,very_wide,32_64px,8_16px
3460,48,0000356_02157_d_0000640.jpg,4,car,43.00047999999998,15.000119999999988,645.0123600575993,0.0006199657439999993,2.8666757332608017,True,large_small,very_wide,32_64px,8_16px
3461,48,0000356_02157_d_0000640.jpg,6,truck,60.00048000000004,24.00034499999999,1440.0322201656002,0.0013841140140000003,2.499984062729101,False,out_of_range,very_wide,32_64px,16_32px
3462,48,0000356_02157_d_0000640.jpg,2,people,20.000159999999994,31.999950000000013,640.004119992,0.0006151519800000001,0.625005976571838,True,large_small,tall,16_32px,16_32px
3463,48,0000356_02157_d_0000640.jpg,3,bicycle,37.00016000000005,21.00001500000002,777.0039150024018,0.0007468319060000017,1.7619111224444373,True,large_small,wide,32_64px,16_32px
3464,48,0000356_02157_d_0000640.jpg,4,car,71.00015999999994,26.99991,1916.9979299855984,0.0018425585639999984,2.6296443210366234,False,out_of_range,very_wide,64px_plus,16_32px
3465,48,0000356_02157_d_0000640.jpg,1,pedestrian,10.999680000000126,27.999764999999996,307.9884550752035,0.00029602888800000333,0.3928490114113503,True,large_small,very_tall,8_16px,16_32px
3466,48,0000356_02157_d_0000640.jpg,4,car,55.99936000000014,28.999619999999993,1623.9601602432035,0.0015608998080000034,1.9310377170459527,False,out_of_range,wide,32_64px,16_32px
3467,48,0000356_02157_d_0000640.jpg,4,car,47.00023999999996,25.000200000000007,1175.0154000479993,0.0011293881199999994,1.8799945600435177,False,out_of_range,wide,32_64px,16_32px
3468,48,0000356_02157_d_0000640.jpg,2,people,10.000080000000025,17.999685,179.99828997480046,0.00017300873700000044,0.5555697224701447,True,small,tall,8_16px,16_32px
3469,48,0000356_02157_d_0000640.jpg,10,motor,20.00016000000005,16.99983000000003,339.9993199728015,0.00032679673200000143,1.17649176491765,True,large_small,near_square,16_32px,16_32px
3470,48,0000356_02157_d_0000640.jpg,4,car,54.999759999999924,27.999764999999996,1539.9803550563977,0.0014801810409999978,1.9642936288929542,False,out_of_range,wide,32_64px,16_32px
3471,48,0000356_02157_d_0000640.jpg,4,car,85.99959999999987,43.999739999999974,3783.960040103992,0.0036370242599999924,1.9545479132376673,False,out_of_range,wide,64px_plus,32_64px
3472,48,0000356_02157_d_0000640.jpg,4,car,40.999919999999975,35.00028000000003,1435.0086799776004,0.0013792855440000005,1.1714169143789688,False,out_of_range,near_square,32_64px,32_64px
3473,48,0000356_02157_d_0000640.jpg,2,people,17.9996000000001,30.000239999999962,539.9923199040023,0.0005190237600000022,0.5999818668117363,True,large_small,tall,16_32px,16_32px
3474,48,0000356_02157_d_0000640.jpg,2,people,29.000639999999976,36.99998999999991,1073.0233899935965,0.0010313565839999966,0.7838012929192696,False,out_of_range,near_square,16_32px,32_64px
3475,48,0000356_02157_d_0000640.jpg,10,motor,54.00016000000005,47.99992499999996,2592.0036299880003,0.00249135297,1.12500509115379,False,out_of_range,near_square,32_64px,32_64px
3476,48,0000356_02157_d_0000640.jpg,2,people,24.999519999999848,33.999660000000006,849.975180163195,0.0008169696079999951,0.7352873528735241,True,large_small,tall,16_32px,32_64px
3477,48,0000356_02157_d_0000640.jpg,10,motor,23.0003200000001,42.00002999999998,966.0141300096038,0.0009285026240000037,0.547626275505044,True,large_small,tall,16_32px,32_64px
3478,48,0000356_02157_d_0000640.jpg,4,car,35.99987999999985,62.000189999999975,2231.9993999771896,0.00214532814299999,0.5806414464213716,False,out_of_range,tall,32_64px,32_64px
3479,48,0000356_02157_d_0000640.jpg,1,pedestrian,13.000240000000304,35.000279999999975,455.0120400672103,0.0004373433680000099,0.37143245711178063,True,large_small,very_tall,8_16px,32_64px
3480,48,0000356_02157_d_0000640.jpg,1,pedestrian,14.99944000000005,36.99998999999997,554.9791300056014,0.0005334286140000013,0.40539037983523946,True,large_small,very_tall,8_16px,32_64px
3481,48,0000356_02157_d_0000640.jpg,1,pedestrian,17.9996000000001,38.99970000000002,701.9790001200042,0.0006747203000000041,0.4615317553724796,True,large_small,very_tall,16_32px,32_64px
3482,48,0000356_02157_d_0000640.jpg,10,motor,26.000479999999925,31.999950000000013,832.014059975998,0.000799705939999998,0.8125162695566686,True,large_small,near_square,16_32px,16_32px
3483,48,0000356_02157_d_0000640.jpg,2,people,12.000639999999976,41.00017500000001,492.02834011199917,0.00047292227999999923,0.29269728726767563,True,large_small,very_tall,8_16px,32_64px
3484,48,0000356_02157_d_0000640.jpg,2,people,16.999999999999773,35.000279999999975,595.0047599999916,0.000571899999999992,0.4857104000310793,True,large_small,very_tall,16_32px,32_64px
3485,48,0000356_02157_d_0000640.jpg,10,motor,37.00016000000005,22.999725000000012,850.9935049560016,0.0008179483900000016,1.6087218434133466,True,large_small,wide,32_64px,16_32px
3486,48,0000356_02157_d_0000640.jpg,1,pedestrian,10.000079999999798,35.000279999999975,350.0056000223927,0.00033641445599999297,0.28571428571428015,True,large_small,very_tall,8_16px,32_64px
3487,48,0000356_02157_d_0000640.jpg,1,pedestrian,12.000639999999976,32.99980500000004,396.01877987519964,0.00038064088799999966,0.3636579064633855,True,large_small,very_tall,8_16px,32_64px
3488,48,0000356_02157_d_0000640.jpg,1,pedestrian,12.000639999999976,36.99998999999997,444.0235599935987,0.0004267815839999988,0.32434170928154266,True,large_small,very_tall,8_16px,32_64px
3489,48,0000356_02157_d_0000640.jpg,2,people,20.99976000000015,31.000095000000044,650.9945549772057,0.0006257156430000054,0.6774095369707777,True,large_small,tall,16_32px,16_32px
3490,48,0000356_02157_d_0000640.jpg,10,motor,17.9996000000001,26.000054999999975,467.99058997800216,0.00044981794500000206,0.6922908432309131,True,large_small,tall,16_32px,16_32px
3491,49,0000356_03529_d_0000647.jpg,4,car,71.99975999999992,84.00006000000008,6047.984159985599,0.005813133563999999,0.8571393877575785,False,out_of_range,near_square,64px_plus,64px_plus
3492,49,0000356_03529_d_0000647.jpg,4,car,108.99991999999997,88.00024499999995,9592.019664980393,0.009219549850999993,1.2386320060813472,False,out_of_range,near_square,64px_plus,64px_plus
3493,49,0000356_03529_d_0000647.jpg,2,people,19.000559999999837,30.000239999999962,570.0213601343944,0.0005478867359999946,0.6333469332245295,True,large_small,tall,16_32px,16_32px
3494,49,0000356_03529_d_0000647.jpg,8,awning-tricycle,41.99952000000019,51.000255000000095,2141.986229877614,0.0020588102940000135,0.82351588242059,False,out_of_range,near_square,32_64px,32_64px
3495,49,0000356_03529_d_0000647.jpg,4,car,84.99999999999989,43.99974000000003,3739.9778999999976,0.0035947499999999977,1.9318295971748884,False,out_of_range,wide,64px_plus,32_64px
3496,49,0000356_03529_d_0000647.jpg,4,car,95.99968000000013,43.99973999999992,4223.960960083197,0.004059939407999998,2.181823801686108,False,out_of_range,very_wide,64px_plus,32_64px
3497,49,0000356_03529_d_0000647.jpg,4,car,71.00016000000005,36.00013499999994,2556.015345021598,0.002456762153999998,1.9722192708444055,False,out_of_range,wide,64px_plus,32_64px
3498,49,0000356_03529_d_0000647.jpg,4,car,54.00015999999982,24.00034499999998,1296.0224700551948,0.001245696337999995,2.249974323285764,False,out_of_range,very_wide,32_64px,16_32px
3499,49,0000356_03529_d_0000647.jpg,4,car,58.999520000000075,24.00034499999998,1416.0088348344007,0.0013610234860000007,2.4582779955871517,False,out_of_range,very_wide,32_64px,16_32px
3500,49,0000356_03529_d_0000647.jpg,5,van,55.999360000000024,36.000135,2015.984519913601,0.0019377013840000009,1.5555319445329865,False,out_of_range,wide,32_64px,32_64px
3501,49,0000356_03529_d_0000647.jpg,4,car,60.00048000000015,32.99980499999998,1980.004139906404,0.0019031181660000038,1.8182071075874595,False,out_of_range,wide,32_64px,32_64px
3502,49,0000356_03529_d_0000647.jpg,2,people,14.999439999999936,26.999910000000057,404.9835300503991,0.00038925752599999915,0.5555366666036999,True,large_small,tall,8_16px,16_32px
3503,49,0000356_03529_d_0000647.jpg,2,people,16.000400000000013,27.999765000000025,448.0074399060008,0.0004306107650000008,0.5714476532213753,True,large_small,tall,16_32px,16_32px
3504,49,0000356_03529_d_0000647.jpg,2,people,16.000400000000013,25.000200000000007,400.01320008000044,0.0003844802000000004,0.640010879912961,True,large_small,tall,16_32px,16_32px
3505,49,0000356_03529_d_0000647.jpg,2,people,13.999840000000063,30.000239999999962,419.99855996160136,0.0004036895040000013,0.46665760007253543,True,large_small,very_tall,8_16px,16_32px
3506,49,0000356_03529_d_0000647.jpg,10,motor,33.00040000000001,26.999909999999943,891.0078299639985,0.0008564089099999985,1.2222411111740774,True,large_small,near_square,32_64px,16_32px
3507,49,0000356_03529_d_0000647.jpg,10,motor,34.9996000000001,19.000305000000026,665.0030748780028,0.0006391801950000027,1.842054640701823,True,large_small,wide,32_64px,16_32px
3508,49,0000356_03529_d_0000647.jpg,10,motor,30.99983999999995,21.000014999999962,650.9971049975977,0.0006257180939999978,1.476181802727284,True,large_small,wide,16_32px,16_32px
3509,49,0000356_03529_d_0000647.jpg,10,motor,26.000479999999925,25.000200000000007,650.0172000959983,0.0006247762399999983,1.0400108799129575,True,large_small,near_square,16_32px,16_32px
3510,49,0000356_03529_d_0000647.jpg,4,car,61.000080000000025,25.000200000000035,1525.0142000160029,0.0014657960400000028,2.4399836801305566,False,out_of_range,very_wide,32_64px,16_32px
3511,49,0000356_03529_d_0000647.jpg,5,van,55.99936000000025,31.000094999999988,1735.9854799392072,0.0016685750480000068,1.8064254319220723,False,out_of_range,wide,32_64px,16_32px
3512,49,0000356_03529_d_0000647.jpg,8,awning-tricycle,30.000240000000076,20.000159999999966,600.0096000384004,0.0005767104960000004,1.5000000000000064,True,large_small,wide,16_32px,16_32px
3513,49,0000356_03529_d_0000647.jpg,7,tricycle,44.00008000000014,19.000304999999997,836.0149400244026,0.0008035514610000025,2.315756510224449,True,large_small,very_wide,32_64px,16_32px
3514,49,0000356_03529_d_0000647.jpg,2,people,10.000079999999912,24.00034500000001,240.005370027598,0.00023068566899999806,0.41666401045484586,True,small,very_tall,8_16px,16_32px
3515,49,0000356_03529_d_0000647.jpg,10,motor,20.999760000000038,14.000264999999985,294.0022049364002,0.00028258574100000015,1.4999544651476284,True,large_small,wide,16_32px,8_16px
3516,49,0000356_03529_d_0000647.jpg,1,pedestrian,10.999680000000126,27.999764999999996,307.9884550752035,0.00029602888800000333,0.3928490114113503,True,large_small,very_tall,8_16px,16_32px
3517,49,0000356_03529_d_0000647.jpg,1,pedestrian,7.999519999999961,25.000200000000035,199.9895999039993,0.00019222375999999934,0.3199782401740766,True,small,very_tall,0_8px,16_32px
3518,49,0000356_03529_d_0000647.jpg,10,motor,26.000479999999925,19.000304999999997,494.0170501463985,0.00047483376599999854,1.368424348977552,True,large_small,wide,16_32px,16_32px
3519,49,0000356_03529_d_0000647.jpg,10,motor,19.00055999999995,31.0000950000001,589.0191650532004,0.0005661468330000004,0.6129194120211531,True,large_small,tall,16_32px,16_32px
3520,49,0000356_03529_d_0000647.jpg,5,van,63.999559999999974,47.99992499999996,3071.9740800329964,0.0029526855824999966,1.333326249988933,False,out_of_range,near_square,32_64px,32_64px
3521,49,0000356_03529_d_0000647.jpg,4,car,70.00056000000006,26.000055000000003,1820.018410030802,0.0017493448770000018,2.692323535469446,False,out_of_range,very_wide,64px_plus,16_32px
3522,49,0000356_03529_d_0000647.jpg,7,tricycle,23.999919999999975,26.000054999999975,623.9992399955987,0.0005997685889999987,0.9230718935017637,True,large_small,near_square,16_32px,16_32px
3523,49,0000356_03529_d_0000647.jpg,4,car,40.99992000000009,26.999910000000057,1106.9941500072048,0.0010640082180000045,1.5185206172909467,False,out_of_range,wide,32_64px,16_32px
3524,49,0000356_03529_d_0000647.jpg,4,car,60.000479999999925,26.99991000000003,1620.0075599567997,0.0015571006919999997,2.2222474074913534,False,out_of_range,very_wide,32_64px,16_32px
3525,49,0000356_03529_d_0000647.jpg,4,car,71.99976000000004,28.999619999999965,2087.9656800911985,0.0020068874279999985,2.4827828778446106,False,out_of_range,very_wide,64px_plus,16_32px
3526,49,0000356_03529_d_0000647.jpg,4,car,33.000399999999956,26.000055000000003,858.0122150219989,0.000824694554999999,1.2692434689080447,True,large_small,near_square,32_64px,16_32px
3527,49,0000356_03529_d_0000647.jpg,4,car,30.000240000000076,22.999725000000012,689.9972699340021,0.0006632038350000021,1.3043738566439407,True,large_small,near_square,16_32px,16_32px
3528,49,0000356_03529_d_0000647.jpg,4,car,34.999600000000044,21.00001499999999,734.9921249940006,0.0007064514850000006,1.666646428585887,True,large_small,wide,32_64px,16_32px
3529,49,0000356_03529_d_0000647.jpg,4,car,43.00048000000004,20.000160000000022,860.0164800768017,0.0008266209920000017,2.1500067999456,True,large_small,very_wide,32_64px,16_32px
3530,49,0000356_03529_d_0000647.jpg,4,car,46.000639999999976,16.999830000000017,782.0030598912003,0.0007516369280000003,2.7059470594705908,True,large_small,very_wide,32_64px,16_32px
3531,49,0000356_03529_d_0000647.jpg,4,car,30.999840000000006,21.00001499999999,650.9971049975999,0.0006257180939999999,1.4761818027272846,True,large_small,wide,16_32px,16_32px
3532,49,0000356_03529_d_0000647.jpg,4,car,31.999439999999993,24.00034499999998,767.9975998067993,0.0007381753169999993,1.3332908339442628,True,large_small,near_square,16_32px,16_32px
3533,49,0000356_03529_d_0000647.jpg,2,people,13.999840000000006,26.000054999999975,363.9966099911998,0.0003498621779999998,0.5384542455775582,True,large_small,tall,8_16px,16_32px
3534,49,0000356_03529_d_0000647.jpg,3,bicycle,20.00016000000005,30.00024000000002,600.0096000384019,0.0005767104960000018,0.666666666666668,True,large_small,tall,16_32px,16_32px
3535,49,0000356_03529_d_0000647.jpg,2,people,12.00064000000009,24.00034499999998,288.01950022080194,0.00027683535200000186,0.5000194788866618,True,large_small,tall,8_16px,16_32px
3536,49,0000356_03529_d_0000647.jpg,2,people,6.9999200000000315,21.999869999999987,153.9973300104006,0.00014801742600000056,0.3181800619730951,True,small,very_tall,0_8px,16_32px
3537,49,0000356_03529_d_0000647.jpg,10,motor,23.999919999999975,19.000305000000026,456.00579997560015,0.0004382985390000002,1.263133407595296,True,large_small,near_square,16_32px,16_32px
3538,49,0000356_03529_d_0000647.jpg,10,motor,46.00064000000003,41.000174999999956,1886.0342901119993,0.0018127972799999994,1.1219620404059272,False,out_of_range,near_square,32_64px,32_64px
3539,49,0000356_03529_d_0000647.jpg,1,pedestrian,10.999680000000012,32.99980499999998,362.98729506240016,0.00034889205600000016,0.3333256060149452,True,large_small,very_tall,8_16px,32_64px
3540,49,0000356_03529_d_0000647.jpg,1,pedestrian,10.999680000000012,31.000094999999988,340.99112496960026,0.00032775002400000025,0.3548272997227917,True,large_small,very_tall,8_16px,16_32px
3541,49,0000356_03529_d_0000647.jpg,2,people,17.0,32.99980499999998,560.9966849999996,0.0005392124999999996,0.5151545592466382,True,large_small,tall,16_32px,32_64px
3542,49,0000356_03529_d_0000647.jpg,1,pedestrian,13.999840000000006,30.00024000000002,419.99855996160045,0.0004036895040000004,0.46665760007253265,True,large_small,very_tall,8_16px,16_32px
3543,49,0000356_03529_d_0000647.jpg,1,pedestrian,19.000560000000007,31.999950000000013,608.0169699720004,0.0005844069300000004,0.5937684277631684,True,large_small,tall,16_32px,16_32px
3544,49,0000356_03529_d_0000647.jpg,2,people,13.999840000000063,22.999725000000012,321.9924700440016,0.00030948911000000154,0.6086959735388164,True,large_small,tall,8_16px,16_32px
3545,49,0000356_03529_d_0000647.jpg,10,motor,34.999600000000044,28.999619999999993,1014.975100152001,0.000975562380000001,1.206898573153719,True,large_small,near_square,32_64px,16_32px
3546,49,0000356_03529_d_0000647.jpg,5,van,138.00056,73.99998000000005,10212.038679988807,0.009815492772000008,1.864872936452144,False,out_of_range,wide,64px_plus,64px_plus
3547,49,0000356_03529_d_0000647.jpg,4,car,125.00031999999999,54.999675000000025,6874.9769748960025,0.006608013240000003,2.272746520774894,False,out_of_range,very_wide,64px_plus,32_64px
3548,49,0000356_03529_d_0000647.jpg,2,people,20.000159999999994,41.00017500000001,820.010060028,0.00078816807,0.4878066983860432,True,large_small,very_tall,16_32px,32_64px
3549,49,0000356_03529_d_0000647.jpg,3,bicycle,51.99960000000001,28.99962000000005,1507.9686401520028,0.0014494123800000026,1.7931131511378398,False,out_of_range,wide,32_64px,16_32px
3550,49,0000356_03529_d_0000647.jpg,4,car,41.99952,56.000294999999994,2351.9855098583994,0.0022606550459999993,0.7499874777445369,False,out_of_range,tall,32_64px,32_64px
3551,49,0000356_03529_d_0000647.jpg,4,car,41.99951999999999,36.00013499999997,1511.9883899351985,0.0014532760379999986,1.16664895839974,False,out_of_range,near_square,32_64px,32_64px
3552,49,0000356_03529_d_0000647.jpg,4,car,48.99943999999999,37.999844999999965,1861.971125086798,0.0017896685169999983,1.289464207025056,False,out_of_range,near_square,32_64px,32_64px
3553,49,0000356_03529_d_0000647.jpg,4,car,43.00048000000001,30.00024000000002,1290.024720115201,0.001239931488000001,1.4333378666303997,False,out_of_range,wide,32_64px,16_32px
3554,49,0000356_03529_d_0000647.jpg,4,car,37.999759999999995,30.00024000000002,1140.0019199424005,0.0010957342560000004,1.266648533478398,False,out_of_range,near_square,32_64px,16_32px
3555,49,0000356_03529_d_0000647.jpg,4,car,37.999759999999995,30.00024000000002,1140.0019199424005,0.0010957342560000004,1.266648533478398,False,out_of_range,near_square,32_64px,16_32px
3556,49,0000356_03529_d_0000647.jpg,9,bus,57.00032,53.999819999999985,3078.0070199423994,0.0029584842559999994,1.055565000031482,False,out_of_range,near_square,32_64px,32_64px
3557,49,0000356_03529_d_0000647.jpg,4,car,20.00016,24.00034499999998,480.0107400551997,0.0004613713379999997,0.8333280209097002,True,large_small,near_square,16_32px,16_32px
3558,49,0000356_03529_d_0000647.jpg,4,car,21.99936,19.000304999999983,417.9945498047996,0.0004017633119999996,1.1578424662130433,True,large_small,near_square,16_32px,16_32px
3559,49,0000356_03529_d_0000647.jpg,4,car,13.999839999999999,21.999870000000016,307.9946600208002,0.0002960348520000002,0.6363601239461865,True,large_small,tall,8_16px,16_32px
3560,49,0000356_03529_d_0000647.jpg,4,car,19.00056,15.999974999999992,304.00848498599987,0.00029220346499999987,1.1875368555263373,True,large_small,near_square,16_32px,8_16px
3561,49,0000356_03529_d_0000647.jpg,7,tricycle,55.99936000000025,82.00034999999991,4591.967119776015,0.0044136554400000146,0.6829161095044145,False,out_of_range,tall,32_64px,64px_plus
3562,49,0000356_03529_d_0000647.jpg,2,people,19.000560000000007,31.000094999999988,589.0191650532,0.000566146833,0.6129194120211572,True,large_small,tall,16_32px,16_32px
3563,49,0000356_03529_d_0000647.jpg,2,people,10.000079999999997,21.99986999999993,220.00045998959925,0.00021145757399999927,0.45455177689686477,True,small,very_tall,8_16px,16_32px
3564,49,0000356_03529_d_0000647.jpg,1,pedestrian,19.000560000000007,33.999660000000006,646.0125798096003,0.0006209271240000003,0.5588455884558847,True,large_small,tall,16_32px,32_64px
3565,49,0000356_03529_d_0000647.jpg,1,pedestrian,17.999599999999987,31.000094999999988,557.9893099619993,0.0005363219049999993,0.580630478713049,True,large_small,tall,16_32px,16_32px
3566,49,0000356_03529_d_0000647.jpg,1,pedestrian,13.000239999999991,30.00024000000002,390.0103200576,0.000374865744,0.4333378666303997,True,large_small,very_tall,8_16px,16_32px
3567,49,0000356_03529_d_0000647.jpg,1,pedestrian,12.000640000000004,33.99966000000006,408.0176797824009,0.00039217385600000086,0.3529635296352958,True,large_small,very_tall,8_16px,32_64px
3568,49,0000356_03529_d_0000647.jpg,1,pedestrian,16.00040000000004,31.99995000000007,512.0119999800024,0.0004921299500000024,0.5000132812707522,True,large_small,tall,16_32px,16_32px
3569,49,0000356_03529_d_0000647.jpg,10,motor,37.00016000000002,21.00001500000002,777.0039150024012,0.0007468319060000011,1.761911122444436,True,large_small,wide,32_64px,16_32px
3570,49,0000356_03529_d_0000647.jpg,4,car,51.999600000000044,20.000160000000008,1040.0003199360012,0.0009996158400000011,2.5999592003263987,False,out_of_range,very_wide,32_64px,16_32px
3571,49,0000356_03529_d_0000647.jpg,4,car,78.00007999999991,47.000069999999994,3666.0092200055956,0.0035236536139999957,1.6595736985072558,False,out_of_range,wide,64px_plus,32_64px
3572,50,0000356_04901_d_0000654.jpg,4,car,112.0000799999998,84.99991499999999,9519.997279993182,0.009150324182999983,1.3176493176493154,False,out_of_range,near_square,64px_plus,64px_plus
3573,50,0000356_04901_d_0000654.jpg,4,car,74.99991999999997,31.000094999999988,2325.0046449923984,0.0022347218809999985,2.4193448439432204,False,out_of_range,very_wide,64px_plus,16_32px
3574,50,0000356_04901_d_0000654.jpg,4,car,78.99967999999978,31.000094999999988,2448.9975849695925,0.002353900023999993,2.5483689646757477,False,out_of_range,very_wide,64px_plus,16_32px
3575,50,0000356_04901_d_0000654.jpg,4,car,43.00047999999981,27.999764999999996,1204.0033348871946,0.0011572504179999947,1.5357443178540897,False,out_of_range,wide,32_64px,16_32px
3576,50,0000356_04901_d_0000654.jpg,4,car,60.00048000000004,31.999949999999984,1920.0123599760002,0.0018454559400000001,1.8750179297155174,False,out_of_range,wide,32_64px,16_32px
3577,50,0000356_04901_d_0000654.jpg,4,car,31.999439999999822,27.999764999999996,895.9768001315949,0.0008611849289999952,1.1428467346065163,True,large_small,near_square,16_32px,16_32px
3578,50,0000356_04901_d_0000654.jpg,4,car,30.000240000000076,22.999725000000012,689.9972699340021,0.0006632038350000021,1.3043738566439407,True,large_small,near_square,16_32px,16_32px
3579,50,0000356_04901_d_0000654.jpg,9,bus,220.0003999999999,86.99962499999998,19139.95229984999,0.01839672462499999,2.5287511296744087,False,out_of_range,very_wide,64px_plus,64px_plus
3580,50,0000356_04901_d_0000654.jpg,2,people,20.999760000000038,32.99980499999998,692.9879850468009,0.0006660784170000008,0.6363601239461885,True,large_small,tall,16_32px,32_64px
3581,50,0000356_04901_d_0000654.jpg,1,pedestrian,14.99944000000005,37.99984499999999,569.9763950868017,0.0005478435170000016,0.3947237153204191,True,large_small,very_tall,8_16px,32_64px
3582,50,0000356_04901_d_0000654.jpg,1,pedestrian,13.00024000000019,37.99984499999994,494.0071049628064,0.00047482420700000616,0.34211297440819066,True,large_small,very_tall,8_16px,32_64px
3583,50,0000356_04901_d_0000654.jpg,1,pedestrian,13.000240000000076,41.000174999999956,533.0121150420025,0.0005123146050000024,0.317077671009943,True,large_small,very_tall,8_16px,32_64px
3584,50,0000356_04901_d_0000654.jpg,1,pedestrian,10.000079999999912,26.999910000000057,270.00125999279817,0.00025951678199999823,0.37037456791522233,True,large_small,very_tall,8_16px,16_32px
3585,50,0000356_04901_d_0000654.jpg,1,pedestrian,7.999519999999848,32.99980499999998,263.98260009359484,0.00025373183399999503,0.24241112939909348,True,large_small,very_tall,0_8px,32_64px
3586,50,0000356_04901_d_0000654.jpg,3,bicycle,75.99951999999996,43.999739999999974,3343.9591201247963,0.0032141091119999962,1.7272720247892375,False,out_of_range,wide,64px_plus,32_64px
3587,50,0000356_04901_d_0000654.jpg,4,car,98.0002400000003,41.000174999999956,4018.026990042008,0.0038620021050000076,2.3902395538555727,False,out_of_range,very_wide,64px_plus,32_64px
3588,50,0000356_04901_d_0000654.jpg,5,van,64.99983999999995,32.99980499999998,2144.9820450311972,0.0020616897779999976,1.9697037603707048,False,out_of_range,wide,64px_plus,32_64px
3589,50,0000356_04901_d_0000654.jpg,10,motor,12.000639999999976,15.00012000000001,180.01104007679976,0.00017302099199999977,0.8000362663765336,True,small,near_square,8_16px,8_16px
3590,50,0000356_04901_d_0000654.jpg,10,motor,13.99983999999995,22.999724999999984,321.9924700439986,0.00030948910999999867,0.6086959735388122,True,large_small,tall,8_16px,16_32px
3591,50,0000356_04901_d_0000654.jpg,10,motor,24.999519999999848,19.000304999999997,474.998504853597,0.0004565537339999971,1.3157430893872415,True,large_small,near_square,16_32px,16_32px
3592,50,0000356_04901_d_0000654.jpg,10,motor,9.000479999999925,22.999725000000012,207.0085648679984,0.00019897016999999845,0.3913298963357136,True,small,very_tall,8_16px,16_32px
3593,50,0000356_04901_d_0000654.jpg,10,motor,10.999680000000126,15.999975000000035,175.9946050080024,0.0001691605200000023,0.6874810741891848,True,small,tall,8_16px,8_16px
3594,50,0000356_04901_d_0000654.jpg,10,motor,10.000080000000025,25.000200000000035,250.004000016001,0.00024029604000000096,0.40000000000000047,True,small,very_tall,8_16px,16_32px
3595,50,0000356_04901_d_0000654.jpg,10,motor,7.999519999999848,20.000159999999966,159.99167992319667,0.0001537790079999968,0.39997280021759135,True,small,very_tall,0_8px,16_32px
3596,50,0000356_04901_d_0000654.jpg,10,motor,10.999680000000126,20.000159999999966,219.99535994880213,0.00021145267200000205,0.5499796001632059,True,small,tall,8_16px,16_32px
3597,50,0000356_04901_d_0000654.jpg,10,motor,20.99976000000015,16.999829999999974,356.992350040802,0.00034312990200000194,1.23529235292354,True,large_small,near_square,16_32px,16_32px
3598,50,0000356_04901_d_0000654.jpg,1,pedestrian,10.000080000000025,28.99962000000002,289.998519969601,0.0002787375240000009,0.3448348633533825,True,large_small,very_tall,8_16px,16_32px
3599,50,0000356_04901_d_0000654.jpg,1,pedestrian,10.000079999999798,26.000054999999975,260.0026300043945,0.0002499064109999947,0.3846176479241989,True,large_small,very_tall,8_16px,16_32px
3600,50,0000356_04901_d_0000654.jpg,10,motor,24.999519999999848,21.00001499999999,524.9902949927965,0.0005046042819999967,1.1904524830101244,True,large_small,near_square,16_32px,16_32px
3601,50,0000356_04901_d_0000654.jpg,1,pedestrian,12.000639999999976,28.999619999999993,348.0139997567992,0.00033450019199999923,0.413820594890553,True,large_small,very_tall,8_16px,16_32px
3602,50,0000356_04901_d_0000654.jpg,8,awning-tricycle,41.999520000000075,33.999660000000006,1427.9694001632029,0.0013725196080000028,1.2352923529235311,False,out_of_range,near_square,32_64px,32_64px
3603,50,0000356_04901_d_0000654.jpg,8,awning-tricycle,27.999680000000126,35.000280000000004,979.9966399104045,0.0009419421760000044,0.7999844572672025,True,large_small,near_square,16_32px,32_64px
3604,50,0000356_04901_d_0000654.jpg,10,motor,17.9996000000001,16.999830000000003,305.9901400680018,0.0002941081700000017,1.0588105881058867,True,large_small,near_square,16_32px,16_32px
3605,50,0000356_04901_d_0000654.jpg,10,motor,20.999759999999924,15.999975000000006,335.9956350059989,0.00032294851499999896,1.3124870507610116,True,large_small,near_square,16_32px,8_16px
3606,50,0000356_04901_d_0000654.jpg,10,motor,16.000400000000127,19.000304999999997,304.0124801220024,0.0002922073050000023,0.8421127976629916,True,large_small,near_square,16_32px,16_32px
3607,50,0000356_04901_d_0000654.jpg,10,motor,27.999680000000126,17.99968499999997,503.98542010080143,0.0004844150520000014,1.55556500016529,True,large_small,wide,16_32px,16_32px
3608,50,0000356_04901_d_0000654.jpg,10,motor,12.000639999999862,26.99991000000003,324.0161999423966,0.00031143425599999673,0.44446962971357495,True,large_small,very_tall,8_16px,16_32px
3609,50,0000356_04901_d_0000654.jpg,10,motor,14.999439999999936,21.00001499999999,314.9884649915985,0.00030275707899999856,0.7142585374343753,True,large_small,tall,8_16px,16_32px
3610,50,0000356_04901_d_0000654.jpg,10,motor,27.999680000000012,15.999975000000006,447.99418000800034,0.0004305980200000003,1.7499827343480225,True,large_small,wide,16_32px,8_16px
3611,50,0000356_04901_d_0000654.jpg,3,bicycle,24.999519999999848,19.000304999999997,474.998504853597,0.0004565537339999971,1.3157430893872415,True,large_small,near_square,16_32px,16_32px
3612,50,0000356_04901_d_0000654.jpg,3,bicycle,13.000240000000076,21.00001500000002,273.00523500360185,0.0002624041090000018,0.6190586054343326,True,large_small,tall,8_16px,16_32px
3613,50,0000356_04901_d_0000654.jpg,1,pedestrian,13.00024000000019,28.999619999999993,377.00201990880544,0.0003623625720000052,0.448290012076027,True,large_small,very_tall,8_16px,16_32px
3614,50,0000356_04901_d_0000654.jpg,1,pedestrian,10.000079999999912,24.00034499999998,240.0053700275977,0.0002306856689999978,0.41666401045484636,True,small,very_tall,8_16px,16_32px
3615,50,0000356_04901_d_0000654.jpg,1,pedestrian,7.999520000000075,22.999725000000012,183.98676013200182,0.00017684233000000174,0.34780937598167244,True,small,very_tall,0_8px,16_32px
3616,50,0000356_04901_d_0000654.jpg,1,pedestrian,9.000479999999925,24.00034500000001,216.0146251655983,0.00020762651399999836,0.37501460916498996,True,small,very_tall,8_16px,16_32px
3617,50,0000356_04901_d_0000654.jpg,1,pedestrian,10.000079999999798,25.000200000000007,250.00400001599502,0.0002402960399999952,0.3999999999999918,True,small,very_tall,8_16px,16_32px
3618,50,0000356_04901_d_0000654.jpg,1,pedestrian,7.999520000000075,17.999685000000028,143.98884015120157,0.00013839757800000152,0.4444255552249977,True,small,very_tall,0_8px,16_32px
3619,50,0000356_04901_d_0000654.jpg,1,pedestrian,7.999519999999848,21.999870000000016,175.98840006239678,0.0001691545559999969,0.3636166940986398,True,small,very_tall,0_8px,16_32px
3620,50,0000356_04901_d_0000654.jpg,1,pedestrian,9.000480000000152,26.000054999999975,234.01297502640372,0.00022492596600000357,0.346171575406289,True,small,very_tall,8_16px,16_32px
3621,50,0000356_04901_d_0000654.jpg,1,pedestrian,6.999919999999975,16.99983000000003,118.99745001359979,0.0001143766339999998,0.41176411764117415,True,small,very_tall,0_8px,16_32px
3622,50,0000356_04901_d_0000654.jpg,2,people,13.00024000000019,17.999685000000028,234.00022492440377,0.00022491371100000362,0.7222481948989757,True,small,tall,8_16px,16_32px
3623,50,0000356_04901_d_0000654.jpg,4,car,30.000240000000076,24.00034499999998,720.0161100828013,0.0006920570070000013,1.2499920313645532,True,large_small,near_square,16_32px,16_32px
3624,50,0000356_04901_d_0000654.jpg,4,car,33.99999999999977,22.999724999999998,781.9906499999947,0.0007516249999999949,1.478278544634763,True,large_small,wide,32_64px,16_32px
3625,50,0000356_04901_d_0000654.jpg,4,car,30.000240000000076,20.000159999999994,600.0096000384013,0.0005767104960000013,1.5000000000000042,True,large_small,wide,16_32px,16_32px
3626,50,0000356_04901_d_0000654.jpg,4,car,43.000479999999925,15.999974999999992,688.0066049879985,0.0006612904699999985,2.687534199272183,True,large_small,very_wide,32_64px,8_16px
3627,50,0000356_04901_d_0000654.jpg,4,car,37.000160000000164,16.999830000000003,628.996429972803,0.0006045717320000029,2.1765017650176595,True,large_small,very_wide,32_64px,16_32px
3628,50,0000356_04901_d_0000654.jpg,1,pedestrian,9.000480000000039,20.000160000000008,180.01104007680084,0.0001730209920000008,0.45002039983680303,True,small,very_tall,8_16px,16_32px
3629,50,0000356_04901_d_0000654.jpg,4,car,38.99935999999991,15.000119999999981,584.995079923198,0.0005622790079999981,2.59993653384106,True,large_small,very_wide,32_64px,8_16px
3630,50,0000356_04901_d_0000654.jpg,6,truck,51.9996000000001,25.000200000000014,1300.0003999200032,0.001249519800000003,2.079967360261121,False,out_of_range,very_wide,32_64px,16_32px
3631,50,0000356_04901_d_0000654.jpg,4,car,44.000080000000025,16.999830000000017,747.9938799864012,0.0007189483660000012,2.5882658826588254,True,large_small,very_wide,32_64px,16_32px
3632,50,0000356_04901_d_0000654.jpg,2,people,24.999520000000018,40.0003200000001,999.9887998464033,0.0009611580160000031,0.6249830001359977,True,large_small,tall,16_32px,32_64px
3633,50,0000356_04901_d_0000654.jpg,7,tricycle,43.000480000000096,69.99979499999995,3010.0247849016046,0.0028931418540000045,0.6142943704335152,False,out_of_range,tall,32_64px,64px_plus
3634,50,0000356_04901_d_0000654.jpg,2,people,16.999999999999993,30.000239999999906,510.00407999999817,0.0004901999999999983,0.5666621333696013,True,large_small,tall,16_32px,16_32px
3635,50,0000356_04901_d_0000654.jpg,2,people,19.000559999999993,33.99965999999989,646.0125798095977,0.0006209271239999978,0.5588455884558862,True,large_small,tall,16_32px,32_64px
3636,50,0000356_04901_d_0000654.jpg,10,motor,58.99951999999999,32.99980499999998,1946.9726550935986,0.0018713693339999988,1.7878748071390127,False,out_of_range,wide,32_64px,32_64px
3637,50,0000356_04901_d_0000654.jpg,1,pedestrian,21.99935999999998,37.999844999999965,835.9722700991986,0.0008035104479999987,0.5789328877525685,True,large_small,tall,16_32px,32_64px
3638,50,0000356_04901_d_0000654.jpg,1,pedestrian,16.00040000000004,37.99984499999994,608.0127199380006,0.0005844028450000006,0.4210648753962041,True,large_small,very_tall,16_32px,32_64px
3639,50,0000356_04901_d_0000654.jpg,1,pedestrian,16.000400000000013,35.000279999999975,560.018480112,0.00053827228,0.45715062850925836,True,large_small,very_tall,16_32px,32_64px
3640,50,0000356_04901_d_0000654.jpg,1,pedestrian,12.000640000000004,25.000200000000007,300.01840012800017,0.0002883683200000002,0.48002175982592143,True,large_small,very_tall,8_16px,16_32px
3641,50,0000356_04901_d_0000654.jpg,1,pedestrian,14.999439999999993,33.99966000000006,509.9758601904007,0.0004901728760000006,0.4411644116441154,True,large_small,very_tall,8_16px,32_64px
3642,50,0000356_04901_d_0000654.jpg,1,pedestrian,19.000560000000036,45.000359999999944,855.0320402016006,0.0008218301040000005,0.42223128881635746,True,large_small,very_tall,16_32px,32_64px
3643,50,0000356_04901_d_0000654.jpg,5,van,119.0,48.99977999999999,5830.973819999998,0.005604549999999998,2.4285823324104725,False,out_of_range,very_wide,64px_plus,32_64px
3644,50,0000356_04901_d_0000654.jpg,6,truck,44.000080000000025,64.99975500000002,2859.9944199804027,0.0027489373510000024,0.676926859185854,False,out_of_range,tall,32_64px,64px_plus
3645,50,0000356_04901_d_0000654.jpg,1,pedestrian,9.000479999999982,26.99991,243.0121499567995,0.0002335756919999995,0.33335222228518474,True,small,very_tall,8_16px,16_32px
3646,50,0000356_04901_d_0000654.jpg,4,car,24.999520000000018,25.000199999999978,624.9929999039999,0.00060072376,0.9999728002175998,True,large_small,near_square,16_32px,16_32px
3647,50,0000356_04901_d_0000654.jpg,5,van,24.999520000000018,31.000094999999988,774.9874949544003,0.0007448937860000003,0.806433657703308,True,large_small,near_square,16_32px,16_32px
3648,50,0000356_04901_d_0000654.jpg,4,car,14.99944000000005,15.999975000000006,239.99066501400088,0.00023067153500000084,0.937466464791354,True,small,near_square,8_16px,8_16px
3649,50,0000356_04901_d_0000654.jpg,4,car,75.99951999999996,89.999955,6839.953380021597,0.006574349653999997,0.8444395333308774,False,out_of_range,near_square,64px_plus,64px_plus
3650,50,0000356_04901_d_0000654.jpg,4,car,71.00016000000005,73.99998,5254.010419996804,0.005049990792000004,0.9594618809356442,False,out_of_range,near_square,64px_plus,64px_plus
3651,50,0000356_04901_d_0000654.jpg,4,car,40.999919999999975,54.999675000000025,2254.9822750259996,0.0021674185649999994,0.7454574958852022,False,out_of_range,tall,32_64px,32_64px
3652,50,0000356_04901_d_0000654.jpg,4,car,34.0,36.00013499999997,1224.004589999999,0.001176474999999999,0.9444409027910597,False,out_of_range,near_square,32_64px,32_64px
3653,50,0000356_04901_d_0000654.jpg,4,car,37.00015999999994,28.99962000000002,1072.990579939199,0.0010313250479999992,1.2758843046908859,False,out_of_range,near_square,32_64px,16_32px
3654,50,0000356_04901_d_0000654.jpg,4,car,44.99968000000001,26.000055000000003,1169.9941549824005,0.0011245618560000005,1.7307532618681,False,out_of_range,wide,32_64px,16_32px
3655,50,0000356_04901_d_0000654.jpg,4,car,29.000639999999976,22.999725000000012,667.0067448239998,0.0006411060599999999,1.260912467431674,True,large_small,near_square,16_32px,16_32px
3656,50,0000356_04901_d_0000654.jpg,4,car,34.0,24.00034499999998,816.0117299999994,0.0007843249999999993,1.4166463023760711,True,large_small,wide,32_64px,16_32px
3657,50,0000356_04901_d_0000654.jpg,4,car,33.00040000000001,31.000095000000016,1023.015535038001,0.0009832905950000008,1.0645257700016724,True,large_small,near_square,32_64px,16_32px
3658,50,0000356_04901_d_0000654.jpg,4,car,20.999760000000038,19.000304999999997,399.00184492680063,0.00038350811700000063,1.1052327844210943,True,large_small,near_square,16_32px,16_32px
3659,50,0000356_04901_d_0000654.jpg,4,car,26.000479999999925,21.000015000000005,546.0104700071986,0.0005248082179999987,1.2381172108686551,True,large_small,near_square,16_32px,16_32px
3660,50,0000356_04901_d_0000654.jpg,4,car,30.000240000000076,27.999764999999996,839.999669943602,0.000807381459000002,1.071446135351496,True,large_small,near_square,16_32px,16_32px
3661,50,0000356_04901_d_0000654.jpg,4,car,21.999359999999967,21.00001499999999,461.9868899903991,0.00044404737599999913,1.0475878231515539,True,large_small,near_square,16_32px,16_32px
3662,50,0000356_04901_d_0000654.jpg,4,car,23.000320000000045,21.000015000000005,483.00706500480106,0.00046425131200000103,1.0952525510100846,True,large_small,near_square,16_32px,16_32px
3663,50,0000356_04901_d_0000654.jpg,4,car,21.999359999999967,17.999684999999992,395.98155020159925,0.00038060510399999926,1.2222080553076333,True,large_small,near_square,16_32px,16_32px
3664,50,0000356_04901_d_0000654.jpg,4,car,13.999840000000006,17.999685,251.9927100504001,0.0002422075260000001,0.7777825000826407,True,small,near_square,8_16px,16_32px
3665,50,0000356_04901_d_0000654.jpg,4,car,14.999439999999936,14.000264999999999,209.9961348515991,0.00020184172899999914,1.0713682919573264,True,small,near_square,8_16px,8_16px
3666,50,0000356_04901_d_0000654.jpg,4,car,10.999679999999955,9.000225,98.9995949279996,9.515531999999961e-05,1.2221561127638425,True,small,near_square,8_16px,8_16px
3667,50,0000356_04901_d_0000654.jpg,5,van,23.999919999999918,11.999789999999997,287.99400001679896,0.000276810841999999,2.000028333829169,True,large_small,very_wide,16_32px,8_16px
3668,50,0000356_04901_d_0000654.jpg,4,car,17.999599999999987,17.999685,323.9871301259997,0.00031140631499999974,0.9999952776951367,True,large_small,near_square,16_32px,16_32px
3669,50,0000356_04901_d_0000654.jpg,2,people,9.000480000000039,20.000159999999994,180.01104007680073,0.0001730209920000007,0.45002039983680336,True,small,very_tall,8_16px,16_32px
3670,50,0000356_04901_d_0000654.jpg,10,motor,9.000480000000039,20.000159999999994,180.01104007680073,0.0001730209920000007,0.45002039983680336,True,small,very_tall,8_16px,16_32px
3671,50,0000356_04901_d_0000654.jpg,1,pedestrian,9.000480000000039,32.99980499999998,297.0140849064011,0.00028548066600000104,0.27274342984754135,True,large_small,very_tall,8_16px,32_64px
3672,50,0000356_04901_d_0000654.jpg,1,pedestrian,10.000080000000025,27.999764999999996,279.9998899812007,0.00026912715300000066,0.357148711783832,True,large_small,very_tall,8_16px,16_32px
3673,50,0000356_04901_d_0000654.jpg,2,people,16.000400000000013,19.000304999999997,304.0124801220002,0.0002922073050000002,0.8421127976629857,True,large_small,near_square,16_32px,16_32px
3674,51,0000359_00393_d_0000701.jpg,4,car,133.99944000000005,47.000069999999994,6297.983059960801,0.0060534247020000015,2.8510476686524098,False,out_of_range,very_wide,64px_plus,32_64px
3675,51,0000359_00393_d_0000701.jpg,4,car,133.99944000000005,42.999885000000006,5761.960510064403,0.005538216561000003,3.1162743807338096,False,out_of_range,very_wide,64px_plus,32_64px
3676,51,0000359_00393_d_0000701.jpg,4,car,53.00056000000018,31.999950000000013,1696.0152699720063,0.001630156930000006,1.6562700879220174,False,out_of_range,wide,32_64px,16_32px
3677,51,0000359_00393_d_0000701.jpg,4,car,44.00008000000014,35.00028000000003,1540.0151200224063,0.001480214456000006,1.2571350857764594,False,out_of_range,near_square,32_64px,32_64px
3678,51,0000359_00393_d_0000701.jpg,4,car,33.999999999999886,33.999660000000006,1155.9884399999964,0.0011110999999999966,1.0000100000999974,False,out_of_range,near_square,32_64px,32_64px
3679,51,0000359_00393_d_0000701.jpg,4,car,33.00040000000001,35.00028000000003,1155.0232401120015,0.0011101722800000015,0.9428610285403426,False,out_of_range,near_square,32_64px,32_64px
3680,51,0000359_00393_d_0000701.jpg,1,pedestrian,23.0003200000001,52.999964999999975,1219.0161549888048,0.0011716802720000046,0.4339685884698247,False,out_of_range,very_tall,16_32px,32_64px
3681,51,0000359_00393_d_0000701.jpg,1,pedestrian,12.000640000000033,26.99991,324.0161999424009,0.00031143425600000085,0.4444696297135817,True,large_small,very_tall,8_16px,16_32px
3682,51,0000359_00393_d_0000701.jpg,1,pedestrian,10.999680000000126,27.999764999999996,307.9884550752035,0.00029602888800000333,0.3928490114113503,True,large_small,very_tall,8_16px,16_32px
3683,51,0000359_00393_d_0000701.jpg,3,bicycle,12.00064000000009,31.999950000000013,384.019879968003,0.0003691079200000029,0.37502058596966825,True,large_small,very_tall,8_16px,16_32px
3684,51,0000359_00393_d_0000701.jpg,2,people,13.00024000000002,27.999764999999996,364.0036649436005,0.0003498689590000005,0.4642981825026039,True,large_small,very_tall,8_16px,16_32px
3685,51,0000359_00393_d_0000701.jpg,2,people,13.00024000000002,26.000054999999975,338.0069550132002,0.00032488173300000017,0.5000081730596352,True,large_small,tall,8_16px,16_32px
3686,51,0000359_00393_d_0000701.jpg,2,people,16.999999999999886,31.99995000000004,543.999149999997,0.0005228749999999972,0.5312508300794178,True,large_small,tall,16_32px,16_32px
3687,51,0000359_00393_d_0000701.jpg,2,people,16.000400000000013,36.00013499999997,576.016560054,0.000553649135,0.4444538888534731,True,large_small,very_tall,16_32px,32_64px
3688,51,0000359_00393_d_0000701.jpg,2,people,17.0,32.99980500000001,560.9966850000002,0.0005392125000000001,0.5151545592466378,True,large_small,tall,16_32px,32_64px
3689,51,0000359_00393_d_0000701.jpg,2,people,12.00064000000009,21.00001499999999,252.01362000960177,0.0002422276240000017,0.5714586394343096,True,small,tall,8_16px,16_32px
3690,51,0000359_00393_d_0000701.jpg,2,people,7.999520000000075,14.000265000000027,111.99539987280127,0.00010764648200000122,0.5713834702414604,True,small,tall,0_8px,8_16px
3691,51,0000359_00393_d_0000701.jpg,1,pedestrian,6.999919999999975,16.999830000000017,118.99745001359969,0.00011437663399999971,0.4117641176411745,True,small,very_tall,0_8px,16_32px
3692,51,0000359_00393_d_0000701.jpg,1,pedestrian,6.999919999999975,15.999975000000006,111.99854500199963,0.00010764950499999965,0.43749568358700386,True,small,very_tall,0_8px,8_16px
3693,51,0000359_00393_d_0000701.jpg,10,motor,13.999840000000006,21.999869999999987,307.9946600207999,0.00029603485199999993,0.6363601239461876,True,large_small,tall,8_16px,16_32px
3694,51,0000359_00393_d_0000701.jpg,10,motor,13.99983999999995,27.999764999999996,391.9922300375985,0.0003767706939999986,0.4999984821301161,True,large_small,very_tall,8_16px,16_32px
3695,51,0000359_00393_d_0000701.jpg,10,motor,16.000400000000127,28.99962000000002,464.00551984800404,0.0004459876200000039,0.5517451607986628,True,large_small,tall,16_32px,16_32px
3696,51,0000359_00393_d_0000701.jpg,7,tricycle,20.000159999999937,26.000055000000003,520.0052600087985,0.0004998128219999985,0.7692352958484101,True,large_small,near_square,16_32px,16_32px
3697,51,0000359_00393_d_0000701.jpg,10,motor,7.999520000000075,12.999645000000001,103.99092017040098,9.995282600000095e-05,0.6153644964920253,True,small,tall,0_8px,8_16px
3698,51,0000359_00393_d_0000701.jpg,4,car,21.99935999999991,15.999975000000006,351.9892100159987,0.00033832103999999874,1.3749621483783507,True,large_small,wide,16_32px,8_16px
3699,51,0000359_00393_d_0000701.jpg,4,car,16.000400000000013,15.00012000000001,240.00792004800036,0.00023068812000000033,1.0666847998549347,True,small,near_square,16_32px,8_16px
3700,51,0000359_00393_d_0000701.jpg,10,motor,24.99951999999996,46.00021499999997,1149.9832948967974,0.0011053280419999975,0.5434652859774672,False,out_of_range,tall,16_32px,32_64px
3701,51,0000359_00393_d_0000701.jpg,10,motor,27.000079999999798,37.99984499999994,1025.9988549875907,0.000986158068999991,0.7105313192724824,False,out_of_range,tall,16_32px,32_64px
3702,51,0000359_00393_d_0000701.jpg,2,people,23.999919999999975,47.000069999999994,1127.9979199943987,0.0010841963859999986,0.5106358352232236,False,out_of_range,tall,16_32px,32_64px
3703,51,0000359_00393_d_0000701.jpg,2,people,23.0003200000001,47.000069999999994,1081.0166500224045,0.0010390394560000043,0.48936778179266766,False,out_of_range,very_tall,16_32px,32_64px
3704,51,0000359_00393_d_0000701.jpg,2,people,13.000240000000076,33.999660000000034,442.003739918403,0.0004248401960000029,0.38236382363823823,True,large_small,very_tall,8_16px,32_64px
3705,51,0000359_00393_d_0000701.jpg,10,motor,33.00040000000013,26.00005500000003,858.0122150220044,0.0008246945550000042,1.2692434689080498,True,large_small,near_square,32_64px,16_32px
3706,51,0000359_00393_d_0000701.jpg,1,pedestrian,13.000240000000076,33.999660000000034,442.003739918403,0.0004248401960000029,0.38236382363823823,True,large_small,very_tall,8_16px,32_64px
3707,51,0000359_00393_d_0000701.jpg,4,car,44.99968000000001,31.00009499999996,1394.9943549695986,0.0013408250239999987,1.4515981321992746,False,out_of_range,wide,32_64px,16_32px
3708,51,0000359_00393_d_0000701.jpg,4,car,37.99976000000004,27.999764999999996,1063.984350056401,0.0010226685410000009,1.3571456760440683,False,out_of_range,wide,32_64px,16_32px
3709,51,0000359_00393_d_0000701.jpg,4,car,29.000639999999862,21.00001500000002,609.0138750095977,0.0005853651239999978,1.3809818707272274,True,large_small,wide,16_32px,16_32px
3710,51,0000359_00393_d_0000701.jpg,1,pedestrian,10.000079999999798,31.000094999999988,310.00343000759364,0.00029796561899999386,0.32258223724797624,True,large_small,very_tall,8_16px,16_32px
3711,51,0000359_00393_d_0000701.jpg,1,pedestrian,12.000639999999976,27.999764999999996,336.01509984959927,0.0003229672239999993,0.4285978828750876,True,large_small,very_tall,8_16px,16_32px
3712,51,0000359_00393_d_0000701.jpg,4,car,37.999759999999924,36.99999,1405.9907400023972,0.0013513944059999972,1.0270208181137326,False,out_of_range,near_square,32_64px,32_64px
3713,52,0000359_02549_d_0000709.jpg,4,car,105.00015999999994,180.99976500000002,19005.00428496239,0.01826701680599999,0.5801121343997321,False,out_of_range,tall,64px_plus,64px_plus
3714,52,0000359_02549_d_0000709.jpg,4,car,105.00015999999994,163.0000799999999,17115.03448001278,0.016450436831999978,0.6441724445779413,False,out_of_range,tall,64px_plus,64px_plus
3715,52,0000359_02549_d_0000709.jpg,5,van,74.99992000000009,126.00009,9449.996669992812,0.009083041782000012,0.5952370351481502,False,out_of_range,tall,64px_plus,64px_plus
3716,52,0000359_02549_d_0000709.jpg,7,tricycle,47.999839999999836,83.00020499999994,3983.996559967183,0.003829293117999984,0.5783098969454337,False,out_of_range,tall,32_64px,64px_plus
3717,52,0000359_02549_d_0000709.jpg,5,van,55.999360000000024,86.99962499999998,4871.923320240001,0.0046827406000000005,0.6436735790527837,False,out_of_range,tall,32_64px,64px_plus
3718,52,0000359_02549_d_0000709.jpg,4,car,48.99944000000016,59.99971499999998,2939.9524351596087,0.0028257904990000083,0.8166612124740956,False,out_of_range,near_square,32_64px,32_64px
3719,52,0000359_02549_d_0000709.jpg,4,car,95.99968000000013,73.99998000000005,7103.974400006414,0.006828118416000013,1.297293323592791,False,out_of_range,near_square,64px_plus,64px_plus
3720,52,0000359_02549_d_0000709.jpg,4,car,94.00048000000015,63.00004500000003,5922.034470021612,0.005692074654000011,1.4920700453467948,False,out_of_range,wide,64px_plus,32_64px
3721,52,0000359_02549_d_0000709.jpg,2,people,30.000240000000076,36.999990000000025,1110.0085799976036,0.0010669055940000034,0.8108175164371682,False,out_of_range,near_square,16_32px,32_64px
3722,52,0000359_02549_d_0000709.jpg,2,people,31.999439999999936,51.00025499999998,1631.979599857196,0.0015686078429999963,0.6274368628156849,False,out_of_range,tall,16_32px,32_64px
3723,52,0000359_02549_d_0000709.jpg,1,pedestrian,20.999759999999924,42.00002999999998,881.9905499927964,0.0008477417819999966,0.4999939285757637,True,large_small,very_tall,16_32px,32_64px
3724,52,0000359_02549_d_0000709.jpg,1,pedestrian,16.0003999999999,31.999950000000013,512.011999979997,0.0004921299499999971,0.5000132812707486,True,large_small,tall,16_32px,16_32px
3725,52,0000359_02549_d_0000709.jpg,1,pedestrian,21.999360000000024,42.00003000000001,923.9737799808013,0.0008880947520000012,0.5237939115757779,True,large_small,tall,16_32px,32_64px
3726,52,0000359_02549_d_0000709.jpg,1,pedestrian,19.00055999999995,35.000280000000004,665.0249201567983,0.0006392011919999984,0.5428687999067421,True,large_small,tall,16_32px,32_64px
3727,52,0000359_02549_d_0000709.jpg,4,car,64.00023999999985,48.99978,3135.997679947193,0.003014223067999993,1.306133211210333,False,out_of_range,near_square,64px_plus,32_64px
3728,52,0000359_02549_d_0000709.jpg,4,car,43.000479999999925,27.999765,1204.003334887198,0.001157250417999998,1.5357443178540935,False,out_of_range,wide,32_64px,16_32px
3729,52,0000359_02549_d_0000709.jpg,4,car,74.00031999999987,47.000069999999994,3478.0202200223935,0.0033429644559999938,1.5744725486579039,False,out_of_range,wide,64px_plus,32_64px
3730,52,0000359_02549_d_0000709.jpg,4,car,91.99991999999997,37.99984500000001,3495.9827000123996,0.0033602294309999997,2.4210604016937425,False,out_of_range,very_wide,64px_plus,32_64px
3731,52,0000359_02549_d_0000709.jpg,10,motor,23.0003200000001,48.99977999999999,1127.0106199296047,0.0010832474240000044,0.46939639320829823,False,out_of_range,very_tall,16_32px,32_64px
3732,52,0000359_02549_d_0000709.jpg,1,pedestrian,10.999680000000126,33.99966,373.98538010880424,0.0003594630720000041,0.32352323523235604,True,large_small,very_tall,8_16px,32_64px
3733,52,0000359_02549_d_0000709.jpg,4,car,31.99944000000005,22.999725,735.9783201540012,0.0007073993850000011,1.3912966350684648,True,large_small,wide,16_32px,16_32px
3734,53,0000360_00197_d_0000714.jpg,4,car,145.9994,75.99968999999999,11095.909140185999,0.010665041464999999,1.9210525727144419,False,out_of_range,wide,64px_plus,64px_plus
3735,53,0000360_00197_d_0000714.jpg,5,van,142.99991999999997,105.99993000000006,15157.981510005606,0.014569378614000006,1.349056739943129,False,out_of_range,wide,64px_plus,64px_plus
3736,53,0000360_00197_d_0000714.jpg,10,motor,54.000159999999994,35.00028000000003,1890.0207200448015,0.0018166289120000014,1.5428493714907408,False,out_of_range,wide,32_64px,32_64px
3737,53,0000360_00197_d_0000714.jpg,10,motor,29.000640000000033,63.00004499999994,1827.0416250288004,0.0017560953720000003,0.46032729024241265,False,out_of_range,very_tall,16_32px,32_64px
3738,53,0000360_00197_d_0000714.jpg,2,people,24.999520000000018,46.00021499999997,1149.9832948968,0.001105328042,0.5434652859774685,False,out_of_range,tall,16_32px,32_64px
3739,53,0000360_00197_d_0000714.jpg,1,pedestrian,21.99936000000008,41.000174999999956,901.9776098880023,0.0008669527200000023,0.536567465870575,True,large_small,tall,16_32px,32_64px
3740,53,0000360_00197_d_0000714.jpg,1,pedestrian,21.999360000000024,41.000174999999956,901.9776098880001,0.0008669527200000001,0.5365674658705737,True,large_small,tall,16_32px,32_64px
3741,53,0000360_00197_d_0000714.jpg,4,car,95.00008,42.00003000000001,3990.0062100024006,0.0038350694060000005,2.261905051020201,False,out_of_range,very_wide,64px_plus,32_64px
3742,53,0000360_00197_d_0000714.jpg,4,car,75.99951999999996,32.99980499999998,2507.969340093597,0.0024105818339999973,2.30302936638565,False,out_of_range,very_wide,64px_plus,32_64px
3743,53,0000360_00197_d_0000714.jpg,4,car,78.99967999999996,35.00028000000002,2765.0109199104,0.0026576421759999997,2.257115657360453,False,out_of_range,very_wide,64px_plus,32_64px
3744,53,0000360_00197_d_0000714.jpg,4,car,38.999360000000024,46.000215,1793.978944862401,0.001724316556000001,0.8478082113311868,False,out_of_range,near_square,32_64px,32_64px
3745,53,0000360_00197_d_0000714.jpg,4,car,48.99944000000005,37.99984500000002,1861.9711250868029,0.0017896685170000028,1.2894642070250555,False,out_of_range,near_square,32_64px,32_64px
3746,53,0000360_00197_d_0000714.jpg,4,car,31.99944000000005,35.00028000000003,1119.9893598432027,0.0010764988080000026,0.9142624001865134,False,out_of_range,near_square,16_32px,32_64px
3747,53,0000360_00197_d_0000714.jpg,4,car,44.00008000000014,42.00002999999998,1848.004680002405,0.0017762444060000048,1.0476202040808105,False,out_of_range,near_square,32_64px,32_64px
3748,53,0000360_00197_d_0000714.jpg,8,awning-tricycle,50.0003999999999,36.99999000000001,1850.014299995997,0.001778175989999997,1.3513625273952745,False,out_of_range,wide,32_64px,32_64px
3749,53,0000360_00197_d_0000714.jpg,4,car,43.000479999999925,26.999909999999986,1161.0090899567974,0.0011159256919999975,1.5926156790892987,False,out_of_range,wide,32_64px,16_32px
3750,53,0000360_00197_d_0000714.jpg,4,car,23.99992000000009,22.999725,551.9915600220021,0.000530557055000002,1.0434872590867972,True,large_small,near_square,16_32px,16_32px
3751,53,0000360_00197_d_0000714.jpg,1,pedestrian,9.000480000000039,26.00005499999999,234.0129750264009,0.00022492596600000086,0.3461715754062844,True,small,very_tall,8_16px,16_32px
3752,53,0000360_00197_d_0000714.jpg,4,car,27.00007999999991,25.00020000000001,675.0074000159981,0.0006487960399999982,1.0799945600435157,True,large_small,near_square,16_32px,16_32px
3753,53,0000360_00197_d_0000714.jpg,4,car,30.000239999999962,31.999950000000005,960.006179987999,0.000922727969999999,0.9375089648577563,True,large_small,near_square,16_32px,16_32px
3754,53,0000360_00197_d_0000714.jpg,4,car,26.000479999999925,24.000344999999996,624.0204901655981,0.0005997890139999981,1.0833377603530254,True,large_small,near_square,16_32px,16_32px
3755,53,0000360_00197_d_0000714.jpg,4,car,24.99951999999996,17.999685,449.9834851511993,0.00043251007799999935,1.3888865277364555,True,large_small,wide,16_32px,16_32px
3756,53,0000360_00197_d_0000714.jpg,2,people,6.000320000000102,17.999685,108.00386989920183,0.00010380994800000176,0.33335694485765177,True,small,very_tall,0_8px,16_32px
3757,53,0000360_00197_d_0000714.jpg,10,motor,9.000479999999925,16.999829999999992,153.00662991839866,0.00014706519599999872,0.5294452944529403,True,small,tall,8_16px,16_32px
3758,53,0000360_00197_d_0000714.jpg,3,bicycle,3.9997600000000375,16.999829999999992,67.99524004080061,6.535490200000058e-05,0.23528235282353055,True,small,very_tall,0_8px,16_32px
3759,53,0000360_00197_d_0000714.jpg,4,car,37.999759999999924,15.00012,570.0009599711989,0.0005478671279999989,2.5332970669567927,True,large_small,very_wide,32_64px,8_16px
3760,53,0000360_00197_d_0000714.jpg,2,people,9.000480000000039,15.000119999999999,135.00828005760056,0.00012976574400000053,0.6000271997824044,True,small,tall,8_16px,8_16px
3761,53,0000360_00197_d_0000714.jpg,10,motor,6.000319999999874,15.00012,90.00552003839812,8.651049599999819e-05,0.4000181331882594,True,small,very_tall,0_8px,8_16px
3762,53,0000360_00197_d_0000714.jpg,2,people,7.999520000000075,24.00034500000001,191.99123983440188,0.0001845359860000018,0.3333085420230447,True,small,very_tall,0_8px,16_32px
3763,53,0000360_00197_d_0000714.jpg,3,bicycle,4.999360000000024,21.000015000000005,104.98663499040053,0.00010090987600000052,0.23806459185862597,True,small,very_tall,0_8px,16_32px
3764,53,0000360_00197_d_0000714.jpg,4,car,60.00048000000004,26.000055000000017,1560.0157800264021,0.0014994384660000021,2.3077058875452376,False,out_of_range,very_wide,32_64px,16_32px
3765,53,0000360_00197_d_0000714.jpg,4,car,57.00031999999999,70.99964999999992,4047.0027698879944,0.0038898527199999946,0.8028253660405376,False,out_of_range,near_square,32_64px,64px_plus
3766,53,0000360_00197_d_0000714.jpg,4,car,74.00031999999987,101.99974499999996,7548.013769918384,0.007254915195999985,0.7254951470712,False,out_of_range,tall,64px_plus,64px_plus
3767,53,0000360_00197_d_0000714.jpg,4,car,63.000639999999976,93.00028500000002,5859.077475182399,0.005631562355999999,0.677424160581873,False,out_of_range,tall,32_64px,64px_plus
3768,53,0000360_00197_d_0000714.jpg,4,car,71.00015999999994,59.99971500000001,4259.9893649543965,0.004094568785999997,1.183341620872698,False,out_of_range,near_square,64px_plus,32_64px
3769,53,0000360_00197_d_0000714.jpg,2,people,16.999999999999886,30.00024000000002,510.0040799999969,0.0004901999999999971,0.5666621333695956,True,large_small,tall,16_32px,16_32px
3770,53,0000360_00197_d_0000714.jpg,7,tricycle,23.0003200000001,30.000240000000034,690.0151200768038,0.0006632209920000037,0.7666711999637361,True,large_small,near_square,16_32px,16_32px
3771,53,0000360_00197_d_0000714.jpg,2,people,13.999840000000063,27.999764999999996,391.9922300376017,0.00037677069400000163,0.4999984821301202,True,large_small,very_tall,8_16px,16_32px
3772,53,0000360_00197_d_0000714.jpg,4,car,44.99968000000001,47.99992500000002,2159.9812650240015,0.0020761065600000015,0.9374947981689553,False,out_of_range,near_square,32_64px,32_64px
3773,53,0000360_00197_d_0000714.jpg,2,people,19.00055999999995,36.999990000000025,703.0205299943987,0.0006757213859999987,0.5135287874402111,True,large_small,tall,16_32px,32_64px
3774,53,0000360_00197_d_0000714.jpg,3,bicycle,17.0,42.00002999999998,714.0005099999996,0.0006862749999999996,0.4047616156464652,True,large_small,very_tall,16_32px,32_64px
3775,53,0000360_00197_d_0000714.jpg,2,people,20.000159999999994,41.000174999999956,820.0100600279989,0.0007881680699999989,0.48780669838604385,True,large_small,very_tall,16_32px,32_64px
3776,53,0000360_00197_d_0000714.jpg,2,people,16.999999999999943,32.99980499999998,560.9966849999978,0.0005392124999999979,0.5151545592466366,True,large_small,tall,16_32px,32_64px
3777,53,0000360_00197_d_0000714.jpg,2,people,13.000239999999962,24.00034500000004,312.0102450827996,0.00029989450699999964,0.5416688801765117,True,large_small,tall,8_16px,16_32px
3778,53,0000360_00197_d_0000714.jpg,2,people,14.999439999999936,36.00013499999994,539.9818649243969,0.000519013710999997,0.41664954867530246,True,large_small,very_tall,8_16px,32_64px
3779,53,0000360_00197_d_0000714.jpg,2,people,20.000160000000164,43.99973999999992,880.0018399584056,0.0008458302960000054,0.4545517768968681,True,large_small,very_tall,16_32px,32_64px
3780,53,0000360_00197_d_0000714.jpg,10,motor,14.999439999999993,36.00013499999994,539.9818649243989,0.0005190137109999989,0.416649548675304,True,large_small,very_tall,8_16px,32_64px
3781,53,0000360_00197_d_0000714.jpg,10,motor,17.999599999999987,22.999725000000012,413.9858501099999,0.0003979102749999999,0.7826006615296477,True,large_small,near_square,16_32px,16_32px
3782,53,0000360_00197_d_0000714.jpg,10,motor,19.000560000000007,37.99984499999999,722.0183349132002,0.0006939814830000002,0.5000167763842197,True,large_small,tall,16_32px,32_64px
3783,53,0000360_00197_d_0000714.jpg,3,bicycle,13.999840000000063,41.00017500000007,573.9958899720035,0.0005517069300000033,0.34145805475220625,True,large_small,very_tall,8_16px,32_64px
3784,53,0000360_00197_d_0000714.jpg,7,tricycle,71.00016,58.00000499999999,4118.009635000799,0.003958102301999999,1.224140584125812,False,out_of_range,near_square,64px_plus,32_64px
3785,53,0000360_00197_d_0000714.jpg,7,tricycle,50.0003999999999,33.99965999999999,1699.9965998639962,0.0016339836599999964,1.470614706147059,False,out_of_range,wide,32_64px,32_64px
3786,53,0000360_00197_d_0000714.jpg,2,people,7.999520000000075,25.000199999999992,199.9895999040018,0.00019222376000000173,0.3199782401740817,True,small,very_tall,0_8px,16_32px
3787,53,0000360_00197_d_0000714.jpg,1,pedestrian,14.99944000000005,25.000199999999992,374.9889998880011,0.00036042772000000105,0.5999728002176005,True,large_small,tall,8_16px,16_32px
3788,53,0000360_00197_d_0000714.jpg,4,car,80.00063999999998,36.000135,2880.0338400863993,0.002768198615999999,2.2222316666312496,False,out_of_range,very_wide,64px_plus,32_64px
3789,53,0000360_00197_d_0000714.jpg,2,people,23.0003200000001,20.000159999999994,460.0100800512019,0.00044214732800000183,1.1500067999456058,True,large_small,near_square,16_32px,16_32px
3790,53,0000360_00197_d_0000714.jpg,8,awning-tricycle,95.0000799999998,42.99988500000002,4084.992514990793,0.003926367276999993,2.2093100946665265,False,out_of_range,very_wide,64px_plus,32_64px
3791,53,0000360_00197_d_0000714.jpg,10,motor,20.00016000000005,24.00034499999998,480.01074005520087,0.00046137133800000084,0.8333280209097021,True,large_small,near_square,16_32px,16_32px
3792,53,0000360_00197_d_0000714.jpg,10,motor,13.000240000000304,25.000199999999992,325.0086000480075,0.0003123881200000072,0.5200054399564926,True,large_small,tall,8_16px,16_32px
3793,53,0000360_00197_d_0000714.jpg,10,motor,16.0003999999999,20.000159999999994,320.0105600639979,0.00030758415999999797,0.8000135998911961,True,large_small,near_square,16_32px,16_32px
3794,53,0000360_00197_d_0000714.jpg,10,motor,16.000400000000127,21.000015000000005,336.00864000600274,0.0003229610150000026,0.7619232652929117,True,large_small,near_square,16_32px,16_32px
3795,53,0000360_00197_d_0000714.jpg,3,bicycle,13.000240000000076,19.000304999999997,247.0085250732014,0.00023741688300000136,0.684212174488782,True,small,tall,8_16px,16_32px
3796,53,0000360_00197_d_0000714.jpg,10,motor,23.999919999999975,15.00012000000001,360.00167999039985,0.0003460223759999999,1.5999818668117294,True,large_small,wide,16_32px,8_16px
3797,53,0000360_00197_d_0000714.jpg,4,car,31.999439999999822,28.999619999999993,927.9716002127947,0.0008919373319999949,1.103443424431073,True,large_small,near_square,16_32px,16_32px
3798,53,0000360_00197_d_0000714.jpg,10,motor,34.00000000000006,21.00001500000002,714.0005100000019,0.0006862750000000018,1.6190464625858614,True,large_small,wide,32_64px,16_32px
3799,53,0000360_00197_d_0000714.jpg,2,people,13.999840000000063,26.000055000000003,363.9966099912017,0.0003498621780000016,0.5384542455775598,True,large_small,tall,8_16px,16_32px
3800,53,0000360_00197_d_0000714.jpg,2,people,6.999919999999975,15.000120000000017,104.99963999039974,0.00010092237599999975,0.46665760007253054,True,small,very_tall,0_8px,8_16px
3801,53,0000360_00197_d_0000714.jpg,3,bicycle,6.999919999999975,20.000159999999994,139.99951998719945,0.00013456316799999947,0.3499932000543984,True,small,very_tall,0_8px,16_32px
3802,53,0000360_00197_d_0000714.jpg,2,people,7.999520000000075,17.999684999999985,143.98884015120123,0.00013839757800000117,0.44442555522499877,True,small,very_tall,0_8px,16_32px
3803,53,0000360_00197_d_0000714.jpg,2,people,7.999520000000075,17.999685,143.98884015120134,0.0001383975780000013,0.4444255552249984,True,small,very_tall,0_8px,16_32px
3804,53,0000360_00197_d_0000714.jpg,10,motor,7.999520000000075,16.999830000000003,135.9904800816013,0.00013070980400000124,0.4705647056470608,True,small,very_tall,0_8px,16_32px
3805,53,0000360_00197_d_0000714.jpg,10,motor,6.999919999999975,20.000160000000008,139.99951998719956,0.00013456316799999958,0.34999320005439816,True,small,very_tall,0_8px,16_32px
3806,53,0000360_00197_d_0000714.jpg,5,van,29.000640000000033,32.99980500000001,957.0154648752014,0.0009198533880000013,0.8788124657100254,True,large_small,near_square,16_32px,32_64px
3807,53,0000360_00197_d_0000714.jpg,4,car,64.99983999999995,26.00005500000001,1689.9994149911993,0.0016243746779999993,2.4999885577165095,False,out_of_range,very_wide,64px_plus,16_32px
3808,53,0000360_00197_d_0000714.jpg,4,car,58.99951999999996,28.99962,1710.9636601823988,0.0016445248559999988,2.0344928657685846,False,out_of_range,very_wide,32_64px,16_32px
3809,53,0000360_00197_d_0000714.jpg,4,car,68.00000000000011,21.99987,1495.9911600000025,0.0014379000000000024,3.090927355479833,False,out_of_range,very_wide,64px_plus,16_32px
3810,53,0000360_00197_d_0000714.jpg,4,car,51.9996000000001,21.999870000000005,1143.9844400520024,0.0010995621300000022,2.3636321487354284,False,out_of_range,very_wide,32_64px,16_32px
3811,53,0000360_00197_d_0000714.jpg,7,tricycle,50.0003999999999,32.999804999999995,1650.0034499219964,0.0015859318049999966,1.5151725896562087,False,out_of_range,wide,32_64px,32_64px
3812,53,0000360_00197_d_0000714.jpg,10,motor,23.99991999999986,19.00030500000001,456.00579997559765,0.00043829853899999773,1.2631334075952911,True,large_small,near_square,16_32px,16_32px
3813,54,0000360_03333_d_0000730.jpg,5,van,67.00039999999996,106.99978500000003,7169.0283949139975,0.006890646284999998,0.6261732208153497,False,out_of_range,tall,64px_plus,64px_plus
3814,54,0000360_03333_d_0000730.jpg,4,car,84.00039999999996,137.00002499999994,11508.05690000999,0.01106118502499999,0.6131414939522821,False,out_of_range,tall,64px_plus,64px_plus
3815,54,0000360_03333_d_0000730.jpg,2,people,23.000319999999988,53.99982000000011,1242.013139942402,0.0011937842560000018,0.42593327162942285,False,out_of_range,very_tall,16_32px,32_64px
3816,54,0000360_03333_d_0000730.jpg,10,motor,24.99951999999996,52.00011000000001,1299.977789947198,0.0012494980679999981,0.4807589830098428,False,out_of_range,very_tall,16_32px,32_64px
3817,54,0000360_03333_d_0000730.jpg,5,van,98.00024000000008,144.99963000000002,14209.998539911214,0.013658206978000013,0.675865448760111,False,out_of_range,tall,64px_plus,64px_plus
3818,54,0000360_03333_d_0000730.jpg,4,car,112.00007999999991,79.00001999999995,8848.008560001588,0.008504429603999988,1.4177221727285636,False,out_of_range,wide,64px_plus,64px_plus
3819,54,0000360_03333_d_0000730.jpg,4,car,136.0000000000001,114.00029999999998,15504.04080000001,0.014902000000000009,1.1929793167210976,False,out_of_range,near_square,64px_plus,64px_plus
3820,54,0000360_03333_d_0000730.jpg,4,car,241.00016000000005,94.99999500000001,22895.013994999208,0.022005972698000007,2.5368439229917854,False,out_of_range,very_wide,64px_plus,64px_plus
3821,54,0000360_03333_d_0000730.jpg,6,truck,78.00008000000003,100.00003500000003,7800.010730002805,0.007497126807000005,0.7800005269998156,False,out_of_range,near_square,64px_plus,64px_plus
3822,54,0000360_03333_d_0000730.jpg,5,van,54.999759999999924,89.999955,4949.975925010793,0.004757762326999993,0.6111087499988186,False,out_of_range,tall,32_64px,64px_plus
3823,54,0000360_03333_d_0000730.jpg,2,people,13.999840000000063,31.000094999999988,433.9963699848018,0.0004171437620000017,0.45160635798051807,True,large_small,very_tall,8_16px,16_32px
3824,54,0000360_03333_d_0000730.jpg,2,people,19.00055999999995,31.999950000000013,608.0169699719986,0.0005844069299999987,0.5937684277631666,True,large_small,tall,16_32px,16_32px
3825,54,0000360_03333_d_0000730.jpg,2,people,21.999360000000024,36.000135,791.9799299136009,0.0007612263840000009,0.6110910417419275,True,large_small,tall,16_32px,32_64px
3826,54,0000360_03333_d_0000730.jpg,10,motor,17.999600000000214,37.99984499999999,683.982010062008,0.0006574221550000077,0.4736756163084407,True,large_small,very_tall,16_32px,32_64px
3827,54,0000360_03333_d_0000730.jpg,10,motor,20.000160000000164,33.999660000000006,679.9986399456058,0.0006535934640000056,0.5882458824588294,True,large_small,tall,16_32px,32_64px
3828,54,0000360_03333_d_0000730.jpg,10,motor,19.00055999999995,32.99980499999998,627.014774890798,0.000602667026999998,0.5757779477787811,True,large_small,tall,16_32px,32_64px
3829,54,0000360_03333_d_0000730.jpg,1,pedestrian,13.00024000000019,38.99970000000002,507.00545992800767,0.00048731782000000737,0.33334205134911765,True,large_small,very_tall,8_16px,32_64px
3830,54,0000360_03333_d_0000730.jpg,1,pedestrian,16.999999999999886,32.99980499999998,560.996684999996,0.0005392124999999961,0.5151545592466348,True,large_small,tall,16_32px,32_64px
3831,54,0000360_03333_d_0000730.jpg,3,bicycle,16.000400000000013,31.99995000000004,512.0119999800011,0.000492129950000001,0.5000132812707517,True,large_small,tall,16_32px,16_32px
3832,54,0000360_03333_d_0000730.jpg,2,people,13.00024000000019,24.00034499999998,312.0102450828043,0.00029989450700000414,0.5416688801765225,True,large_small,tall,8_16px,16_32px
3833,54,0000360_03333_d_0000730.jpg,2,people,14.999439999999936,32.99980499999998,494.9785951091976,0.00047575797299999773,0.45453117071449195,True,large_small,very_tall,8_16px,32_64px
3834,54,0000360_03333_d_0000730.jpg,2,people,12.000639999999976,24.00034499999998,288.0195002207992,0.00027683535199999926,0.5000194788866571,True,large_small,tall,8_16px,16_32px
3835,54,0000360_03333_d_0000730.jpg,10,motor,14.999439999999936,31.99995000000004,479.9813300279986,0.00046134306999999865,0.468733232395673,True,large_small,very_tall,8_16px,16_32px
3836,54,0000360_03333_d_0000730.jpg,10,motor,13.00024000000019,26.000054999999975,338.0069550132046,0.00032488173300000445,0.5000081730596417,True,large_small,tall,8_16px,16_32px
3837,54,0000360_03333_d_0000730.jpg,4,car,40.99991999999986,35.000280000000004,1435.0086799775952,0.0013792855439999953,1.1714169143789666,False,out_of_range,near_square,32_64px,32_64px
3838,54,0000360_03333_d_0000730.jpg,5,van,36.00055999999995,35.00028000000003,1260.0296801567995,0.0012111011919999995,1.0285791999378266,False,out_of_range,near_square,32_64px,32_64px
3839,54,0000360_03333_d_0000730.jpg,4,car,30.000239999999962,27.999764999999996,839.9996699435989,0.000807381458999999,1.071446135351492,True,large_small,near_square,16_32px,16_32px
3840,54,0000360_03333_d_0000730.jpg,5,van,27.999680000000012,25.000200000000014,699.9975999360007,0.0006728158400000007,1.1199782401740785,True,large_small,near_square,16_32px,16_32px
3841,54,0000360_03333_d_0000730.jpg,4,car,30.000240000000076,21.99987,660.0013799688018,0.0006343727220000017,1.3636553306905939,True,large_small,wide,16_32px,16_32px
3842,54,0000360_03333_d_0000730.jpg,4,car,21.99935999999991,21.99987,483.98306008319804,0.0004651894079999981,0.9999768180448297,True,large_small,near_square,16_32px,16_32px
3843,54,0000360_03333_d_0000730.jpg,4,car,60.00048000000004,30.000240000000005,1800.0288001152014,0.0017301314880000013,2.000000000000001,False,out_of_range,very_wide,32_64px,16_32px
3844,54,0000360_03333_d_0000730.jpg,4,car,24.99951999999996,26.000055000000007,649.9888949735991,0.0006247490339999992,0.9615179660196855,True,large_small,near_square,16_32px,16_32px
3845,54,0000360_03333_d_0000730.jpg,4,car,26.000479999999925,22.999725,598.0038898679983,0.0005747826699999983,1.1304691686531,True,large_small,near_square,16_32px,16_32px
3846,54,0000360_03333_d_0000730.jpg,4,car,30.000240000000076,30.00023999999999,900.014400057602,0.0008650657440000018,1.0000000000000029,True,large_small,near_square,16_32px,16_32px
3847,54,0000360_03333_d_0000730.jpg,5,van,47.00024000000002,53.99981999999997,2538.0044999568,0.002439450692,0.8703777160738693,False,out_of_range,near_square,32_64px,32_64px
3848,54,0000360_03333_d_0000730.jpg,4,car,30.99983999999995,33.99965999999999,1053.9840200543981,0.001013056535999998,0.9117691176911756,False,out_of_range,near_square,16_32px,32_64px
3849,54,0000360_03333_d_0000730.jpg,4,car,26.000479999999925,26.000054999999996,676.013910026398,0.0006497634659999981,1.000016346119265,True,large_small,near_square,16_32px,16_32px
3850,54,0000360_03333_d_0000730.jpg,4,car,27.999680000000126,27.999764999999996,783.9844600752034,0.0007535413880000033,0.9999969642602404,True,large_small,near_square,16_32px,16_32px
3851,54,0000360_03333_d_0000730.jpg,4,car,23.99991999999986,21.99987,527.9951200103969,0.000507492425999997,1.0909119008430441,True,large_small,near_square,16_32px,16_32px
3852,54,0000360_03333_d_0000730.jpg,4,car,29.000639999999976,22.999724999999998,667.0067448239994,0.0006411060599999994,1.260912467431675,True,large_small,near_square,16_32px,16_32px
3853,54,0000360_03333_d_0000730.jpg,5,van,26.00048000000004,22.999724999999998,598.0038898680008,0.0005747826700000007,1.1304691686531052,True,large_small,near_square,16_32px,16_32px
3854,54,0000360_03333_d_0000730.jpg,5,van,21.999360000000024,21.999869999999994,483.9830600832004,0.0004651894080000004,0.9999768180448353,True,large_small,near_square,16_32px,16_32px
3855,54,0000360_03333_d_0000730.jpg,5,van,34.0,17.999685,611.98929,0.000588225,1.8889219450229269,True,large_small,wide,32_64px,16_32px
3856,54,0000360_03333_d_0000730.jpg,1,pedestrian,7.999520000000075,20.00016,159.9916799232015,0.00015377900800000145,0.399972800217602,True,small,very_tall,0_8px,16_32px
3857,54,0000360_03333_d_0000730.jpg,1,pedestrian,6.000319999999988,16.99983,102.00441994559979,9.80434639999998e-05,0.35296352963529565,True,small,very_tall,0_8px,16_32px
3858,54,0000360_03333_d_0000730.jpg,2,people,7.999520000000075,16.99983,135.99048008160128,0.00013070980400000122,0.4705647056470609,True,small,very_tall,0_8px,16_32px
3859,54,0000360_03333_d_0000730.jpg,10,motor,9.000480000000039,12.999645000000001,117.00304482960051,0.0001124596740000005,0.6923635222346486,True,small,tall,8_16px,8_16px
3860,54,0000360_03333_d_0000730.jpg,2,people,6.000319999999988,10.00008,60.003680025599884,5.767366399999989e-05,0.6000271997824005,True,very_small,tall,0_8px,8_16px
3861,54,0000360_03333_d_0000730.jpg,10,motor,9.000479999999925,10.999934999999999,99.00469496879917,9.51602219999992e-05,0.8182302895426132,True,small,near_square,8_16px,8_16px
3862,54,0000360_03333_d_0000730.jpg,7,tricycle,40.99992000000003,26.999909999999993,1106.9941500072005,0.0010640082180000004,1.518520617290948,False,out_of_range,wide,32_64px,16_32px
3863,54,0000360_03333_d_0000730.jpg,5,van,57.999919999999975,27.999764999999996,1623.984130018799,0.0015609228469999992,2.071443099611728,False,out_of_range,very_wide,32_64px,16_32px
3864,54,0000360_03333_d_0000730.jpg,4,car,27.99968000000007,48.99977999999999,1371.978160070403,0.0013187025760000028,0.5714246063961935,False,out_of_range,tall,16_32px,32_64px
3865,54,0000360_03333_d_0000730.jpg,1,pedestrian,20.999759999999952,56.00029499999994,1175.992754929196,0.0011303275229999962,0.374993738872268,False,out_of_range,very_tall,16_32px,32_64px
3866,54,0000360_03333_d_0000730.jpg,2,people,23.000319999999988,28.99962000000005,667.0005398784008,0.0006411000960000007,0.7931248754294004,True,large_small,near_square,16_32px,16_32px
3867,54,0000360_03333_d_0000730.jpg,2,people,23.99992000000006,26.000054999999975,623.999239995601,0.000599768589000001,0.923071893501767,True,large_small,near_square,16_32px,16_32px
3868,54,0000360_03333_d_0000730.jpg,4,car,77.99940000000015,36.00013499999997,2807.988929919003,0.002698951297500003,2.1666418750929743,False,out_of_range,very_wide,64px_plus,32_64px
3869,55,0000364_00589_d_0000798.jpg,6,truck,161.9999999999999,96.00011999999998,15552.019439999985,0.030000037499999972,1.6874978906276359,False,out_of_range,wide,64px_plus,64px_plus
3870,55,0000364_00589_d_0000798.jpg,10,motor,46.99968000000001,49.999949999999956,2349.9816500159986,0.004533143614999997,0.9399945399945411,False,out_of_range,near_square,32_64px,32_64px
3871,55,0000364_00589_d_0000798.jpg,1,pedestrian,19.999680000000126,38.99987999999996,779.9851200384041,0.001504600926000008,0.5128138855811901,True,large_small,tall,16_32px,32_64px
3872,55,0000364_00589_d_0000798.jpg,1,pedestrian,21.000000000000114,38.99988000000002,818.9974800000048,0.0015798562500000091,0.5384631952713728,True,large_small,tall,16_32px,32_64px
3873,55,0000364_00589_d_0000798.jpg,7,tricycle,81.00000000000011,37.000260000000026,2997.0210600000064,0.005781290625000012,2.1891738058056904,False,out_of_range,very_wide,64px_plus,32_64px
3874,55,0000364_00589_d_0000798.jpg,7,tricycle,84.0,31.999859999999956,2687.988239999996,0.005185162499999992,2.625011484425248,False,out_of_range,very_wide,64px_plus,16_32px
3875,55,0000364_00589_d_0000798.jpg,2,people,15.0,35.00010000000009,525.0015000000013,0.0010127343750000026,0.4285702040851301,True,large_small,very_tall,8_16px,32_64px
3876,55,0000364_00589_d_0000798.jpg,3,bicycle,11.999999999999886,31.999859999999956,383.99831999999583,0.0007407374999999919,0.3750016406321747,True,large_small,very_tall,8_16px,16_32px
3877,55,0000364_00589_d_0000798.jpg,2,people,16.99968000000007,29.000159999999994,492.9934399488019,0.0009509904320000037,0.5861926279027451,True,large_small,tall,16_32px,16_32px
3878,55,0000364_00589_d_0000798.jpg,10,motor,21.0,45.999900000000025,965.9979000000005,0.001863421875000001,0.45652273157115536,True,large_small,very_tall,16_32px,32_64px
3879,55,0000364_00589_d_0000798.jpg,2,people,10.999679999999955,18.999900000000025,208.99282003199943,0.0004031497299999989,0.5789335733345934,True,small,tall,8_16px,16_32px
3880,55,0000364_00589_d_0000798.jpg,2,people,7.999680000000069,16.99974000000003,135.99248008320143,0.00026233117300000276,0.4705766088187263,True,small,very_tall,0_8px,16_32px
3881,55,0000364_00589_d_0000798.jpg,2,people,7.000319999999988,12.999959999999987,91.00387998719975,0.00017554760799999951,0.5384878107317249,True,small,tall,0_8px,8_16px
3882,55,0000364_00589_d_0000798.jpg,7,tricycle,20.999999999999943,37.000260000000026,777.0054599999984,0.001498853124999997,0.5675635792829544,True,large_small,tall,16_32px,32_64px
3883,55,0000364_00589_d_0000798.jpg,1,pedestrian,11.999999999999943,43.00020000000006,516.0023999999983,0.0009953749999999967,0.27906846944897756,True,large_small,very_tall,8_16px,32_64px
3884,55,0000364_00589_d_0000798.jpg,8,awning-tricycle,43.00031999999993,56.00016000000005,2408.0248000511983,0.0046451095679999966,0.7678606632552459,False,out_of_range,near_square,32_64px,32_64px
3885,55,0000364_00589_d_0000798.jpg,2,people,15.0,42.00011999999998,630.0017999999998,0.0012152812499999996,0.35714183673760946,True,large_small,very_tall,8_16px,32_64px
3886,55,0000364_00589_d_0000798.jpg,7,tricycle,50.99999999999994,60.999750000000006,3110.987249999997,0.0060011328124999945,0.8360690002827871,False,out_of_range,near_square,32_64px,32_64px
3887,55,0000364_00589_d_0000798.jpg,6,truck,135.00000000000003,72.99990000000003,9854.986500000006,0.019010390625000012,1.8493176018049338,False,out_of_range,wide,64px_plus,64px_plus
3888,55,0000364_00589_d_0000798.jpg,8,awning-tricycle,82.99967999999998,55.000080000000025,4564.989039974401,0.008805920216000001,1.5090828958794231,False,out_of_range,wide,64px_plus,32_64px
3889,55,0000364_00589_d_0000798.jpg,8,awning-tricycle,67.00031999999999,37.000260000000026,2479.0292600832013,0.004782078048000003,1.8108067348715913,False,out_of_range,wide,64px_plus,32_64px
3890,55,0000364_00589_d_0000798.jpg,1,pedestrian,13.999680000000012,32.99993999999998,461.98860001920013,0.0008911817130000003,0.4242334986063617,True,large_small,very_tall,8_16px,32_64px
3891,55,0000364_00589_d_0000798.jpg,1,pedestrian,13.999680000000012,36.00018,503.99099994240044,0.0009722048610000008,0.3888780556097223,True,large_small,very_tall,8_16px,32_64px
3892,55,0000364_00589_d_0000798.jpg,1,pedestrian,9.0,30.999779999999987,278.9980199999999,0.0005381906249999998,0.2903246410135815,True,large_small,very_tall,8_16px,16_32px
3893,55,0000364_00589_d_0000798.jpg,2,people,15.0,23.999759999999924,359.99639999999886,0.0006944374999999978,0.6250062500625027,True,large_small,tall,8_16px,16_32px
3894,55,0000364_00589_d_0000798.jpg,3,bicycle,34.99968000000001,23.00022000000007,805.0003399296028,0.0015528555940000053,1.5217106618980125,True,large_small,wide,32_64px,16_32px
3895,55,0000364_00589_d_0000798.jpg,7,tricycle,22.999680000000012,36.00018000000006,827.9926199424018,0.0015972079860000034,0.6388768056159713,True,large_small,tall,16_32px,32_64px
3896,55,0000364_00589_d_0000798.jpg,2,people,11.999999999999943,18.999900000000025,227.99879999999922,0.0004398124999999985,0.6315822714856356,True,small,tall,8_16px,16_32px
3897,55,0000364_00589_d_0000798.jpg,6,truck,40.000320000000045,30.00024000000002,1200.019200076802,0.0023148518520000037,1.333333333333334,False,out_of_range,wide,32_64px,16_32px
3898,55,0000364_00589_d_0000798.jpg,2,people,10.000320000000045,19.999979999999994,200.00619999360083,0.0003858144290000016,0.5000165000165024,True,small,tall,8_16px,16_32px
3899,55,0000364_00589_d_0000798.jpg,3,bicycle,9.000000000000057,18.999900000000025,170.9991000000013,0.0003298593750000025,0.47368670361423193,True,small,very_tall,8_16px,16_32px
3900,55,0000364_00589_d_0000798.jpg,7,tricycle,26.999999999999943,32.99994000000001,890.9983799999984,0.0017187468749999969,0.8181833057878267,True,large_small,near_square,16_32px,32_64px
3901,55,0000364_00589_d_0000798.jpg,8,awning-tricycle,25.000319999999988,24.999840000000006,625.0039999487999,0.0012056404319999998,1.00001920012288,True,large_small,near_square,16_32px,16_32px
3902,55,0000364_00589_d_0000798.jpg,10,motor,16.000319999999988,24.999840000000006,400.0054399487998,0.0007716154319999996,0.6400168961081345,True,large_small,tall,16_32px,16_32px
3903,55,0000364_00589_d_0000798.jpg,1,pedestrian,7.999679999999898,22.000139999999988,175.99407995519766,0.0003394947529999955,0.36361950423951406,True,small,very_tall,0_8px,16_32px
3904,55,0000364_00589_d_0000798.jpg,1,pedestrian,7.999679999999898,15.000119999999981,119.99615996159832,0.00023147407399999676,0.5333077335381256,True,small,tall,0_8px,8_16px
3905,55,0000364_00589_d_0000798.jpg,2,people,16.000319999999988,17.999820000000057,288.0028799424007,0.0005555611110000013,0.8889155558222214,True,large_small,near_square,16_32px,16_32px
3906,55,0000364_00589_d_0000798.jpg,2,people,7.000320000000102,17.99982,126.00449994240182,0.0002430642360000035,0.38891055577223005,True,small,very_tall,0_8px,16_32px
3907,55,0000364_00589_d_0000798.jpg,7,tricycle,37.00031999999996,22.000140000000044,814.0122200448008,0.0015702396220000014,1.681822024768928,True,large_small,wide,32_64px,16_32px
3908,55,0000364_00589_d_0000798.jpg,10,motor,13.999680000000012,15.000119999999981,209.99687996159992,0.00040508657399999985,0.9333045335637334,True,small,near_square,8_16px,8_16px
3909,55,0000364_00589_d_0000798.jpg,10,motor,22.999679999999998,21.000059999999962,482.9946599807991,0.0009317026619999983,1.0952197279436364,True,large_small,near_square,16_32px,16_32px
3910,55,0000364_00589_d_0000798.jpg,10,motor,43.00032,24.99983999999995,1075.0011199487979,0.0020736904319999957,1.7200238081523758,False,out_of_range,wide,32_64px,16_32px
3911,55,0000364_00589_d_0000798.jpg,10,motor,43.000320000000016,31.999859999999956,1376.0042199551986,0.0026543291279999973,1.343765878975723,False,out_of_range,wide,32_64px,16_32px
3912,55,0000364_00589_d_0000798.jpg,10,motor,37.00032,22.000139999999988,814.0122200447996,0.0015702396219999992,1.6818220247689344,True,large_small,wide,32_64px,16_32px
3913,55,0000364_00589_d_0000798.jpg,10,motor,40.999680000000005,21.000059999999962,860.9957399807986,0.0016608714119999972,1.9523601361139005,True,large_small,wide,32_64px,16_32px
3914,55,0000364_00589_d_0000798.jpg,10,motor,7.999680000000012,14.000039999999984,111.99583998720004,0.00021604135800000007,0.5714040817026252,True,small,tall,0_8px,8_16px
3915,55,0000364_00589_d_0000798.jpg,10,motor,8.999999999999943,14.000039999999984,126.00035999999906,0.0002430562499999982,0.6428553061276935,True,small,tall,8_16px,8_16px
3916,55,0000364_00589_d_0000798.jpg,10,motor,5.999999999999943,10.999800000000022,65.9987999999995,0.00012731249999999904,0.54546446299023,True,small,tall,0_8px,8_16px
3917,55,0000364_00589_d_0000798.jpg,4,car,19.999680000000126,19.999979999999994,399.9932000064024,0.0007715918210000046,0.9999849999850066,True,large_small,near_square,16_32px,16_32px
3918,55,0000364_00589_d_0000798.jpg,6,truck,25.000319999999874,19.999979999999994,500.0058999935973,0.0009645175539999949,1.2500172500172442,True,large_small,near_square,16_32px,16_32px
3919,55,0000364_00589_d_0000798.jpg,7,tricycle,15.0,17.99981999999997,269.99729999999954,0.0005208281249999992,0.8333416667500022,True,large_small,near_square,8_16px,16_32px
3920,55,0000364_00589_d_0000798.jpg,1,pedestrian,7.999679999999955,17.99981999999997,143.99280005759897,0.000277763888999998,0.44443111097777466,True,small,very_tall,0_8px,16_32px
3921,55,0000364_00589_d_0000798.jpg,2,people,4.999680000000069,10.999800000000022,54.995480064000866,0.00010608696000000167,0.4545246277205094,True,very_small,very_tall,0_8px,8_16px
3922,55,0000364_00589_d_0000798.jpg,2,people,4.999680000000012,14.000039999999984,69.99571998720009,0.00013502260800000017,0.3571189796600594,True,small,very_tall,0_8px,8_16px
3923,55,0000364_00589_d_0000798.jpg,2,people,4.999679999999955,9.00018,44.9980199423996,8.680173599999923e-05,0.5555088898221986,True,very_small,tall,0_8px,8_16px
3924,55,0000364_00589_d_0000798.jpg,2,people,7.999680000000069,21.00005999999999,167.99375998080137,0.00032406203700000263,0.38093605446841927,True,small,very_tall,0_8px,16_32px
3925,55,0000364_00589_d_0000798.jpg,2,people,5.999999999999943,15.000119999999981,90.00071999999903,0.00017361249999999813,0.3999968000255965,True,small,very_tall,0_8px,8_16px
3926,55,0000364_00589_d_0000798.jpg,4,car,28.999680000000012,10.000259999999969,290.0043399167992,0.0005594219519999985,2.8998926027923377,True,large_small,very_wide,16_32px,8_16px
3927,55,0000364_00589_d_0000798.jpg,5,van,25.000319999999988,10.999800000000022,274.99851993600043,0.0005304755400000009,2.272797687230671,True,large_small,very_wide,16_32px,8_16px
3928,55,0000364_00589_d_0000798.jpg,4,car,28.000319999999988,12.999960000000016,364.0030399872003,0.0007021663580000006,2.1538773965458318,True,large_small,very_wide,16_32px,8_16px
3929,55,0000364_00589_d_0000798.jpg,4,car,33.0,12.999960000000016,428.9986800000005,0.0008275437500000009,2.538469349136456,True,large_small,very_wide,32_64px,8_16px
3930,55,0000364_00589_d_0000798.jpg,10,motor,16.000319999999988,24.999839999999978,400.00543994879934,0.0007716154319999987,0.6400168961081352,True,large_small,tall,16_32px,16_32px
